customerID,gender,SeniorCitizen,Partner,Dependents,tenure,PhoneService,MultipleLines,InternetService,OnlineSecurity,OnlineBackup,DeviceProtection,TechSupport,StreamingTV,StreamingMovies,Contract,PaperlessBilling,PaymentMethod,TotalCharges,Churn,AvgChargesPerMonth,MonthlyCharges
7590-VHVEG,0,0,1,0,1,0,0,DSL,0,1,0,0,0,0,Month-to-month,1,Electronic check,29.85,0,29.85,29.85
5575-GNVDE,1,0,0,0,34,1,0,DSL,1,0,1,0,0,0,One year,0,Mailed check,1889.5,0,55.57352941,56.95
3668-QPYBK,1,0,0,0,2,1,0,DSL,1,1,0,0,0,0,Month-to-month,1,Mailed check,108.15,1,54.075,53.85
7795-CFOCW,1,0,0,0,45,0,0,DSL,1,0,1,1,0,0,One year,0,Bank transfer (automatic),1840.75,0,40.90555556,42.3
9237-HQITU,0,0,0,0,2,1,0,Fiber optic,0,0,0,0,0,0,Month-to-month,1,Electronic check,151.65,1,75.825,70.7
9305-CDSKC,0,0,0,0,8,1,1,Fiber optic,0,0,1,0,1,1,Month-to-month,1,Electronic check,820.5,1,102.5625,99.65
1452-KIOVK,1,0,0,1,22,1,1,Fiber optic,0,1,0,0,1,0,Month-to-month,1,Credit card (automatic),1949.4,0,88.60909091,89.1
6713-OKOMC,0,0,0,0,10,0,0,DSL,1,0,0,0,0,0,Month-to-month,0,Mailed check,301.9,0,30.19,29.75
7892-POOKP,0,0,1,0,28,1,1,Fiber optic,0,0,1,1,1,1,Month-to-month,1,Electronic check,3046.05,1,108.7875,104.8
6388-TABGU,1,0,0,1,62,1,0,DSL,1,1,0,0,0,0,One year,0,Bank transfer (automatic),3487.95,0,56.25725806,56.15
9763-GRSKD,1,0,1,1,13,1,0,DSL,1,0,0,0,0,0,Month-to-month,1,Mailed check,587.45,0,45.18846154,49.95
7469-LKBCI,1,0,0,0,16,1,0,No,0,0,0,0,0,0,Two year,0,Credit card (automatic),326.8,0,20.425,18.95
8091-TTVAX,1,0,1,0,58,1,1,Fiber optic,0,0,1,0,1,1,One year,0,Credit card (automatic),5681.1,0,97.95,100.35
0280-XJGEX,1,0,0,0,49,1,1,Fiber optic,0,1,1,0,1,1,Month-to-month,1,Bank transfer (automatic),5036.3,1,102.7816327,103.7
5129-JLPIS,1,0,0,0,25,1,0,Fiber optic,1,0,1,1,1,1,Month-to-month,1,Electronic check,2686.05,0,107.442,105.5
3655-SNQYZ,0,0,1,1,69,1,1,Fiber optic,1,1,1,1,1,1,Two year,0,Credit card (automatic),7895.15,0,114.4224638,113.25
8191-XWSZG,0,0,0,0,52,1,0,No,0,0,0,0,0,0,One year,0,Mailed check,1022.95,0,19.67211538,20.65
9959-WOFKT,1,0,0,1,71,1,1,Fiber optic,1,0,1,0,1,1,Two year,0,Bank transfer (automatic),7382.25,0,103.9753521,106.7
4190-MFLUW,0,0,1,1,10,1,0,DSL,0,0,1,1,0,0,Month-to-month,0,Credit card (automatic),528.35,1,52.835,55.2
4183-MYFRB,0,0,0,0,21,1,0,Fiber optic,0,1,1,0,0,1,Month-to-month,1,Electronic check,1862.9,0,88.70952381,90.05
8779-QRDMV,1,1,0,0,1,0,0,DSL,0,0,1,0,0,1,Month-to-month,1,Electronic check,39.65,1,39.65,39.65
1680-VDCWW,1,0,1,0,12,1,0,No,0,0,0,0,0,0,One year,0,Bank transfer (automatic),202.25,0,16.85416667,19.8
1066-JKSGK,1,0,0,0,1,1,0,No,0,0,0,0,0,0,Month-to-month,0,Mailed check,20.15,1,20.15,20.15
3638-WEABW,0,0,1,0,58,1,1,DSL,0,1,0,1,0,0,Two year,1,Credit card (automatic),3505.1,0,60.43275862,59.9
6322-HRPFA,1,0,1,1,49,1,0,DSL,1,1,0,1,0,0,Month-to-month,0,Credit card (automatic),2970.3,0,60.61836735,59.6
6865-JZNKO,0,0,0,0,30,1,0,DSL,1,1,0,0,0,0,Month-to-month,1,Bank transfer (automatic),1530.6,0,51.02,55.3
6467-CHFZW,1,0,1,1,47,1,1,Fiber optic,0,1,0,0,1,1,Month-to-month,1,Electronic check,4749.15,1,101.0457447,99.35
8665-UTDHZ,1,0,1,1,1,0,0,DSL,0,1,0,0,0,0,Month-to-month,0,Electronic check,30.2,1,30.2,30.2
5248-YGIJN,1,0,1,0,72,1,1,DSL,1,1,1,1,1,1,Two year,1,Credit card (automatic),6369.45,0,88.46458333,90.25
8773-HHUOZ,0,0,0,1,17,1,0,DSL,0,0,0,0,1,1,Month-to-month,1,Mailed check,1093.1,1,64.3,64.7
3841-NFECX,0,1,1,0,71,1,1,Fiber optic,1,1,1,1,0,0,Two year,1,Credit card (automatic),6766.95,0,95.30915493,96.35
4929-XIHVW,1,1,1,0,2,1,0,Fiber optic,0,0,1,0,1,1,Month-to-month,1,Credit card (automatic),181.65,0,90.825,95.5
6827-IEAUQ,0,0,1,1,27,1,0,DSL,1,1,1,1,0,0,One year,0,Mailed check,1874.45,0,69.42407407,66.15
7310-EGVHZ,1,0,0,0,1,1,0,No,0,0,0,0,0,0,Month-to-month,0,Bank transfer (automatic),20.2,0,20.2,20.2
3413-BMNZE,1,1,0,0,1,1,0,DSL,0,0,0,0,0,0,Month-to-month,0,Bank transfer (automatic),45.25,0,45.25,45.25
6234-RAAPL,0,0,1,1,72,1,1,Fiber optic,1,1,0,1,1,0,Two year,0,Bank transfer (automatic),7251.7,0,100.7180556,99.9
6047-YHPVI,1,0,0,0,5,1,0,Fiber optic,0,0,0,0,0,0,Month-to-month,1,Electronic check,316.9,1,63.38,69.7
6572-ADKRS,0,0,0,0,46,1,0,Fiber optic,0,0,1,0,0,0,Month-to-month,1,Credit card (automatic),3548.3,0,77.13695652,74.8
5380-WJKOV,1,0,0,0,34,1,1,Fiber optic,0,1,1,0,1,1,Month-to-month,1,Electronic check,3549.25,1,104.3897059,106.35
8168-UQWWF,0,0,0,0,11,1,1,Fiber optic,0,0,1,0,1,1,Month-to-month,1,Bank transfer (automatic),1105.4,1,100.4909091,97.85
8865-TNMNX,1,0,1,1,10,1,0,DSL,0,1,0,0,0,0,One year,0,Mailed check,475.7,0,47.57,49.55
9489-DEDVP,0,0,1,1,70,1,1,DSL,1,1,0,0,1,0,Two year,1,Credit card (automatic),4872.35,0,69.605,69.2
9867-JCZSP,0,0,1,1,17,1,0,No,0,0,0,0,0,0,One year,0,Mailed check,418.25,0,24.60294118,20.75
4671-VJLCL,0,0,0,0,63,1,1,DSL,1,1,1,1,1,0,Two year,1,Credit card (automatic),4861.45,0,77.16587302,79.85
4080-IIARD,0,0,1,0,13,1,1,DSL,1,1,0,1,1,0,Month-to-month,1,Electronic check,981.45,0,75.49615385,76.2
3714-NTNFO,0,0,0,0,49,1,1,Fiber optic,0,0,0,0,0,1,Month-to-month,1,Electronic check,3906.7,0,79.72857143,84.5
5948-UJZLF,1,0,0,0,2,1,0,DSL,0,1,0,0,0,0,Month-to-month,0,Mailed check,97,0,48.5,49.25
7760-OYPDY,0,0,0,0,2,1,0,Fiber optic,0,0,0,0,1,0,Month-to-month,1,Electronic check,144.15,1,72.075,80.65
7639-LIAYI,1,0,0,0,52,1,1,DSL,1,0,0,1,1,1,Two year,1,Credit card (automatic),4217.8,0,81.11153846,79.75
2954-PIBKO,0,0,1,1,69,1,1,DSL,1,0,1,1,0,0,Two year,1,Credit card (automatic),4254.1,0,61.65362319,64.15
8012-SOUDQ,0,1,0,0,43,1,1,Fiber optic,0,1,0,0,1,0,Month-to-month,1,Electronic check,3838.75,0,89.27325581,90.25
9420-LOJKX,0,0,0,0,15,1,0,Fiber optic,1,1,0,0,1,1,Month-to-month,1,Credit card (automatic),1426.4,1,95.09333333,99.1
6575-SUVOI,0,1,1,0,25,1,1,DSL,1,0,0,1,1,0,Month-to-month,1,Credit card (automatic),1752.65,0,70.106,69.5
7495-OOKFY,0,1,1,0,8,1,1,Fiber optic,0,1,0,0,0,0,Month-to-month,1,Credit card (automatic),633.3,1,79.1625,80.65
4667-QONEA,0,1,1,1,60,1,0,DSL,1,1,1,1,0,1,One year,1,Credit card (automatic),4456.35,0,74.2725,74.85
1658-BYGOY,1,1,0,0,18,1,1,Fiber optic,0,0,0,0,1,1,Month-to-month,1,Electronic check,1752.55,1,97.36388889,95.45
8769-KKTPH,0,0,1,1,63,1,1,Fiber optic,1,0,0,0,1,1,One year,1,Credit card (automatic),6311.2,0,100.1777778,99.65
5067-XJQFU,1,1,1,1,66,1,1,Fiber optic,0,1,1,1,1,1,One year,1,Electronic check,7076.35,0,107.2174242,108.45
3957-SQXML,0,0,1,1,34,1,1,No,0,0,0,0,0,0,Two year,0,Credit card (automatic),894.3,0,26.30294118,24.95
5954-BDFSG,0,0,0,0,72,1,1,Fiber optic,0,0,1,1,1,1,Two year,1,Credit card (automatic),7853.7,0,109.0791667,107.5
0434-CSFON,0,0,1,0,47,1,1,Fiber optic,0,0,1,0,1,1,Month-to-month,1,Electronic check,4707.1,0,100.1510638,100.5
1215-FIGMP,1,0,0,0,60,1,1,Fiber optic,0,1,0,0,1,0,Month-to-month,1,Bank transfer (automatic),5450.7,0,90.845,89.9
0526-SXDJP,1,0,1,0,72,0,0,DSL,1,1,1,0,0,0,Two year,0,Bank transfer (automatic),2962,0,41.13888889,42.1
0557-ASKVU,0,0,1,1,18,1,0,DSL,0,0,1,1,0,0,One year,1,Credit card (automatic),957.1,0,53.17222222,54.4
5698-BQJOH,0,0,0,0,9,1,1,Fiber optic,0,0,0,0,1,1,Month-to-month,0,Electronic check,857.25,1,95.25,94.4
5122-CYFXA,0,0,0,0,3,1,0,DSL,0,1,0,1,1,1,Month-to-month,1,Electronic check,244.1,0,81.36666667,75.3
8627-ZYGSZ,1,0,1,0,47,1,1,Fiber optic,0,1,0,0,0,0,One year,1,Electronic check,3650.35,0,77.66702128,78.9
3410-YOQBQ,0,0,0,0,31,1,0,DSL,0,1,1,1,1,1,Two year,0,Mailed check,2497.2,0,80.55483871,79.2
3170-NMYVV,0,0,1,1,50,1,0,No,0,0,0,0,0,0,Two year,0,Bank transfer (automatic),930.9,0,18.618,20.15
7410-OIEDU,1,0,0,0,10,1,0,Fiber optic,1,0,1,0,0,0,Month-to-month,1,Mailed check,887.35,0,88.735,79.85
2273-QCKXA,1,0,0,0,1,1,0,DSL,0,0,0,1,0,0,Month-to-month,0,Mailed check,49.05,0,49.05,49.05
0731-EBJQB,0,0,1,1,52,1,0,No,0,0,0,0,0,0,One year,1,Electronic check,1090.65,0,20.97403846,20.4
1891-QRQSA,1,1,1,1,64,1,1,Fiber optic,1,0,1,1,1,1,Two year,1,Bank transfer (automatic),7099,0,110.921875,111.6
8028-PNXHQ,1,0,1,1,62,1,1,No,0,0,0,0,0,0,Two year,1,Bank transfer (automatic),1424.6,0,22.97741935,24.25
5630-AHZIL,0,0,0,1,3,1,0,DSL,1,0,0,1,0,1,Month-to-month,1,Bank transfer (automatic),177.4,0,59.13333333,64.5
2673-CXQEU,0,1,0,0,56,1,1,Fiber optic,1,1,1,0,1,1,One year,0,Electronic check,6139.5,0,109.6339286,110.5
6416-JNVRK,0,0,0,0,46,1,0,DSL,0,0,0,0,0,1,One year,0,Credit card (automatic),2688.85,0,58.45326087,55.65
5590-ZSKRV,0,0,1,1,8,1,0,DSL,1,1,0,0,0,0,Month-to-month,0,Mailed check,482.25,0,60.28125,54.65
0191-ZHSKZ,1,1,0,0,30,1,0,DSL,1,1,0,0,1,1,Month-to-month,1,Electronic check,2111.3,0,70.37666667,74.75
3887-PBQAO,0,0,1,1,45,1,1,No,0,0,0,0,0,0,One year,1,Credit card (automatic),1216.6,0,27.03555556,25.9
5919-TMRGD,0,0,0,1,1,1,0,Fiber optic,0,0,0,0,1,0,Month-to-month,1,Electronic check,79.35,1,79.35,79.35
8108-UXRQN,0,0,1,1,11,0,0,DSL,1,0,0,0,1,1,Month-to-month,0,Electronic check,565.35,0,51.39545455,50.55
9191-MYQKX,0,0,1,0,7,1,0,Fiber optic,0,0,1,0,0,0,Month-to-month,1,Bank transfer (automatic),496.9,1,70.98571429,75.15
9919-YLNNG,0,0,0,0,42,1,0,Fiber optic,0,1,1,1,1,1,Month-to-month,1,Bank transfer (automatic),4327.5,0,103.0357143,103.8
0318-ZOPWS,0,0,1,0,49,1,0,No,0,0,0,0,0,0,Two year,1,Bank transfer (automatic),973.35,0,19.86428571,20.15
4445-ZJNMU,1,0,0,0,9,1,1,Fiber optic,0,1,0,0,1,1,Month-to-month,1,Credit card (automatic),918.75,0,102.0833333,99.3
4808-YNLEU,0,0,1,0,35,1,0,DSL,1,0,0,0,1,0,One year,1,Bank transfer (automatic),2215.45,0,63.29857143,62.15
1862-QRWPE,0,0,1,1,48,1,0,No,0,0,0,0,0,0,Two year,0,Bank transfer (automatic),1057,0,22.02083333,20.65
2796-NNUFI,0,0,1,1,46,1,0,No,0,0,0,0,0,0,Two year,1,Mailed check,927.1,0,20.15434783,19.95
3016-KSVCP,1,0,1,0,29,0,0,DSL,0,0,0,0,1,0,Month-to-month,0,Mailed check,1009.25,0,34.80172414,33.75
4767-HZZHQ,1,0,1,1,30,1,0,Fiber optic,0,1,1,0,0,0,Month-to-month,0,Bank transfer (automatic),2570.2,0,85.67333333,82.05
2424-WVHPL,1,1,0,0,1,1,0,Fiber optic,0,0,0,1,0,0,Month-to-month,0,Electronic check,74.7,0,74.7,74.7
7233-PAHHL,1,0,1,1,66,1,1,DSL,1,0,1,1,1,1,Two year,1,Mailed check,5714.25,0,86.57954545,84
6067-NGCEU,0,0,0,0,65,1,1,Fiber optic,1,1,1,0,1,1,Month-to-month,1,Credit card (automatic),7107,0,109.3384615,111.05
9848-JQJTX,1,0,0,0,72,1,1,Fiber optic,0,1,1,0,1,1,Two year,1,Bank transfer (automatic),7459.05,0,103.5979167,100.9
8637-XJIVR,0,0,0,0,12,1,1,Fiber optic,1,0,0,0,0,0,Month-to-month,1,Electronic check,927.35,1,77.27916667,78.95
9803-FTJCG,1,0,1,1,71,1,1,DSL,1,1,0,1,0,0,One year,1,Credit card (automatic),4748.7,0,66.88309859,66.85
0278-YXOOG,1,0,0,0,5,1,0,No,0,0,0,0,0,0,Month-to-month,0,Mailed check,113.85,1,22.77,21.05
3212-KXOCR,1,0,0,0,52,1,0,No,0,0,0,0,0,0,Two year,0,Bank transfer (automatic),1107.2,0,21.29230769,21
4598-XLKNJ,0,1,1,0,25,1,0,Fiber optic,0,1,1,0,1,1,Month-to-month,1,Electronic check,2514.5,1,100.58,98.5
6380-ARCEH,1,0,0,0,1,1,0,No,0,0,0,0,0,0,Month-to-month,0,Mailed check,20.2,0,20.2,20.2
3679-XASPY,0,0,1,1,1,1,0,No,0,0,0,0,0,0,Month-to-month,0,Electronic check,19.45,0,19.45,19.45
7123-WQUHX,1,0,0,0,38,1,1,Fiber optic,0,0,1,1,1,0,One year,0,Bank transfer (automatic),3605.6,0,94.88421053,95
5386-THSLQ,0,1,1,0,66,0,0,DSL,0,1,1,0,1,0,One year,0,Bank transfer (automatic),3027.25,0,45.86742424,45.55
3192-NQECA,1,0,1,0,68,1,1,Fiber optic,0,1,1,1,1,1,Two year,1,Bank transfer (automatic),7611.85,1,111.9389706,110
6180-YBIQI,1,0,0,0,5,0,0,DSL,0,0,0,0,0,0,Month-to-month,0,Mailed check,100.2,0,20.04,24.3
6728-DKUCO,0,0,1,1,72,1,1,Fiber optic,1,1,0,0,1,1,One year,1,Electronic check,7303.05,0,101.43125,104.15
9750-BOOHV,0,0,0,0,32,0,0,DSL,1,0,0,0,0,0,One year,0,Mailed check,927.65,0,28.9890625,30.15
8597-CWYHH,1,0,0,0,43,1,1,Fiber optic,0,0,0,0,1,1,One year,0,Mailed check,3921.3,0,91.19302326,94.35
2848-YXSMW,1,0,1,1,72,1,0,No,0,0,0,0,0,0,Two year,0,Credit card (automatic),1363.25,0,18.93402778,19.4
0486-HECZI,1,0,1,0,55,1,1,Fiber optic,1,1,0,0,1,0,Month-to-month,1,Electronic check,5238.9,1,95.25272727,96.75
4549-ZDQYY,0,0,0,0,52,1,0,DSL,1,0,1,1,0,0,One year,0,Credit card (automatic),3042.25,0,58.50480769,57.95
5712-AHQNN,0,0,0,0,43,1,0,Fiber optic,0,1,1,0,1,0,Month-to-month,1,Electronic check,3954.1,0,91.95581395,91.65
4846-WHAFZ,0,1,1,0,37,1,1,Fiber optic,0,0,0,0,0,0,Month-to-month,1,Electronic check,2868.15,1,77.51756757,76.5
5256-SKJGO,0,0,1,1,64,0,0,DSL,0,1,0,1,1,1,Two year,1,Electronic check,3423.5,0,53.4921875,54.6
3071-VBYPO,1,0,1,1,3,1,0,Fiber optic,1,1,0,0,1,0,Month-to-month,0,Electronic check,248.4,0,82.8,89.85
9560-BBZXK,0,0,0,0,36,0,0,DSL,1,0,0,0,0,0,Two year,0,Bank transfer (automatic),1126.35,0,31.2875,31.05
5299-RULOA,0,0,1,1,10,1,1,Fiber optic,1,0,0,0,1,1,Month-to-month,1,Electronic check,1064.65,1,106.465,100.25
8402-OOOHJ,0,0,0,0,41,1,0,No,0,0,0,0,0,0,Two year,0,Mailed check,835.15,0,20.3695122,20.65
9445-ZUEQE,1,0,1,1,27,1,1,Fiber optic,0,1,0,1,0,0,Month-to-month,1,Credit card (automatic),2151.6,0,79.68888889,85.2
1091-SOZGA,0,0,1,1,56,1,1,Fiber optic,0,0,1,0,1,1,One year,1,Credit card (automatic),5515.45,0,98.49017857,99.8
2928-HLDBA,0,0,0,0,6,1,0,No,0,0,0,0,0,0,Month-to-month,0,Mailed check,112.75,0,18.79166667,20.7
0404-SWRVG,1,0,0,0,3,1,1,Fiber optic,0,0,0,0,0,0,Month-to-month,1,Electronic check,229.55,1,76.51666667,74.4
6497-TILVL,0,0,1,1,7,1,0,DSL,1,0,0,0,0,0,Month-to-month,0,Mailed check,350.35,0,50.05,50.7
7219-TLZHO,0,0,1,1,4,1,0,No,0,0,0,0,0,0,Month-to-month,0,Mailed check,62.9,0,15.725,20.85
4622-YNKIJ,1,0,0,0,33,1,0,Fiber optic,1,0,0,1,1,0,Two year,1,Electronic check,3027.65,0,91.7469697,88.95
4412-YLTKF,0,1,0,0,27,1,1,Fiber optic,0,0,1,0,0,0,Month-to-month,1,Electronic check,2135.5,1,79.09259259,78.05
6734-PSBAW,1,0,1,0,72,1,1,No,0,0,0,0,0,0,Two year,1,Bank transfer (automatic),1723.95,0,23.94375,23.55
3930-ZGWVE,1,0,0,0,1,1,0,No,0,0,0,0,0,0,Month-to-month,0,Mailed check,19.75,0,19.75,19.75
2639-UGMAZ,1,1,0,0,71,0,0,DSL,1,1,0,0,1,1,One year,1,Electronic check,3985.35,0,56.13169014,56.45
2876-GZYZC,0,0,0,0,13,1,1,Fiber optic,0,0,0,0,0,1,Month-to-month,1,Electronic check,1215.65,0,93.51153846,85.95
6207-WIOLX,0,0,1,1,25,0,0,DSL,1,1,1,0,1,1,Month-to-month,1,Credit card (automatic),1502.65,1,60.106,58.6
8587-XYZSF,1,0,0,0,67,1,0,DSL,0,0,0,1,0,0,Two year,0,Bank transfer (automatic),3260.1,0,48.65820896,50.55
3091-FYHKI,1,0,0,0,1,0,0,DSL,0,0,0,0,0,1,Month-to-month,1,Electronic check,35.45,1,35.45,35.45
2372-HWUHI,1,0,0,0,2,1,0,DSL,0,0,0,0,0,0,Month-to-month,0,Electronic check,81.25,1,40.625,44.35
7799-LGRDP,0,0,0,0,43,1,1,No,0,0,0,0,0,0,Two year,1,Credit card (automatic),1188.2,0,27.63255814,25.7
7850-VWJUU,0,0,0,0,23,1,0,Fiber optic,1,0,0,0,0,0,Month-to-month,1,Bank transfer (automatic),1778.5,0,77.32608696,75
3774-VBNXY,0,0,1,1,64,1,0,No,0,0,0,0,0,0,Two year,0,Mailed check,1277.75,0,19.96484375,20.2
6217-KDYWC,1,0,0,1,57,1,0,No,0,0,0,0,0,0,Two year,1,Mailed check,1170.55,0,20.53596491,19.6
0390-DCFDQ,0,1,1,0,1,1,0,Fiber optic,0,0,0,0,0,0,Month-to-month,1,Mailed check,70.45,1,70.45,70.45
3146-MSEGF,0,1,1,1,72,1,1,DSL,1,1,1,1,1,1,Two year,1,Credit card (automatic),6425.65,0,89.24513889,88.05
4080-OGPJL,0,0,0,0,8,1,1,DSL,1,0,0,1,0,1,Month-to-month,0,Electronic check,563.65,1,70.45625,71.15
1095-WGNGG,0,0,1,0,61,1,1,Fiber optic,0,1,0,0,1,1,Two year,1,Bank transfer (automatic),5971.25,0,97.88934426,101.05
2636-SJDOU,1,0,0,0,64,1,1,Fiber optic,1,1,0,0,0,0,One year,1,Credit card (automatic),5289.05,0,82.64140625,84.3
1131-QQZEB,1,1,1,0,71,1,1,No,0,0,0,0,0,0,Two year,0,Bank transfer (automatic),1756.2,0,24.73521127,23.95
5716-EZXZN,0,0,1,1,65,1,1,Fiber optic,1,1,0,1,1,0,Two year,1,Credit card (automatic),6416.7,0,98.71846154,99.05
6837-BJYDQ,1,0,0,0,3,1,0,No,0,0,0,0,0,0,One year,0,Mailed check,61.35,0,20.45,19.6
2135-RXIHG,1,0,0,0,1,1,0,DSL,0,0,0,0,0,0,Month-to-month,1,Electronic check,45.65,1,45.65,45.65
6440-DKQGE,1,0,0,1,30,1,0,DSL,0,1,1,0,1,0,One year,0,Credit card (automatic),1929.95,0,64.33166667,64.5
3466-BYAVD,1,0,1,1,15,1,0,DSL,0,1,1,1,0,1,Month-to-month,1,Mailed check,1071.4,0,71.42666667,69.5
3780-YVMFA,0,0,1,1,8,1,0,DSL,0,0,0,1,1,1,Month-to-month,1,Electronic check,564.35,0,70.54375,68.55
3874-EQOEP,1,0,0,0,7,1,1,Fiber optic,0,0,0,0,1,1,Month-to-month,0,Mailed check,655.5,1,93.64285714,95
1679-JRFBR,0,0,1,1,70,1,1,Fiber optic,1,1,1,0,1,1,One year,1,Credit card (automatic),7930.55,0,113.2935714,108.15
9073-ZZIAY,1,0,1,1,62,1,0,DSL,1,1,1,1,1,1,Two year,0,Electronic check,5215.25,0,84.11693548,86.1
3077-RSNTJ,0,0,1,1,6,1,0,No,0,0,0,0,0,0,Month-to-month,0,Mailed check,113.5,0,18.91666667,19.7
6551-GNYDG,0,0,1,1,14,1,0,Fiber optic,0,0,0,0,0,1,Month-to-month,1,Bank transfer (automatic),1152.8,0,82.34285714,80.9
9167-APMXZ,0,0,0,0,22,1,1,Fiber optic,0,0,0,0,1,0,Month-to-month,1,Bank transfer (automatic),1821.95,0,82.81590909,84.15
2749-CTKAJ,1,0,1,1,22,1,0,No,0,0,0,0,0,0,One year,0,Mailed check,419.9,0,19.08636364,20.15
6371-NZYEG,1,0,1,1,16,1,0,DSL,1,0,1,0,1,0,Two year,0,Mailed check,1024,0,64,64.25
7554-NEWDD,1,0,0,0,10,1,1,No,0,0,0,0,0,0,Two year,0,Bank transfer (automatic),251.6,0,25.16,25.7
8992-VONJD,0,0,0,1,13,1,0,DSL,1,1,0,0,0,0,Month-to-month,1,Electronic check,764.55,0,58.81153846,56
0867-MKZVY,0,0,1,0,20,1,1,Fiber optic,1,0,0,0,0,0,Month-to-month,0,Electronic check,1592.35,1,79.6175,82.4
4482-EWFMI,0,0,0,0,2,1,0,Fiber optic,0,0,0,0,0,0,Month-to-month,1,Electronic check,135.2,0,67.6,69.7
4648-YPBTM,1,0,0,0,53,1,1,DSL,0,1,1,1,0,1,Two year,1,Bank transfer (automatic),3958.25,0,74.68396226,73.9
2907-ILJBN,0,0,1,1,11,1,0,No,0,0,0,0,0,0,One year,0,Mailed check,233.9,0,21.26363636,20.6
6345-FZOQH,1,0,1,0,69,1,0,No,0,0,0,0,0,0,Two year,0,Mailed check,1363.45,0,19.76014493,19.9
3376-BMGFE,0,0,0,0,4,1,0,Fiber optic,0,0,0,0,0,0,Month-to-month,1,Bank transfer (automatic),273,1,68.25,70.9
5997-OPVFA,1,0,1,0,72,1,1,DSL,1,1,1,1,1,1,Two year,1,Bank transfer (automatic),6254.45,0,86.86736111,89.05
3445-HXXGF,1,1,1,0,58,0,0,DSL,0,1,1,0,0,1,Month-to-month,1,Electronic check,2651.2,1,45.71034483,45.3
1159-WFSGR,0,0,1,1,16,1,0,No,0,0,0,0,0,0,Month-to-month,0,Electronic check,321.4,0,20.0875,20.4
7654-YWJUF,1,0,1,0,43,1,0,Fiber optic,1,0,1,1,0,0,One year,1,Bank transfer (automatic),3539.25,0,82.30813953,84.25
1875-QIVME,0,0,1,0,2,1,1,Fiber optic,0,0,1,1,1,1,Month-to-month,1,Electronic check,242.8,1,121.4,104.4
6727-IOTLZ,1,0,1,0,14,1,0,DSL,0,1,1,1,1,1,Two year,0,Mailed check,1181.75,0,84.41071429,81.95
0691-JVSYA,0,0,1,0,53,1,0,Fiber optic,0,0,1,0,1,1,One year,1,Bank transfer (automatic),5000.2,1,94.34339623,94.85
5918-VUKWP,0,0,0,0,32,1,0,No,0,0,0,0,0,0,One year,0,Bank transfer (automatic),654.55,0,20.4546875,20.55
1744-JHKYS,0,0,1,0,34,1,1,No,0,0,0,0,0,0,Month-to-month,0,Electronic check,780.2,0,22.94705882,24.7
2656-FMOKZ,0,1,0,0,15,1,1,Fiber optic,0,0,0,0,0,0,Month-to-month,1,Mailed check,1145.7,1,76.38,74.45
2070-FNEXE,0,1,0,0,7,1,0,Fiber optic,1,0,0,0,0,0,Month-to-month,0,Bank transfer (automatic),503.6,1,71.94285714,76.45
5947-SGKCL,0,0,1,1,15,1,1,Fiber optic,0,1,1,0,1,1,Month-to-month,1,Bank transfer (automatic),1559.25,0,103.95,105.35
3712-PKXZA,1,0,1,0,61,1,0,No,0,0,0,0,0,0,One year,1,Credit card (automatic),1252,0,20.52459016,20.55
6317-YPKDH,0,0,0,0,1,0,0,DSL,0,1,0,0,0,0,Month-to-month,0,Bank transfer (automatic),29.95,1,29.95,29.95
6582-OIVSP,0,0,0,0,1,1,0,DSL,0,0,0,0,0,0,Month-to-month,0,Mailed check,45.3,0,45.3,45.3
9367-WXLCH,1,0,0,0,8,1,1,Fiber optic,0,0,0,0,0,1,Month-to-month,0,Bank transfer (automatic),662.65,1,82.83125,84.5
5524-KHNJP,1,0,1,1,33,1,0,DSL,1,0,1,0,1,1,One year,0,Credit card (automatic),2453.3,0,74.34242424,74.75
1918-ZBFQJ,0,0,0,0,13,1,0,Fiber optic,0,1,1,0,0,0,Month-to-month,1,Electronic check,1111.65,1,85.51153846,79.25
1024-GUALD,0,0,1,0,1,0,0,DSL,0,0,0,0,0,0,Month-to-month,1,Electronic check,24.8,1,24.8,24.8
4827-USJHP,1,0,0,0,20,1,0,DSL,0,1,0,0,0,0,Month-to-month,1,Mailed check,1023.85,0,51.1925,51.8
8167-GJLRN,1,0,0,0,3,0,0,DSL,0,0,0,1,0,0,Month-to-month,0,Electronic check,82.15,0,27.38333333,30.4
0956-SYCWG,0,0,0,0,13,1,0,No,0,0,0,0,0,0,One year,0,Electronic check,244.8,0,18.83076923,19.65
8017-UVSZU,0,0,1,0,40,1,1,DSL,0,1,0,0,0,0,Month-to-month,0,Credit card (automatic),2379.1,0,59.4775,56.6
7100-FQPRV,1,0,1,1,43,1,1,DSL,1,0,0,1,0,1,One year,1,Credit card (automatic),3173.35,0,73.79883721,71.9
2472-OVKUP,1,0,1,0,6,1,0,Fiber optic,0,1,1,0,0,1,Month-to-month,1,Electronic check,531,1,88.5,91
2984-RGEYA,0,0,1,1,69,1,0,No,0,0,0,0,0,0,Two year,0,Bank transfer (automatic),1375.4,0,19.93333333,19.75
9680-NIAUV,0,0,1,1,72,1,1,Fiber optic,1,1,1,0,1,1,Two year,0,Credit card (automatic),8129.3,0,112.9069444,109.7
2146-EGVDT,1,0,1,1,59,1,0,No,0,0,0,0,0,0,Two year,0,Credit card (automatic),1192.7,0,20.21525424,19.3
2604-IJPDU,0,0,1,0,20,1,0,Fiber optic,1,1,0,1,1,0,Month-to-month,1,Electronic check,1901.65,0,95.0825,96.55
9178-JHUVJ,1,0,1,1,24,1,1,No,0,0,0,0,0,0,Two year,1,Bank transfer (automatic),587.4,0,24.475,24.1
6168-YBYNP,1,0,0,0,59,1,1,Fiber optic,0,1,1,1,1,1,Month-to-month,1,Electronic check,6519.75,0,110.5042373,111.35
7255-SSFBC,1,0,1,1,72,1,1,Fiber optic,0,1,1,1,1,1,Two year,1,Bank transfer (automatic),8041.65,0,111.6895833,112.25
3645-DEYGF,1,0,0,1,1,1,0,No,0,0,0,0,0,0,Month-to-month,0,Mailed check,20.75,0,20.75,20.75
9323-HGFWY,0,0,1,0,27,1,0,Fiber optic,1,0,0,1,1,1,One year,1,Credit card (automatic),2681.15,0,99.30185185,101.9
8544-GOQSH,0,0,0,0,14,1,0,Fiber optic,0,1,0,1,0,0,Month-to-month,1,Credit card (automatic),1112.3,0,79.45,80.05
3363-DTIVD,1,0,1,1,71,1,1,Fiber optic,1,0,1,0,1,1,Two year,0,Electronic check,7405.5,0,104.3028169,105.55
7018-WBJNK,1,0,0,1,13,1,0,Fiber optic,0,0,0,0,1,0,Month-to-month,1,Credit card (automatic),1033.95,0,79.53461538,78.3
9142-KZXOP,1,0,0,0,44,1,0,Fiber optic,0,0,0,0,0,0,Month-to-month,0,Credit card (automatic),2958.95,0,67.24886364,68.85
7674-YTAFD,0,0,0,0,33,1,0,Fiber optic,0,1,0,1,0,0,One year,1,Bank transfer (automatic),2684.85,0,81.35909091,79.95
6348-SNFUS,1,0,1,1,72,0,0,DSL,1,1,1,1,0,1,Two year,1,Credit card (automatic),4179.2,0,58.04444444,55.45
1285-OKIPP,1,0,0,0,1,1,0,Fiber optic,0,0,0,0,0,1,Month-to-month,0,Electronic check,79.9,1,79.9,79.9
7825-ECJRF,0,0,0,0,19,1,0,Fiber optic,1,0,1,1,1,1,Month-to-month,1,Electronic check,1934.45,1,101.8131579,106.6
1347-KTTTA,1,0,1,0,64,1,0,Fiber optic,0,1,1,1,1,1,One year,1,Credit card (automatic),6654.1,0,103.9703125,102.45
7841-TZDMQ,1,0,0,0,2,1,0,DSL,0,0,0,0,0,0,Month-to-month,1,Credit card (automatic),84.5,1,42.25,46
4195-NZGTA,0,0,0,0,1,0,0,DSL,0,0,0,0,0,0,Month-to-month,0,Electronic check,25.25,0,25.25,25.25
7157-SMCFK,1,0,0,1,61,1,0,No,0,0,0,0,0,0,Two year,0,Mailed check,1124.2,0,18.4295082,19.75
4709-LKHYG,0,0,1,1,29,1,0,No,0,0,0,0,0,0,One year,0,Electronic check,540.05,0,18.62241379,20
2504-DSHIH,1,1,1,0,23,1,1,Fiber optic,0,0,0,0,0,1,Month-to-month,0,Electronic check,1975.85,0,85.90652174,86.8
0699-NDKJM,0,0,1,0,57,0,0,DSL,1,1,1,0,1,1,Month-to-month,1,Bank transfer (automatic),3437.45,0,60.30614035,58.75
9286-BHDQG,1,0,1,1,72,0,0,DSL,1,1,1,1,0,0,Two year,0,Credit card (automatic),3139.8,0,43.60833333,45.25
0230-WEQUW,1,0,1,0,66,0,0,DSL,1,1,1,1,1,0,Two year,1,Bank transfer (automatic),3789.2,0,57.41212121,56.6
2040-LDIWQ,1,0,1,1,65,1,1,DSL,0,1,1,1,1,1,Two year,1,Bank transfer (automatic),5324.5,0,81.91538462,84.2
6496-JDSSB,0,0,0,0,8,1,0,Fiber optic,0,0,0,0,1,0,Month-to-month,1,Bank transfer (automatic),624.6,0,78.075,80
9408-SSNVZ,0,0,0,0,4,1,0,Fiber optic,0,0,0,0,0,0,Month-to-month,1,Electronic check,268.35,1,67.0875,70.15
4443-EMBNA,0,0,1,0,71,1,1,No,0,0,0,0,0,0,Two year,0,Bank transfer (automatic),1836.9,0,25.87183099,24.75
6469-MRVET,1,0,1,1,1,1,0,No,0,0,0,0,0,0,One year,1,Electronic check,20.2,0,20.2,20.2
0742-MOABM,1,0,1,0,4,1,0,DSL,0,0,0,1,0,0,Month-to-month,0,Mailed check,179.35,1,44.8375,50.05
5961-VUSRV,0,0,0,0,12,1,0,No,0,0,0,0,0,0,One year,1,Bank transfer (automatic),219.35,0,18.27916667,19.35
6778-JFCMK,1,0,0,0,24,0,0,DSL,1,0,0,0,1,1,One year,1,Mailed check,1288.75,0,53.69791667,50.6
6341-JVQGF,0,0,1,1,31,1,0,DSL,1,0,1,1,1,1,One year,1,Mailed check,2545.75,0,82.12096774,81.15
2232-DMLXU,0,0,1,0,1,1,0,DSL,0,0,0,0,1,0,Month-to-month,0,Mailed check,55.2,1,55.2,55.2
4811-JBUVU,1,0,0,0,30,1,1,Fiber optic,0,0,0,1,0,1,Month-to-month,1,Credit card (automatic),2723.15,0,90.77166667,89.9
0945-TSONX,0,0,1,1,47,1,1,DSL,1,1,0,1,1,1,Two year,1,Credit card (automatic),4107.25,0,87.38829787,85.3
2651-ZCBXV,1,0,0,0,54,1,1,Fiber optic,1,1,0,1,1,1,Two year,1,Credit card (automatic),5760.65,0,106.6787037,108
3316-UWXUY,1,0,0,0,50,1,0,Fiber optic,1,1,0,1,0,1,Month-to-month,1,Credit card (automatic),4747.5,0,94.95,93.5
8937-RDTHP,1,0,0,0,1,1,0,Fiber optic,1,0,0,0,0,1,Month-to-month,1,Mailed check,84.6,1,84.6,84.6
7083-MIOPC,0,0,0,0,72,1,0,No,0,0,0,0,0,0,Two year,0,Credit card (automatic),1566.9,0,21.7625,20.25
1984-GPTEH,0,0,0,0,29,1,1,No,0,0,0,0,0,0,Month-to-month,0,Electronic check,702,0,24.20689655,25.15
1251-KRREG,1,0,0,0,2,1,1,DSL,0,1,0,0,0,0,Month-to-month,1,Mailed check,114.1,1,57.05,54.4
0621-JFHOL,0,0,0,0,10,0,0,DSL,0,0,0,1,0,0,Two year,1,Mailed check,299.05,0,29.905,29.6
9903-LYSAB,1,0,1,0,18,1,1,Fiber optic,0,0,0,0,0,0,Month-to-month,1,Electronic check,1305.95,0,72.55277778,73.15
0094-OIFMO,0,1,0,0,11,1,0,Fiber optic,0,1,0,0,1,1,Month-to-month,1,Electronic check,1120.3,1,101.8454545,95
9227-UAQFT,1,0,0,0,16,1,0,No,0,0,0,0,0,0,Two year,0,Mailed check,284.35,0,17.771875,19.75
7301-ABVAD,0,0,0,0,72,1,1,DSL,0,1,1,1,1,1,Two year,0,Bank transfer (automatic),6350.5,0,88.20138889,86.6
6614-FHDBO,1,0,0,0,72,1,1,Fiber optic,0,1,1,1,1,1,Two year,0,Bank transfer (automatic),7878.3,0,109.4208333,109.2
7576-ASEJU,0,0,1,1,41,1,0,DSL,1,0,0,1,1,1,One year,1,Credit card (automatic),3187.65,0,77.74756098,74.7
9058-HRZSV,0,1,1,0,65,1,0,Fiber optic,1,1,1,0,0,1,Month-to-month,0,Electronic check,6126.15,0,94.24846154,94.4
4522-AKYLR,0,1,0,0,13,1,0,DSL,0,1,1,0,0,0,Month-to-month,1,Electronic check,731.3,0,56.25384615,54.8
0221-WMXNQ,1,1,0,0,4,1,0,Fiber optic,1,0,0,0,0,0,Month-to-month,0,Electronic check,273.4,0,68.35,75.35
0303-UNCIP,1,0,0,0,41,1,1,DSL,0,0,1,0,0,1,One year,0,Mailed check,2531.8,0,61.75121951,65
9947-OTFQU,1,1,0,0,15,1,0,Fiber optic,0,1,0,0,0,0,Month-to-month,1,Electronic check,1074.3,1,71.62,74.4
0322-YINQP,1,0,0,0,1,1,0,DSL,1,0,0,0,0,0,Month-to-month,1,Mailed check,48.55,1,48.55,48.55
0959-WHOKV,1,0,0,0,42,1,1,Fiber optic,1,1,1,0,0,1,One year,1,Electronic check,4298.45,0,102.3440476,99
4075-JFPGR,0,0,1,0,51,1,0,Fiber optic,1,1,1,0,1,0,One year,1,Electronic check,4619.55,0,90.57941176,93.5
4629-NRXKX,0,0,1,1,2,1,0,Fiber optic,0,0,0,0,0,0,Month-to-month,0,Electronic check,147.15,1,73.575,70.4
9514-JDSKI,1,1,1,0,1,0,0,DSL,0,1,0,0,1,0,Month-to-month,0,Electronic check,40.2,1,40.2,40.2
3282-ZISZV,1,0,0,1,32,1,1,DSL,0,1,1,1,1,1,One year,0,Credit card (automatic),2633.3,0,82.290625,83.7
3675-YDUPJ,1,0,0,0,10,1,0,No,0,0,0,0,0,0,Month-to-month,1,Mailed check,193.05,0,19.305,19.85
4111-BNXIF,0,0,1,1,67,0,0,DSL,0,1,1,1,1,1,Two year,1,Electronic check,4103.9,0,61.25223881,59.55
7017-VFHAY,0,0,1,1,61,1,1,Fiber optic,1,1,1,1,1,1,Two year,0,Credit card (automatic),7008.15,0,114.8877049,114.729
6655-LHBYW,1,0,0,0,50,1,1,Fiber optic,1,1,1,1,1,1,One year,0,Credit card (automatic),5791.1,0,115.822,114.35
4959-JOSRX,0,0,1,0,2,1,0,DSL,0,0,0,0,0,0,Month-to-month,1,Credit card (automatic),80.55,1,40.275,44.6
5046-NUHWD,0,1,1,0,29,0,0,DSL,1,0,1,0,0,1,Month-to-month,1,Electronic check,1228.65,0,42.36724138,45
7273-TEFQD,1,1,0,0,3,0,0,DSL,0,0,1,0,0,1,Month-to-month,1,Electronic check,132.2,1,44.06666667,41.15
3606-TWKGI,1,1,0,0,13,1,1,Fiber optic,0,1,1,0,1,1,Month-to-month,1,Electronic check,1364.3,1,104.9461538,106.9
7529-ZDFXI,1,1,1,0,57,1,1,Fiber optic,0,1,0,0,0,1,Month-to-month,1,Electronic check,4925.35,0,86.40964912,89.85
7605-BDWDC,0,0,0,0,31,0,0,DSL,1,1,0,1,0,1,Two year,1,Bank transfer (automatic),1520.1,0,49.03548387,49.85
1950-KSVVJ,0,0,1,0,45,1,1,Fiber optic,1,1,1,1,1,1,One year,0,Mailed check,5032.25,0,111.8277778,113.3
0123-CRBRT,0,0,1,1,61,1,1,DSL,1,1,1,1,1,1,Two year,0,Mailed check,5526.75,0,90.60245902,88.1
6292-TOSSS,1,0,0,0,50,1,1,No,0,0,0,0,0,0,Two year,0,Bank transfer (automatic),1195.25,0,23.905,24.9
3197-ARFOY,0,1,0,0,19,1,0,Fiber optic,1,1,0,1,1,1,Month-to-month,1,Mailed check,2007.25,0,105.6447368,105
6323-AYBRX,1,0,0,0,59,1,0,No,0,0,0,0,0,0,Two year,0,Mailed check,1099.6,1,18.63728814,19.35
7014-ZZXAW,0,0,1,0,71,1,1,No,0,0,0,0,0,0,Two year,1,Credit card (automatic),1732.95,0,24.40774648,24.25
4385-GZQXV,0,1,0,0,16,1,0,Fiber optic,0,0,0,1,1,1,Month-to-month,1,Electronic check,1511.2,1,94.45,94.45
7633-MVPUY,1,0,1,0,57,1,0,DSL,1,1,0,1,0,0,Two year,1,Electronic check,3450.15,0,60.52894737,59.75
6366-ZGQGL,1,0,0,0,1,0,0,DSL,0,0,0,0,0,0,Month-to-month,0,Bank transfer (automatic),24.8,1,24.8,24.8
4716-HHKQH,1,1,1,0,20,1,1,Fiber optic,0,1,0,1,1,1,Month-to-month,0,Electronic check,2172.05,0,108.6025,107.05
5940-AHUHD,1,0,0,0,1,1,0,Fiber optic,0,0,0,0,0,0,Month-to-month,0,Mailed check,70.6,1,70.6,70.6
6432-TWQLB,1,0,1,0,5,1,1,Fiber optic,0,1,0,1,0,0,Month-to-month,1,Electronic check,401.1,1,80.22,85.4
4484-GLZOU,0,0,1,0,52,1,1,Fiber optic,0,1,1,0,1,1,Month-to-month,1,Electronic check,5624.85,1,108.1701923,105.05
3179-GBRWV,1,1,1,0,21,1,0,DSL,1,1,0,0,0,1,Month-to-month,1,Bank transfer (automatic),1339.8,0,63.8,64.95
8645-KWHJO,1,0,0,0,14,0,0,DSL,0,0,1,1,1,1,Month-to-month,1,Electronic check,771.95,0,55.13928571,55
4130-MZLCC,0,0,0,0,5,1,0,DSL,0,1,0,0,0,0,Month-to-month,0,Bank transfer (automatic),244.75,0,48.95,50.55
0314-TKOSI,0,0,0,0,6,1,0,DSL,1,1,0,0,0,0,Month-to-month,0,Mailed check,322.9,0,53.81666667,55.15
8229-MYEJZ,0,0,0,0,10,1,0,DSL,0,1,0,0,0,0,Month-to-month,0,Electronic check,498.25,0,49.825,51.2
2080-SRCDE,0,0,0,1,1,1,1,No,0,0,0,0,0,0,Month-to-month,0,Mailed check,25.4,0,25.4,25.4
9577-WJVCQ,0,0,0,0,68,1,1,DSL,1,0,0,0,0,0,Month-to-month,0,Mailed check,3687.75,0,54.23161765,54.45
9512-UIBFX,1,0,1,1,18,1,0,Fiber optic,0,0,1,0,1,1,Month-to-month,0,Mailed check,1779.95,1,98.88611111,95.15
6202-DYYFX,0,0,0,0,22,1,1,Fiber optic,0,0,0,0,0,0,One year,1,Credit card (automatic),1783.6,0,81.07272727,76
3808-HFKDE,0,0,0,0,20,1,0,DSL,0,0,0,0,0,0,Month-to-month,1,Electronic check,927.15,0,46.3575,44.35
5583-SXDAG,1,0,1,0,1,1,0,Fiber optic,0,0,0,0,0,0,Month-to-month,0,Electronic check,70,1,70,70
3488-PGMQJ,1,1,0,0,8,1,0,Fiber optic,0,1,0,0,0,0,Month-to-month,1,Electronic check,606.55,1,75.81875,74.5
3580-REOAC,1,0,0,0,10,1,0,DSL,0,0,0,0,0,0,Month-to-month,1,Credit card (automatic),435.4,1,43.54,44.85
7534-BFESC,1,1,0,0,24,1,1,Fiber optic,0,0,0,0,0,0,Month-to-month,1,Electronic check,1712.7,1,71.3625,76.1
3727-OWVYD,1,0,0,0,35,1,0,DSL,1,1,1,0,0,0,One year,0,Mailed check,2021.2,0,57.74857143,61.2
2294-SALNE,1,0,1,1,23,1,0,Fiber optic,0,1,1,1,0,0,One year,0,Mailed check,1940.8,0,84.3826087,86.8
4847-TAJYI,0,1,0,0,6,1,0,Fiber optic,0,0,0,0,1,1,Month-to-month,1,Electronic check,567.8,0,94.63333333,89.35
1563-IWQEX,0,0,0,0,12,1,0,No,0,0,0,0,0,0,Month-to-month,0,Mailed check,220.35,0,18.3625,19.7
8203-XJZRC,1,0,0,0,1,1,0,No,0,0,0,0,0,0,Month-to-month,0,Mailed check,20.25,0,20.25,20.25
6556-DBKZF,0,0,1,1,71,1,0,Fiber optic,0,0,1,0,0,0,Two year,0,Electronic check,5436.45,0,76.56971831,76.05
6851-WEFYX,1,1,1,0,35,1,1,Fiber optic,0,0,1,0,1,1,Month-to-month,1,Electronic check,3437.5,0,98.21428571,100.8
2985-JUUBZ,1,0,1,1,40,1,1,DSL,0,0,1,0,1,1,Month-to-month,1,Electronic check,3015.75,0,75.39375,74.55
6390-DSAZX,0,0,0,1,1,1,0,Fiber optic,1,0,0,0,0,0,Month-to-month,1,Mailed check,73.6,1,73.6,73.6
0895-LMRSF,1,0,0,0,23,1,0,DSL,0,0,0,0,1,1,One year,1,Bank transfer (automatic),1509.8,0,65.64347826,64.9
8098-LLAZX,0,1,0,0,4,1,1,Fiber optic,0,0,0,0,1,1,Month-to-month,1,Electronic check,396.1,1,99.025,95.45
8266-VBFQL,1,0,0,0,4,1,0,Fiber optic,0,0,1,1,0,1,Month-to-month,1,Electronic check,356.65,0,89.1625,90.4
8181-YHCMF,0,0,1,1,68,0,0,DSL,0,1,1,1,1,1,Two year,0,Credit card (automatic),4109,0,60.42647059,60.3
2240-HSJQD,1,0,0,1,38,1,1,Fiber optic,0,1,0,0,0,0,Month-to-month,1,Mailed check,3141.7,0,82.67631579,81.85
1248-DYXUB,1,0,1,1,52,1,1,No,0,0,0,0,0,0,Two year,0,Mailed check,1229.1,0,23.63653846,24.8
0265-EDXBD,1,1,1,0,32,1,1,Fiber optic,0,0,0,0,0,0,Month-to-month,1,Electronic check,2303.35,1,71.9796875,74.9
4115-BNPJY,1,0,1,1,29,1,0,DSL,0,0,1,1,1,1,Two year,0,Mailed check,2054.4,0,70.84137931,75.55
3167-SNQPL,1,1,1,1,38,1,1,Fiber optic,0,1,0,0,1,1,Month-to-month,0,Electronic check,3741.85,0,98.46973684,101.15
4091-TVOCN,1,0,0,1,48,1,1,DSL,1,0,1,0,1,1,One year,1,Credit card (automatic),3682.45,0,76.71770833,78.75
1098-TDVUQ,0,0,0,0,1,1,0,No,0,0,0,0,0,0,Month-to-month,1,Bank transfer (automatic),19.25,0,19.25,19.25
7277-OZCGZ,0,0,0,0,22,1,0,Fiber optic,1,0,0,1,0,1,Month-to-month,1,Electronic check,1886.25,0,85.73863636,89.05
1557-EMYVT,0,0,0,0,43,1,1,Fiber optic,1,1,1,1,1,1,Two year,0,Credit card (automatic),4895.1,0,113.8395349,114.729
2799-ARNLO,0,1,1,0,5,1,0,Fiber optic,0,0,0,0,0,0,Month-to-month,1,Electronic check,341.6,0,68.32,69.35
7563-BIUPC,1,0,0,0,5,1,0,Fiber optic,0,0,0,0,1,0,Month-to-month,1,Electronic check,415.55,1,83.11,80.6
5027-YOCXN,1,0,1,1,51,1,1,Fiber optic,1,1,0,1,1,1,One year,0,Credit card (automatic),5686.4,0,111.4980392,110.05
3973-SKMLN,1,0,0,0,71,1,0,No,0,0,0,0,0,0,Two year,1,Credit card (automatic),1355.1,0,19.08591549,19.9
2321-OMBXY,0,0,1,1,38,1,0,DSL,1,1,0,1,1,1,One year,0,Credit card (automatic),3058.65,1,80.49078947,80.3
2840-XANRC,1,1,1,0,24,1,0,Fiber optic,0,0,1,0,1,1,Month-to-month,1,Electronic check,2231.05,1,92.96041667,93.15
6745-JEFZB,1,0,1,0,35,1,1,Fiber optic,0,0,0,1,1,0,Month-to-month,1,Credit card (automatic),3236.35,0,92.46714286,91.5
5020-ZSTTY,0,1,0,0,54,1,1,DSL,1,1,0,1,1,1,One year,0,Bank transfer (automatic),4350.1,1,80.55740741,82.45
9880-TDQAC,0,0,1,1,72,0,0,DSL,0,1,1,1,1,1,Two year,1,Electronic check,4264,0,59.22222222,60
8705-WZCYL,1,0,0,0,1,1,0,DSL,0,0,0,0,0,0,Month-to-month,1,Electronic check,44.8,0,44.8,44.8
7102-JJVTX,0,0,1,1,9,1,0,DSL,1,0,0,0,0,0,One year,0,Mailed check,422.3,0,46.92222222,48.6
8626-PTQGE,1,0,0,0,69,0,0,DSL,1,1,0,1,1,1,Two year,1,Bank transfer (automatic),4176.7,0,60.53188406,60.05
4983-CLMLV,0,0,1,0,52,1,1,Fiber optic,0,1,0,1,1,1,Month-to-month,1,Credit card (automatic),5138.1,0,98.80961538,102.7
5701-YVSVF,0,1,1,0,11,1,0,Fiber optic,0,0,0,1,1,0,Month-to-month,1,Electronic check,880.05,0,80.00454545,82.9
5804-LEPIM,0,1,0,0,2,1,0,Fiber optic,0,0,0,0,0,0,Month-to-month,1,Electronic check,139.05,1,69.525,70.35
5697-GOMBF,0,1,1,1,28,0,0,DSL,0,0,0,0,1,0,Month-to-month,1,Electronic check,973.65,0,34.77321429,35.9
2739-CACDQ,0,1,0,0,17,1,1,Fiber optic,0,0,1,0,0,0,Month-to-month,1,Credit card (automatic),1470.05,0,86.47352941,82.65
9385-EHGDO,0,0,1,1,35,1,0,No,0,0,0,0,0,0,Two year,1,Mailed check,739.35,0,21.12428571,19.85
9498-FIMXL,0,0,0,0,8,1,0,No,0,0,0,0,0,0,One year,1,Mailed check,161.95,0,20.24375,19.2
2379-GYFLQ,1,0,0,0,46,1,1,Fiber optic,0,1,1,0,1,0,One year,1,Credit card (automatic),4422.95,0,96.15108696,94.9
0122-OAHPZ,0,0,0,0,7,1,1,Fiber optic,0,0,0,0,0,0,Month-to-month,1,Electronic check,511.25,1,73.03571429,73.85
2868-SNELZ,0,0,0,0,2,1,1,Fiber optic,0,0,1,0,0,0,Month-to-month,0,Mailed check,155.8,1,77.9,80.6
4322-RCYMT,1,0,1,1,68,1,1,DSL,0,1,1,1,0,1,One year,1,Bank transfer (automatic),5293.95,1,77.85220588,75.8
6680-NENYN,0,0,0,0,43,1,1,Fiber optic,0,1,1,0,1,1,Two year,1,Electronic check,4759.85,1,110.694186,104.6
2088-IEBAU,0,0,0,0,68,1,1,DSL,1,1,1,1,1,1,Two year,1,Electronic check,6148.45,0,90.41838235,88.15
7982-VCELR,0,0,0,0,36,1,0,Fiber optic,0,1,0,0,1,1,Month-to-month,1,Credit card (automatic),3565.65,0,99.04583333,94.8
1343-EHPYB,1,0,1,0,63,1,1,Fiber optic,0,1,1,0,1,1,Month-to-month,1,Electronic check,6603,1,104.8095238,103.4
6035-BXTTY,0,1,0,0,32,1,0,DSL,0,1,0,1,0,0,Month-to-month,0,Bank transfer (automatic),1830.1,0,57.190625,54.65
6885-PKOAM,0,0,1,0,71,1,1,DSL,1,1,1,1,1,1,Two year,0,Credit card (automatic),6223.8,0,87.65915493,85.75
7520-HQWJU,0,0,1,1,66,1,1,DSL,1,1,1,0,0,0,Month-to-month,1,Bank transfer (automatic),4508.65,0,68.31287879,67.45
9639-BUJXT,1,0,0,0,63,1,0,No,0,0,0,0,0,0,One year,0,Mailed check,1328.15,0,21.08174603,20.5
5924-SNGKP,0,0,0,1,41,1,0,No,0,0,0,0,0,0,One year,1,Credit card (automatic),865,0,21.09756098,20.25
0021-IKXGC,0,1,0,0,1,1,1,Fiber optic,0,0,0,0,0,0,Month-to-month,1,Electronic check,72.1,0,72.1,72.1
2034-GDRCN,0,0,0,0,2,1,0,Fiber optic,0,0,0,0,1,1,Month-to-month,1,Electronic check,168.2,1,84.1,90.4
8966-SNIZF,0,0,1,0,70,1,0,No,0,0,0,0,0,0,Two year,0,Bank transfer (automatic),1303.5,0,18.62142857,19.45
6243-OZGFH,0,0,0,0,23,0,0,DSL,0,0,0,0,1,1,Month-to-month,1,Electronic check,996.85,0,43.34130435,44.95
4654-DLAMQ,0,1,1,0,64,1,0,Fiber optic,1,1,1,0,0,1,One year,0,Bank transfer (automatic),6430.9,0,100.4828125,97
0513-RBGPE,1,0,1,1,37,1,1,DSL,1,0,1,1,0,0,Two year,1,Credit card (automatic),2278.75,0,61.58783784,62.8
5160-UXJED,1,0,0,1,17,1,0,DSL,0,0,0,0,0,0,One year,0,Mailed check,681.4,0,40.08235294,44.6
4115-NZRKS,0,1,0,0,7,1,0,Fiber optic,0,0,0,0,1,1,Month-to-month,1,Electronic check,574.35,0,82.05,89.15
0219-YTZUE,1,0,1,1,4,1,1,Fiber optic,0,1,1,0,0,0,Month-to-month,1,Bank transfer (automatic),371.9,1,92.975,84.8
0623-IIHUG,0,1,0,0,21,0,0,DSL,1,0,0,0,1,0,Month-to-month,1,Electronic check,840.1,1,40.0047619,41.9
4572-DVCGN,0,0,0,0,10,1,0,Fiber optic,0,0,0,0,0,1,Month-to-month,1,Bank transfer (automatic),846,1,84.6,80.25
3351-NGXYI,0,1,0,0,16,1,1,DSL,1,0,0,0,0,0,Month-to-month,1,Electronic check,889,0,55.5625,54.1
8984-EYLLL,1,0,1,0,64,1,1,Fiber optic,0,1,0,1,1,1,Two year,1,Electronic check,6823.4,0,106.615625,105.25
9057-MSWCO,1,1,1,0,27,0,0,DSL,1,0,0,0,0,0,Month-to-month,0,Credit card (automatic),805.1,1,29.81851852,30.75
9833-TGFHX,1,0,1,1,42,1,1,Fiber optic,1,0,0,0,1,1,One year,0,Electronic check,4016.75,0,95.63690476,97.1
9294-TDIPC,1,0,0,1,5,1,0,No,0,0,0,0,0,0,Month-to-month,0,Mailed check,83.75,0,16.75,20.2
5229-DTFYB,0,0,0,0,41,1,0,Fiber optic,0,1,0,1,1,1,Two year,1,Bank transfer (automatic),3959.15,0,96.56463415,98.8
0104-PPXDV,1,0,1,0,58,1,0,DSL,0,0,1,0,0,0,One year,0,Credit card (automatic),2878.55,0,49.63017241,50.3
5176-LMJXE,0,0,0,0,47,1,0,No,0,0,0,0,0,0,Two year,1,Mailed check,945.7,0,20.1212766,20.55
3583-KRKMD,1,0,0,0,18,1,0,Fiber optic,0,0,0,1,0,0,Month-to-month,1,Bank transfer (automatic),1373.05,0,76.28055556,75.9
1010-DIAUQ,1,0,0,0,5,1,0,Fiber optic,0,0,1,0,1,1,Month-to-month,0,Bank transfer (automatic),492.55,1,98.51,96.5
9069-LGEUL,1,0,1,0,23,1,0,DSL,1,0,0,0,0,1,Month-to-month,1,Bank transfer (automatic),1406,0,61.13043478,59.95
7302-ZHMHP,0,0,0,0,1,1,0,No,0,0,0,0,0,0,Month-to-month,0,Mailed check,19.15,0,19.15,19.15
9571-EDEBV,1,0,1,0,71,1,1,Fiber optic,0,0,1,0,1,1,One year,1,Credit card (automatic),6962.85,0,98.06830986,98.65
3520-FJGCV,1,0,1,1,72,1,1,Fiber optic,1,1,1,1,1,1,Two year,1,Credit card (automatic),8126.65,0,112.8701389,112.6
6563-VRERX,1,0,1,1,33,1,0,No,0,0,0,0,0,0,One year,0,Mailed check,690.25,0,20.91666667,20.6
0259-GBZSH,1,0,0,0,2,1,1,Fiber optic,0,0,0,0,1,0,Month-to-month,1,Electronic check,181.5,1,90.75,85.65
6122-EFVKN,1,0,0,1,24,0,0,DSL,1,0,0,1,0,0,Two year,0,Mailed check,830.8,0,34.61666667,35.75
2805-EDJPQ,0,0,1,1,56,1,1,Fiber optic,0,1,1,1,0,1,One year,1,Credit card (automatic),5608.4,0,100.15,99.75
6862-CQUMB,1,0,0,0,37,1,0,Fiber optic,0,1,0,0,1,1,Month-to-month,1,Credit card (automatic),3646.8,0,98.56216216,96.1
7156-MXBJE,0,0,0,0,43,1,1,DSL,0,1,1,1,1,1,One year,0,Credit card (automatic),3662.25,0,85.16860465,85.1
6158-HDPXZ,1,0,0,0,1,0,0,DSL,0,0,0,0,0,0,Month-to-month,0,Mailed check,25.35,0,25.35,25.35
9601-BRXPO,0,0,1,0,25,1,1,Fiber optic,0,0,1,1,1,1,Month-to-month,1,Bank transfer (automatic),2566.5,1,102.66,104.95
2863-IMQDR,0,0,0,0,61,1,1,DSL,1,1,1,1,1,1,Two year,0,Electronic check,5308.7,0,87.02786885,89.65
5686-CMAWK,1,0,0,0,17,1,1,Fiber optic,0,0,1,1,0,0,One year,0,Electronic check,1410.25,0,82.95588235,86.75
5651-CRHKQ,0,0,1,0,41,1,0,Fiber optic,0,1,1,1,0,0,One year,1,Bank transfer (automatic),3339.05,0,81.4402439,86.2
6905-NIQIN,1,0,0,0,1,1,0,DSL,0,1,0,0,0,0,Month-to-month,0,Mailed check,50.65,1,50.65,50.65
8204-YJCLA,1,1,1,1,72,0,0,DSL,1,1,1,1,1,1,Two year,1,Bank transfer (automatic),4732.35,0,65.72708333,64.8
5167-ZFFMM,1,0,0,0,1,1,1,Fiber optic,0,1,0,0,0,1,Month-to-month,1,Credit card (automatic),90.85,1,90.85,90.85
6583-SZVGP,1,0,0,0,48,1,1,Fiber optic,0,1,1,0,1,1,Two year,1,Bank transfer (automatic),5067.45,0,105.571875,108.1
4895-TMWIR,1,1,1,0,11,1,0,No,0,0,0,0,0,0,Month-to-month,0,Mailed check,214.75,1,19.52272727,19.95
0533-BNWKF,0,1,1,0,55,1,1,Fiber optic,0,1,1,0,0,0,Month-to-month,1,Electronic check,4874.7,1,88.63090909,85.45
1708-PBBOA,0,0,0,0,42,0,0,DSL,1,1,1,1,0,1,One year,1,Electronic check,2348.45,0,55.91547619,54.75
8782-LKFPK,1,0,0,0,44,1,1,Fiber optic,0,0,1,0,0,1,Month-to-month,1,Mailed check,4063,0,92.34090909,90.4
5522-JBWMO,1,0,0,1,1,1,0,DSL,0,0,0,0,0,0,Month-to-month,0,Electronic check,44,0,44,44
3597-MVHJT,0,0,0,0,27,1,1,Fiber optic,0,0,0,0,1,1,Month-to-month,1,Bank transfer (automatic),2595.25,0,96.12037037,95.6
9774-NRNAU,1,1,1,0,27,1,1,DSL,0,1,1,1,1,1,Month-to-month,1,Bank transfer (automatic),2309.55,0,85.53888889,84.8
0224-RLWWD,0,1,0,0,2,1,0,DSL,0,0,0,0,0,0,Month-to-month,1,Electronic check,89.3,0,44.65,44.3
9967-ATRFS,0,0,0,0,19,1,0,No,0,0,0,0,0,0,Month-to-month,0,Mailed check,367.55,0,19.34473684,19.9
3951-NJCVI,0,1,1,0,42,1,1,Fiber optic,0,0,0,0,1,1,Month-to-month,1,Electronic check,3944.5,0,93.91666667,95.05
2977-CEBSX,0,0,0,0,66,1,1,DSL,1,1,1,1,1,1,Two year,1,Credit card (automatic),5965.95,0,90.39318182,90.05
0177-PXBAT,1,1,1,0,33,1,1,Fiber optic,1,0,1,1,1,1,Month-to-month,1,Bank transfer (automatic),3694.7,0,111.9606061,109.9
6599-CEBNN,0,0,0,0,34,1,0,Fiber optic,0,1,0,0,0,0,Month-to-month,1,Credit card (automatic),2524.45,1,74.24852941,73.95
2519-ERQOJ,1,1,0,0,33,0,0,DSL,0,0,1,1,1,1,Month-to-month,1,Electronic check,1803.7,0,54.65757576,54.6
5876-QMYLD,0,0,1,1,23,1,0,No,0,0,0,0,0,0,One year,0,Mailed check,415.1,0,18.04782609,20.05
2277-AXSDC,0,0,0,0,32,1,0,No,0,0,0,0,0,0,One year,0,Bank transfer (automatic),624.15,0,19.5046875,19.75
9442-JTWDL,0,0,0,0,11,1,0,No,0,0,0,0,0,0,One year,0,Credit card (automatic),237.7,0,21.60909091,20.05
0979-PHULV,1,0,1,1,69,1,1,Fiber optic,0,0,1,0,1,1,Month-to-month,1,Credit card (automatic),7007.6,1,101.5594203,99.45
3067-SVMTC,0,0,1,0,68,1,0,DSL,1,0,0,1,0,0,One year,0,Bank transfer (automatic),3848.8,0,56.6,55.9
5495-GPSRW,1,0,0,0,20,1,0,No,0,0,0,0,0,0,Two year,1,Mailed check,419.4,0,20.97,19.7
7606-BPHHN,1,0,0,0,72,1,0,No,0,0,0,0,0,0,Two year,1,Credit card (automatic),1468.75,0,20.39930556,19.8
4742-DRORA,1,0,1,1,60,1,1,Fiber optic,1,0,1,0,1,0,One year,1,Bank transfer (automatic),5812,0,96.86666667,95.4
0111-KLBQG,1,1,1,1,32,1,0,Fiber optic,0,1,0,0,1,1,Month-to-month,1,Mailed check,2861.45,0,89.4203125,93.95
4800-VHZKI,0,0,0,0,1,1,0,No,0,0,0,0,0,0,Month-to-month,1,Mailed check,19.9,1,19.9,19.9
7989-CHGTL,1,0,0,0,1,1,0,No,0,0,0,0,0,0,Month-to-month,1,Mailed check,19.6,1,19.6,19.6
0334-GDDSO,1,1,0,0,3,1,1,Fiber optic,0,1,0,0,0,0,Month-to-month,1,Electronic check,233.7,1,77.9,81.35
4163-NCJAK,0,0,1,0,46,1,1,No,0,0,0,0,0,0,One year,1,Bank transfer (automatic),1066.15,0,23.17717391,24.45
5233-AOZUF,0,0,1,0,29,1,1,Fiber optic,0,0,0,0,0,0,Month-to-month,1,Electronic check,2149.05,0,74.10517241,74.95
5973-EJGDP,1,0,0,0,51,1,1,Fiber optic,0,1,1,1,0,0,Month-to-month,1,Electronic check,4473,0,87.70588235,87.35
1996-DBMUS,0,1,1,0,48,1,0,Fiber optic,0,0,0,0,0,0,Month-to-month,1,Bank transfer (automatic),3545.05,0,73.85520833,70.65
7916-VCCPB,0,0,1,1,16,1,0,Fiber optic,0,1,0,0,0,0,Month-to-month,0,Bank transfer (automatic),1195.75,0,74.734375,73.25
4686-GEFRM,1,0,1,0,70,1,1,Fiber optic,0,1,1,1,0,1,Two year,1,Bank transfer (automatic),6858.9,0,97.98428571,98.7
5249-QYHEX,0,0,1,1,40,1,1,No,0,0,0,0,0,0,Two year,1,Mailed check,1024.7,0,25.6175,24.8
0578-SKVMF,0,0,1,1,22,1,0,Fiber optic,0,1,0,0,0,1,Month-to-month,0,Electronic check,1845.9,1,83.90454545,83.3
5564-NEMQO,0,1,0,0,1,1,0,Fiber optic,0,0,1,0,0,0,Month-to-month,1,Bank transfer (automatic),75.3,1,75.3,75.3
2233-FAGXV,0,0,1,1,5,1,1,No,0,0,0,0,0,0,Month-to-month,1,Mailed check,132.25,0,26.45,24.3
5605-IYGFG,0,0,0,0,7,1,0,Fiber optic,0,0,0,0,0,0,Month-to-month,1,Bank transfer (automatic),515.45,0,73.63571429,69.85
7663-ZTEGJ,1,0,0,1,29,1,1,Fiber optic,0,1,1,1,0,1,One year,0,Credit card (automatic),2830.45,0,97.60172414,100.55
3935-TBRZZ,1,0,1,1,44,1,1,No,0,0,0,0,0,0,One year,0,Mailed check,1110.5,0,25.23863636,25.7
8111-BKVDS,0,0,0,0,10,0,0,DSL,1,1,1,0,0,0,Month-to-month,0,Bank transfer (automatic),449.3,0,44.93,40.7
2055-SIFSS,0,1,1,0,55,1,1,DSL,0,0,0,0,0,0,Month-to-month,0,Bank transfer (automatic),2838.55,0,51.61,51.65
2806-MLNTI,1,1,1,0,52,1,1,Fiber optic,0,1,1,0,1,1,One year,1,Bank transfer (automatic),5376.4,0,103.3923077,105.1
8734-DKSTZ,0,0,1,1,10,1,1,Fiber optic,0,0,0,0,0,1,Month-to-month,0,Electronic check,858.6,0,85.86,85.95
4360-PNRQB,1,0,0,0,18,1,1,Fiber optic,0,0,0,0,0,0,Month-to-month,1,Bank transfer (automatic),1395.05,0,77.50277778,75.6
6152-ONASV,0,0,1,0,68,1,1,DSL,1,0,0,1,0,0,One year,0,Bank transfer (automatic),3975.7,0,58.46617647,58.25
9063-ZGTUY,0,0,1,1,61,1,0,No,0,0,0,0,0,0,Month-to-month,1,Mailed check,1182.55,1,19.38606557,19.4
7781-HVGMK,0,0,1,1,72,0,0,DSL,1,1,1,1,1,1,Two year,1,Credit card (automatic),4784.45,0,66.45069444,65.2
2181-UAESM,1,0,0,0,2,1,0,DSL,1,0,1,0,0,0,Month-to-month,0,Electronic check,119.5,0,59.75,53.45
2957-LOLHO,1,0,0,0,12,1,0,DSL,0,0,0,0,0,0,Month-to-month,1,Bank transfer (automatic),518.9,1,43.24166667,45.4
6048-NJXHX,1,0,1,0,41,1,0,No,0,0,0,0,0,0,Two year,1,Electronic check,899.45,0,21.93780488,19.75
2320-SLKMB,0,0,0,0,26,0,0,DSL,0,0,1,1,1,0,Month-to-month,1,Credit card (automatic),1183.8,0,45.53076923,44.45
4980-URKXC,1,0,1,0,36,1,0,No,0,0,0,0,0,0,One year,0,Bank transfer (automatic),720.05,0,20.00138889,20.85
4376-KFVRS,1,0,1,1,72,1,1,Fiber optic,1,1,1,1,1,1,Two year,1,Credit card (automatic),8468.2,0,117.6138889,114.05
5886-VLQVU,1,0,1,0,35,1,1,Fiber optic,0,0,0,1,0,1,Month-to-month,1,Bank transfer (automatic),3161.2,0,90.32,89.85
3577-AMVUX,1,0,0,0,1,1,0,DSL,0,0,1,1,0,0,Month-to-month,0,Mailed check,55.05,0,55.05,55.05
0771-WLCLA,0,0,1,1,16,1,1,Fiber optic,1,0,1,1,1,1,Month-to-month,1,Electronic check,1882.55,0,117.659375,112.95
5628-RKIFK,0,1,0,0,49,1,1,Fiber optic,1,0,0,0,1,1,Month-to-month,0,Credit card (automatic),5070.4,0,103.477551,101.55
0206-TBWLC,0,0,1,0,54,1,1,Fiber optic,1,1,1,1,1,1,One year,1,Mailed check,6049.5,0,112.0277778,114.65
2937-FTHUR,0,0,0,1,18,1,1,DSL,1,0,0,0,0,1,Month-to-month,0,Electronic check,1166.7,0,64.81666667,64.8
1910-FMXJM,0,0,1,0,36,1,0,Fiber optic,0,0,0,0,0,1,Month-to-month,0,Electronic check,2937.65,0,81.60138889,80.4
7752-XUSCI,0,0,0,0,60,1,1,Fiber optic,0,1,1,0,1,1,Month-to-month,1,Electronic check,6396.45,1,106.6075,105.9
4110-PFEUZ,0,0,0,0,1,1,0,Fiber optic,0,0,0,0,0,0,Month-to-month,0,Mailed check,69.55,1,69.55,69.55
0732-OCQOC,0,0,1,1,52,1,1,No,0,0,0,0,0,0,Two year,1,Bank transfer (automatic),1270.25,0,24.42788462,25.05
5168-MSWXT,1,0,1,1,8,1,0,Fiber optic,0,0,1,0,1,1,Month-to-month,1,Electronic check,759.55,0,94.94375,94.75
1090-ESELR,1,0,1,1,72,1,0,Fiber optic,1,1,0,1,1,1,Two year,0,Bank transfer (automatic),7611.55,0,105.7159722,105.5
8592-PLTMQ,0,0,0,0,64,1,1,No,0,0,0,0,0,0,One year,0,Mailed check,1642.75,0,25.66796875,24.7
5760-WRAHC,0,1,0,0,22,1,0,DSL,1,0,1,1,0,1,Month-to-month,1,Mailed check,1545.4,0,70.24545455,69.75
8847-GEOOQ,1,0,1,0,60,0,0,DSL,0,1,1,1,1,1,Month-to-month,1,Bank transfer (automatic),3582.4,0,59.70666667,60.2
0256-LTHVJ,0,0,1,1,28,1,0,Fiber optic,0,0,0,0,0,1,Month-to-month,1,Electronic check,2227.1,1,79.53928571,81.05
4785-FCIFB,0,0,1,0,61,1,1,No,0,0,0,0,0,0,Two year,0,Mailed check,1417.9,0,23.2442623,24.4
8313-NDOIA,0,0,0,0,24,1,1,Fiber optic,0,1,1,0,1,1,Month-to-month,1,Electronic check,2494.65,0,103.94375,104.15
5149-CUZUJ,1,0,1,1,28,1,0,Fiber optic,0,1,1,1,1,0,One year,0,Bank transfer (automatic),2768.35,0,98.86964286,92.9
0942-KOWSM,0,0,1,1,30,1,0,DSL,0,1,1,1,1,1,Two year,0,Bank transfer (automatic),2369.3,0,78.97666667,80.8
4237-CLSMM,1,0,1,0,2,1,0,No,0,0,0,0,0,0,Month-to-month,0,Mailed check,38,0,19,20
1452-VOQCH,1,0,0,0,1,1,1,Fiber optic,0,0,0,0,0,0,Month-to-month,1,Electronic check,75.1,0,75.1,75.1
4719-UMSIY,1,0,0,1,6,1,0,No,0,0,0,0,0,0,Month-to-month,0,Mailed check,100.9,0,16.81666667,19.65
6614-VBEGU,0,0,1,0,24,1,0,DSL,0,1,0,0,1,1,Month-to-month,1,Bank transfer (automatic),1614.05,0,67.25208333,69.45
0880-TKATG,1,0,1,1,4,1,1,Fiber optic,0,0,1,0,1,1,Month-to-month,0,Electronic check,385.9,1,96.475,101.15
3811-VBYBZ,1,0,0,0,7,1,1,Fiber optic,0,1,0,0,1,1,Month-to-month,1,Electronic check,673.25,1,96.17857143,99.8
1480-BKXGA,1,1,1,0,72,1,1,Fiber optic,1,1,1,1,1,1,Two year,1,Bank transfer (automatic),8404.9,0,116.7347222,114.729
2996-XAUVF,1,0,0,0,70,0,0,DSL,0,0,0,1,0,1,Two year,1,Mailed check,2799.75,0,39.99642857,40.05
9076-AXYIK,1,1,1,0,64,1,1,Fiber optic,0,0,1,1,1,1,Two year,0,Electronic check,6538.45,0,102.1632813,102.1
5968-XQIVE,1,0,1,1,72,1,1,Fiber optic,0,1,0,0,1,0,One year,1,Electronic check,6588.95,0,91.51319444,89.7
8896-RAZCR,0,0,0,1,44,1,0,No,0,0,0,0,0,0,Two year,0,Mailed check,868.1,0,19.72954545,19.9
4640-UHDOS,0,0,1,1,13,1,0,DSL,0,0,0,0,0,1,Month-to-month,0,Electronic check,734.35,1,56.48846154,55.95
4933-IKULF,0,1,0,0,17,1,0,No,0,0,0,0,0,0,One year,0,Mailed check,330.6,0,19.44705882,20.65
3583-EKAPL,1,0,0,0,1,1,0,DSL,0,0,0,0,0,1,Month-to-month,1,Electronic check,55,1,55,55
1304-BCCFO,1,0,1,0,9,1,0,DSL,0,0,1,0,1,1,Month-to-month,1,Mailed check,564.4,0,62.71111111,70.05
4104-PVRPS,1,0,1,0,24,1,0,DSL,1,0,0,1,0,0,Month-to-month,0,Mailed check,1315.35,0,54.80625,53.6
9399-APLBT,0,0,1,1,1,1,0,Fiber optic,0,1,0,0,0,0,Month-to-month,1,Electronic check,74.7,1,74.7,74.7
2359-KMGLI,1,0,0,0,24,1,1,Fiber optic,0,1,0,0,0,0,Month-to-month,1,Electronic check,1861.5,1,77.5625,80.25
3780-DDGSE,1,1,1,1,35,1,0,DSL,0,1,0,1,1,1,Month-to-month,1,Electronic check,2747.2,0,78.49142857,76.05
4431-EDMIQ,0,0,1,1,7,1,0,DSL,1,1,1,1,1,0,Month-to-month,1,Electronic check,554.05,0,79.15,75.7
0306-JAELE,1,0,0,0,5,1,0,Fiber optic,0,0,0,1,1,1,Month-to-month,1,Electronic check,453.4,1,90.68,96.1
6227-HWPWX,0,0,0,1,15,1,0,Fiber optic,0,0,0,0,0,0,Month-to-month,0,Bank transfer (automatic),994.8,1,66.32,69
0486-LGCCH,1,0,1,1,11,1,0,No,0,0,0,0,0,0,Two year,0,Mailed check,225.75,0,20.52272727,19.65
0447-BEMNG,0,0,1,0,48,0,0,DSL,1,0,1,0,0,1,Month-to-month,1,Bank transfer (automatic),2145,1,44.6875,45.3
4612-SSVHJ,0,1,0,0,20,1,0,Fiber optic,0,0,0,0,0,1,Month-to-month,1,Electronic check,1671.6,0,83.58,81.45
5168-MQQCA,0,0,1,0,72,1,1,Fiber optic,0,1,1,1,1,1,One year,1,Bank transfer (automatic),8003.8,0,111.1638889,108.5
5949-XIKAE,0,0,1,1,8,1,0,Fiber optic,0,1,0,0,1,0,Month-to-month,1,Electronic check,680.05,1,85.00625,83.55
7971-HLVXI,1,0,1,1,72,1,1,Fiber optic,0,0,0,0,0,1,Two year,1,Credit card (automatic),6130.85,0,85.15069444,84.5
9094-AZPHK,0,0,0,0,15,1,1,Fiber optic,0,1,0,0,1,1,Month-to-month,1,Electronic check,1415,0,94.33333333,100.15
3649-JPUGY,1,0,0,0,72,1,1,DSL,0,1,1,1,1,1,Two year,1,Bank transfer (automatic),6201.95,0,86.13819444,88.6
4472-LVYGI,0,0,1,1,0,0,0,DSL,1,0,1,1,1,0,Two year,1,Bank transfer (automatic),2283.300441,0,inf,52.55
8372-JUXUI,1,0,0,1,1,1,1,Fiber optic,0,0,0,0,0,0,Month-to-month,1,Electronic check,74.35,1,74.35,74.35
3552-CTCYF,1,0,1,1,63,1,1,Fiber optic,0,1,1,0,1,1,Two year,1,Bank transfer (automatic),6597.25,0,104.718254,104.8
6778-YSNIH,0,0,0,0,2,1,0,DSL,0,1,0,0,1,0,Month-to-month,1,Electronic check,114.15,0,57.075,59
0388-EOPEX,0,0,1,0,2,1,0,Fiber optic,1,0,0,0,0,0,Month-to-month,1,Electronic check,139.4,1,69.7,74.4
5756-OZRIO,1,1,1,0,61,1,1,DSL,0,1,0,0,0,1,One year,0,Bank transfer (automatic),3902.6,0,63.97704918,64.05
6579-JPICP,1,0,0,0,1,1,0,No,0,0,0,0,0,0,Month-to-month,0,Mailed check,20.4,0,20.4,20.4
8205-OTCHB,1,0,0,0,22,0,0,DSL,0,1,1,0,0,1,One year,1,Bank transfer (automatic),903.6,1,41.07272727,43.75
4134-BSXLX,1,0,1,0,28,1,0,DSL,1,1,0,1,0,0,Month-to-month,0,Mailed check,1785.65,0,63.77321429,60.9
0505-SPOOW,0,0,1,0,70,1,0,No,0,0,0,0,0,0,Two year,0,Bank transfer (automatic),1397.65,0,19.96642857,19.8
6235-VDHOM,0,1,0,0,5,0,0,DSL,0,1,0,0,0,0,Month-to-month,0,Electronic check,131.05,1,26.21,28.45
7783-YKGDV,0,0,0,0,12,1,1,Fiber optic,1,1,1,0,0,1,Month-to-month,1,Bank transfer (automatic),1238.45,1,103.2041667,99.7
4374-YMUSQ,1,0,0,0,34,1,1,Fiber optic,1,1,1,1,1,1,One year,0,Credit card (automatic),3899.05,0,114.6779412,114.729
4513-CXYIX,0,1,1,0,71,1,1,Fiber optic,1,0,0,0,0,0,Two year,1,Credit card (automatic),5676,0,79.94366197,80.7
3957-HHLMR,0,0,1,1,70,1,1,DSL,1,0,0,0,0,1,One year,0,Bank transfer (automatic),4543.15,0,64.90214286,65.2
7803-XOCCZ,0,0,1,1,52,1,0,Fiber optic,1,0,1,1,0,0,Month-to-month,1,Bank transfer (automatic),4326.8,0,83.20769231,84.05
5736-YEJAX,1,0,0,1,69,1,1,DSL,1,1,1,1,1,0,Two year,1,Credit card (automatic),5502.55,0,79.74710145,79.45
5609-CEBID,0,1,0,0,20,1,1,Fiber optic,0,1,1,0,0,1,Month-to-month,1,Electronic check,1782.4,1,89.12,94.1
8981-FJGLA,1,0,0,1,11,1,1,Fiber optic,0,0,1,0,0,0,Month-to-month,1,Mailed check,851.8,0,77.43636364,78
7218-HKQFK,1,0,1,0,2,1,0,Fiber optic,0,0,0,1,1,1,Month-to-month,1,Electronic check,167.5,1,83.75,94.2
4636-QRJKY,0,0,1,1,6,1,1,Fiber optic,0,0,0,1,0,0,Month-to-month,1,Electronic check,502.85,1,83.80833333,80.5
1135-LMECX,0,0,0,0,1,1,0,No,0,0,0,0,0,0,Month-to-month,0,Mailed check,19.85,0,19.85,19.85
4332-MUOEZ,1,1,1,1,20,1,0,Fiber optic,1,0,1,1,0,1,One year,0,Credit card (automatic),1818.3,0,90.915,94.3
8535-SFUTN,1,0,0,0,61,1,1,Fiber optic,1,0,1,0,1,1,Month-to-month,1,Electronic check,6300.15,0,103.2811475,106.45
5956-VKDTT,0,1,1,0,5,1,1,Fiber optic,0,0,0,0,0,0,Month-to-month,1,Electronic check,334.8,1,66.96,74.35
8677-HDZEE,0,0,0,0,56,1,1,Fiber optic,0,1,0,1,1,1,Month-to-month,1,Bank transfer (automatic),5916.95,0,105.6598214,105.45
2475-MROZF,1,0,0,0,30,1,1,Fiber optic,1,1,1,1,0,0,Month-to-month,1,Credit card (automatic),2852.4,0,95.08,95
9412-GHEEC,1,0,0,0,40,1,1,Fiber optic,0,0,1,1,1,1,Month-to-month,0,Bank transfer (automatic),4131.95,1,103.29875,104.8
3482-ABPKK,0,0,0,0,28,1,0,DSL,1,0,0,1,0,0,One year,0,Mailed check,1546.3,0,55.225,54.3
6705-LXORM,0,1,1,0,5,1,0,Fiber optic,0,0,0,0,0,0,Month-to-month,0,Electronic check,302.6,0,60.52,70.05
0257-ZESQC,0,1,1,0,27,1,0,Fiber optic,1,0,0,0,0,0,Month-to-month,1,Bank transfer (automatic),1929.35,1,71.45740741,75.2
7531-GQHME,1,0,0,0,12,1,0,No,0,0,0,0,0,0,Month-to-month,0,Credit card (automatic),265.45,0,22.12083333,20.05
5174-ITUMV,1,0,1,1,67,1,1,Fiber optic,0,1,1,0,1,1,One year,1,Electronic check,6989.45,0,104.3201493,105.4
4109-CYRBD,1,1,1,0,29,1,1,DSL,0,0,0,0,0,0,Month-to-month,1,Electronic check,1442,0,49.72413793,51.6
0913-XWSCN,1,0,1,1,55,1,1,Fiber optic,0,0,0,0,0,1,Month-to-month,0,Bank transfer (automatic),4713.4,0,85.69818182,85.5
6825-UYPFK,0,0,0,0,23,1,1,Fiber optic,0,0,0,0,0,0,Month-to-month,0,Bank transfer (automatic),1758.6,1,76.46086957,75.6
8397-MVTAZ,1,0,1,0,34,1,1,Fiber optic,0,0,1,0,1,1,Month-to-month,1,Electronic check,3480,1,102.3529412,100.05
0750-EBAIU,1,0,0,0,52,1,0,Fiber optic,1,0,1,0,1,0,One year,0,Electronic check,4738.3,0,91.12115385,91.25
8606-CIQUL,1,1,1,1,72,1,1,Fiber optic,1,1,1,1,1,1,Two year,1,Credit card (automatic),8399.15,0,116.6548611,114.729
3571-DPYUH,1,0,1,1,58,1,1,Fiber optic,0,1,0,1,1,0,One year,1,Credit card (automatic),5430.35,0,93.62672414,94.7
7601-GNDYK,1,0,1,1,35,1,0,No,0,0,0,0,0,0,Two year,0,Mailed check,686.95,0,19.62714286,19.6
0356-OBMAC,0,1,0,0,56,1,1,Fiber optic,0,1,1,1,1,0,Two year,1,Bank transfer (automatic),5706.3,0,101.8982143,99.9
8067-NIOYM,0,0,1,1,24,1,0,No,0,0,0,0,0,0,Two year,1,Credit card (automatic),490.65,0,20.44375,21.1
1403-GYAFU,1,0,1,1,70,1,0,No,0,0,0,0,0,0,Two year,0,Credit card (automatic),1360.25,0,19.43214286,20.05
4234-XTNEA,1,0,0,0,2,1,0,Fiber optic,0,0,0,0,1,0,Month-to-month,1,Electronic check,174.45,0,87.225,79.95
1297-VQDRP,1,1,1,1,68,1,1,Fiber optic,0,0,1,1,1,1,One year,1,Credit card (automatic),7379.8,0,108.5264706,107.15
9282-IZGQK,0,0,0,0,1,1,1,Fiber optic,0,0,0,0,0,1,Month-to-month,1,Electronic check,85,1,85,85
5348-CAGXB,1,0,0,0,12,1,1,Fiber optic,0,0,1,0,1,0,Month-to-month,1,Electronic check,1021.75,0,85.14583333,89.55
0621-HJWXJ,0,0,1,0,63,1,1,Fiber optic,0,1,0,0,0,0,Month-to-month,1,Bank transfer (automatic),5029.05,0,79.82619048,81.55
5844-QVTAT,0,0,1,1,33,1,0,DSL,1,1,1,0,0,0,One year,1,Mailed check,1955.4,0,59.25454545,58.45
8905-IAZPF,0,0,1,0,69,1,0,Fiber optic,0,1,0,0,1,1,One year,1,Credit card (automatic),6744.2,0,97.74202899,95.65
5394-MEITZ,0,0,1,1,60,1,0,DSL,0,1,1,1,1,1,Two year,1,Bank transfer (automatic),4946.7,0,82.445,80.6
6859-QNXIQ,0,0,1,1,72,1,1,Fiber optic,1,1,1,1,1,1,Two year,1,Bank transfer (automatic),8248.5,0,114.5625,113.1
2782-LFZVW,0,0,0,0,11,1,1,DSL,0,0,0,0,0,1,Month-to-month,1,Mailed check,601.6,0,54.69090909,58.95
2866-IKBTM,0,0,0,0,1,1,0,No,0,0,0,0,0,0,Month-to-month,0,Mailed check,19.55,0,19.55,19.55
1342-JPNKI,1,0,0,0,10,1,1,Fiber optic,0,0,0,0,1,0,Month-to-month,1,Bank transfer (automatic),834.1,1,83.41,86.05
2817-NTQDO,1,0,0,0,13,0,0,DSL,1,0,0,1,1,0,Month-to-month,1,Credit card (automatic),597,1,45.92307692,45.55
7129-AZJDE,1,0,1,1,34,1,0,Fiber optic,0,0,0,0,0,1,One year,1,Bank transfer (automatic),2647.2,0,77.85882353,78.95
6986-IJDHX,1,0,1,1,39,1,0,Fiber optic,0,1,0,0,1,0,Month-to-month,1,Mailed check,3266,1,83.74358974,86.3
2560-PPCHE,0,0,0,0,65,1,1,Fiber optic,0,1,0,1,1,1,One year,1,Bank transfer (automatic),6744.25,0,103.7576923,105.05
4676-MQUEA,1,1,1,0,50,1,1,Fiber optic,1,1,1,0,1,0,One year,1,Bank transfer (automatic),5265.5,0,105.31,101.9
8138-EALND,1,0,0,0,15,1,0,No,0,0,0,0,0,0,Month-to-month,0,Mailed check,311.6,0,20.77333333,19.75
3580-HYCSP,1,0,1,1,72,1,1,Fiber optic,1,1,1,0,1,1,Two year,1,Bank transfer (automatic),7966.9,0,110.6513889,110.3
1352-HNSAW,0,0,1,1,72,1,1,Fiber optic,1,1,1,1,1,1,Two year,1,Bank transfer (automatic),8220.4,0,114.1722222,114.729
2075-PUEPR,1,0,1,1,55,1,0,No,0,0,0,0,0,0,Two year,0,Bank transfer (automatic),1153.25,0,20.96818182,19.35
1982-FEBTD,0,0,1,1,23,1,1,No,0,0,0,0,0,0,Two year,1,Credit card (automatic),514.75,0,22.38043478,25.6
5301-GAUUY,1,0,0,0,32,1,1,Fiber optic,0,1,0,0,0,0,Month-to-month,1,Bank transfer (automatic),2596.15,1,81.1296875,80.35
5791-KAJFD,0,0,1,1,56,1,1,DSL,1,0,1,0,0,1,One year,1,Bank transfer (automatic),3808,0,68,68.75
2654-VBVPB,0,0,0,0,1,1,0,No,0,0,0,0,0,0,Month-to-month,0,Bank transfer (automatic),19.9,0,19.9,19.9
1154-HYWWO,1,0,0,0,38,1,0,DSL,1,1,0,1,1,0,One year,0,Mailed check,2708.2,0,71.26842105,70.6
2501-XWWTZ,1,0,0,0,11,1,0,Fiber optic,0,0,0,0,0,0,Month-to-month,0,Electronic check,760.05,0,69.09545455,70.2
3716-UVSPD,1,0,0,0,1,1,0,DSL,0,0,0,1,0,0,Month-to-month,1,Electronic check,49.3,0,49.3,49.3
6815-ABQFQ,1,0,1,0,56,1,1,Fiber optic,0,1,0,1,1,1,One year,1,Electronic check,6033.3,0,107.7375,107.25
7343-EOBEU,1,0,1,0,3,1,1,No,0,0,0,0,0,0,Month-to-month,1,Mailed check,89.05,0,29.68333333,23.6
3701-SFMUH,1,0,1,1,7,1,0,DSL,1,0,0,0,1,1,Month-to-month,0,Credit card (automatic),516.15,0,73.73571429,69.7
6103-LIANB,1,0,1,1,59,1,1,Fiber optic,0,0,1,0,1,1,Two year,1,Credit card (automatic),5861.75,0,99.35169492,99.5
7319-VENRZ,1,0,0,0,7,1,0,DSL,0,0,1,1,1,0,Month-to-month,0,Bank transfer (automatic),445.95,0,63.70714286,64.3
5846-NEQVZ,1,0,1,1,71,1,0,DSL,1,0,1,1,0,1,Two year,1,Credit card (automatic),4973.4,0,70.04788732,70.85
6967-QIQRV,1,0,1,1,15,1,0,Fiber optic,1,0,0,1,1,1,One year,0,Electronic check,1667.25,0,111.15,101.9
5781-RFZRP,1,0,1,0,71,1,1,DSL,1,1,0,1,1,0,Two year,0,Credit card (automatic),5357.75,0,75.46126761,73.5
0939-YAPAF,0,0,0,0,35,1,1,Fiber optic,0,0,1,0,1,1,Month-to-month,1,Electronic check,3527.6,1,100.7885714,100.25
0308-IVGOK,0,0,0,0,11,0,0,DSL,0,1,1,1,0,0,One year,1,Credit card (automatic),422.6,0,38.41818182,40.4
7293-LSCDV,0,0,1,1,60,1,0,No,0,0,0,0,0,0,Two year,1,Credit card (automatic),1103.25,0,18.3875,19.25
7025-WCBNE,1,1,0,0,47,1,1,DSL,0,1,0,1,0,0,Two year,0,Bank transfer (automatic),2754,0,58.59574468,59.6
5756-JYOJT,0,0,0,0,11,1,0,DSL,0,0,1,1,0,1,One year,0,Credit card (automatic),697.25,0,63.38636364,64.9
4710-FDUIZ,1,0,1,0,56,1,1,Fiber optic,0,1,0,0,1,1,One year,0,Credit card (automatic),5614.45,1,100.2580357,100.3
6030-REHUX,0,1,1,0,28,1,1,Fiber optic,0,1,1,1,1,1,Month-to-month,1,Electronic check,3204.4,0,114.4428571,110.85
9548-LIGTA,1,0,1,0,61,1,0,DSL,1,1,0,1,1,1,Two year,1,Mailed check,4747.65,0,77.83032787,81.05
5150-LJNSR,1,0,1,1,31,1,1,Fiber optic,1,0,1,0,1,0,One year,0,Bank transfer (automatic),3082.1,0,99.42258065,98.05
8270-RKSAP,1,0,0,0,9,1,0,Fiber optic,0,0,0,0,0,0,Month-to-month,1,Electronic check,597.9,0,66.43333333,70.5
6522-YRBXD,1,1,1,0,35,1,1,Fiber optic,1,1,0,0,0,1,Month-to-month,1,Electronic check,3365.4,0,96.15428571,94.55
2640-LYMOV,1,0,0,0,2,1,0,No,0,0,0,0,0,0,Month-to-month,1,Mailed check,38.8,0,19.4,19.65
1218-VKFPE,0,0,1,1,12,1,0,No,0,0,0,0,0,0,Month-to-month,0,Mailed check,233.55,1,19.4625,19
3627-FHKBK,0,0,0,0,1,1,0,Fiber optic,1,0,0,0,0,0,Month-to-month,0,Mailed check,75.3,1,75.3,75.3
2865-TCHJW,0,1,0,0,4,1,1,Fiber optic,0,0,1,0,1,0,Month-to-month,1,Electronic check,346.2,1,86.55,89.2
1423-BMPBQ,0,0,1,1,1,1,0,No,0,0,0,0,0,0,Month-to-month,1,Mailed check,19,0,19,19
2393-DIVAI,0,0,0,0,3,1,0,No,0,0,0,0,0,0,Month-to-month,1,Mailed check,61.7,0,20.56666667,20
5192-EBGOV,0,1,0,0,1,1,1,Fiber optic,0,0,0,0,1,0,Month-to-month,1,Electronic check,85.7,1,85.7,85.7
4568-KNYWR,1,0,0,0,52,1,0,DSL,1,1,0,0,1,0,Two year,1,Credit card (automatic),3342.45,0,64.27788462,63.25
8752-IMQOS,1,0,1,1,5,1,0,No,0,0,0,0,0,0,One year,0,Mailed check,85.1,0,17.02,20.1
0742-LAFQK,1,0,1,0,72,1,1,Fiber optic,1,1,1,0,0,1,Two year,1,Electronic check,7422.1,0,103.0847222,99.15
0795-LAFGP,1,0,1,1,71,1,1,DSL,1,1,1,1,1,1,Two year,0,Electronic check,6668.05,0,93.91619718,90.4
0619-OLYUR,1,0,1,0,72,1,1,Fiber optic,1,0,1,1,1,1,Two year,1,Credit card (automatic),8071.05,0,112.0979167,111.9
5512-IDZEI,1,0,1,1,46,1,1,No,0,0,0,0,0,0,One year,0,Electronic check,1174.8,0,25.53913043,24.9
0459-SPZHJ,1,0,1,1,63,1,1,DSL,1,1,1,0,1,1,Two year,0,Credit card (automatic),5435,0,86.26984127,83.5
0215-BQKGS,1,0,0,0,30,1,0,Fiber optic,1,1,1,0,0,0,Month-to-month,1,Credit card (automatic),2438.6,0,81.28666667,84.3
9244-ZVAPM,1,0,0,0,1,1,0,DSL,0,0,0,0,0,0,Month-to-month,0,Mailed check,45.6,0,45.6,45.6
0719-SYFRB,0,0,0,0,12,1,1,DSL,1,0,1,1,0,0,Month-to-month,1,Mailed check,713.75,1,59.47916667,61.65
8208-EUMTE,1,0,0,0,16,0,0,DSL,1,1,1,1,1,0,Two year,0,Mailed check,916.15,0,57.259375,54.85
5172-MIGPM,1,0,0,0,4,1,1,DSL,0,0,0,1,0,1,Month-to-month,0,Mailed check,237.2,0,59.3,65.55
1710-RCXUS,1,0,1,0,51,1,1,Fiber optic,0,1,0,0,0,1,One year,1,Credit card (automatic),4614.55,0,90.48137255,90.35
0374-FIUCA,1,0,1,0,65,1,0,No,0,0,0,0,0,0,Two year,1,Credit card (automatic),1414.45,0,21.76076923,20.4
5839-SUYVZ,1,0,0,0,16,1,0,Fiber optic,0,0,0,1,0,0,Month-to-month,1,Credit card (automatic),1170.5,0,73.15625,74.55
5173-ZXXXL,1,0,0,0,2,1,0,No,0,0,0,0,0,0,One year,0,Mailed check,47.7,0,23.85,19.95
1096-ADRUX,0,0,1,1,66,1,1,Fiber optic,0,0,0,0,0,0,One year,1,Bank transfer (automatic),4859.25,0,73.625,74.25
2001-MCUUW,1,0,0,0,46,1,1,Fiber optic,0,1,1,1,1,1,Two year,0,Electronic check,4903.2,0,106.5913043,108.65
2731-GJRDG,0,0,0,0,32,1,1,Fiber optic,1,0,1,1,1,1,One year,1,Bank transfer (automatic),3608,0,112.75,109.55
4723-BEGSG,1,0,1,0,72,1,1,DSL,1,0,1,1,1,1,Two year,0,Credit card (automatic),6094.25,0,84.64236111,86.65
6516-NKQBO,1,0,1,1,38,1,0,DSL,1,0,1,1,1,1,Two year,0,Credit card (automatic),3084.9,0,81.18157895,81
8672-OAUPW,1,0,0,1,51,1,0,DSL,0,0,0,1,0,0,One year,0,Credit card (automatic),2356.75,0,46.21078431,47.85
8207-DMRVL,1,0,1,1,72,1,1,Fiber optic,1,1,1,1,1,1,Two year,0,Bank transfer (automatic),8306.05,0,115.3618056,114.55
3419-SNJJD,0,1,1,0,65,1,1,Fiber optic,1,0,1,0,1,1,Month-to-month,0,Bank transfer (automatic),6786.4,1,104.4061538,105.25
6543-CPZMK,1,0,1,1,9,0,0,DSL,0,1,0,0,0,0,Month-to-month,1,Electronic check,248.95,1,27.66111111,29.95
4765-OXPPD,0,0,1,1,9,1,0,DSL,1,1,1,1,0,0,Month-to-month,0,Mailed check,663.05,1,73.67222222,65
2804-ETQDK,1,0,0,1,66,1,0,No,0,0,0,0,0,0,Two year,0,Mailed check,1357.1,0,20.56212121,20.55
6689-VRRTK,0,1,0,0,44,1,1,Fiber optic,1,1,1,0,1,1,One year,1,Credit card (automatic),4860.35,0,110.4625,109.8
7138-GIRSH,1,0,0,0,50,1,1,DSL,0,0,1,1,0,1,Two year,0,Bank transfer (automatic),3418.2,0,68.364,69.5
9396-ZSFLL,0,0,0,0,15,1,1,DSL,0,0,0,0,0,0,Month-to-month,0,Mailed check,631.4,0,42.09333333,48.85
6464-KEXXH,1,0,0,0,8,0,0,DSL,0,0,0,0,0,0,Month-to-month,1,Credit card (automatic),186.3,0,23.2875,25.25
7134-MJPDY,0,1,0,0,66,1,1,Fiber optic,0,0,1,1,1,1,One year,1,Credit card (automatic),6976.75,0,105.7083333,102.85
5240-CAOYT,0,0,0,0,57,1,1,Fiber optic,1,1,0,1,0,0,Month-to-month,1,Bank transfer (automatic),4884.85,0,85.69912281,87.55
4059-IIEBK,0,0,0,0,7,1,1,Fiber optic,0,1,0,0,0,0,Month-to-month,1,Bank transfer (automatic),522.95,0,74.70714286,78.55
4881-JVQOD,1,1,1,1,10,0,0,DSL,0,0,0,0,0,1,Month-to-month,1,Bank transfer (automatic),362.6,0,36.26,34.55
0516-UXRMT,0,0,0,0,62,1,1,Fiber optic,1,1,1,0,0,0,One year,1,Electronic check,5755.8,0,92.83548387,92.05
4851-BQDNX,1,0,1,1,40,1,0,Fiber optic,0,0,1,0,1,0,One year,1,Electronic check,3355.65,0,83.89125,85.05
5148-HKFIR,0,0,0,0,20,1,0,No,0,0,0,0,0,0,Two year,0,Mailed check,406.95,0,20.3475,19.7
1009-IRMNA,0,0,0,0,7,1,0,No,0,0,0,0,0,0,Month-to-month,0,Bank transfer (automatic),137.6,1,19.65714286,20
3003-CMDUU,0,0,1,0,25,1,0,Fiber optic,0,0,0,1,1,1,Month-to-month,1,Electronic check,2395.7,0,95.828,95.15
5016-IBERQ,1,0,1,0,23,1,1,Fiber optic,0,1,1,0,0,0,Month-to-month,0,Electronic check,1968.1,0,85.56956522,84.25
6797-UCJHZ,0,1,1,0,66,1,1,Fiber optic,0,1,1,0,1,1,One year,0,Credit card (automatic),6819.45,0,103.325,104.6
2469-DTSGX,0,1,0,0,72,1,1,Fiber optic,0,1,1,1,1,1,Two year,0,Electronic check,7943.45,0,110.3256944,111.65
4554-YGZIH,1,1,1,0,49,1,1,Fiber optic,0,1,0,0,0,1,Month-to-month,0,Credit card (automatic),4547.25,1,92.80102041,90.05
5099-BAILX,1,1,1,1,43,1,1,Fiber optic,0,1,1,1,1,1,Month-to-month,1,Bank transfer (automatic),4687.9,1,109.0209302,110.75
9931-KGHOA,0,0,1,0,46,1,1,DSL,1,0,0,0,0,0,Month-to-month,0,Bank transfer (automatic),2473.95,0,53.78152174,55
1775-KWJKQ,1,0,1,1,72,1,1,DSL,1,1,1,1,1,1,Two year,0,Credit card (automatic),6562.9,0,91.15138889,89.85
7665-VIGUD,1,0,0,0,10,1,0,No,0,0,0,0,0,0,One year,0,Mailed check,176.3,0,17.63,20.35
9411-TPQQV,0,0,0,0,40,0,0,DSL,1,0,0,1,1,1,One year,1,Bank transfer (automatic),2236.2,0,55.905,54.55
7207-RMRDB,0,0,1,1,65,1,1,Fiber optic,0,1,1,0,1,1,Month-to-month,1,Electronic check,6985.65,1,107.4715385,105.5
7954-MLBUN,1,0,0,0,31,1,0,Fiber optic,0,0,1,1,1,1,Two year,0,Bank transfer (automatic),3109.9,0,100.3193548,99.45
2077-DDHJK,0,0,1,0,68,1,1,DSL,1,1,1,1,0,0,Two year,0,Credit card (automatic),4911.35,0,72.22573529,70.9
4913-EHYUI,1,1,1,1,56,1,1,Fiber optic,1,0,1,0,1,1,One year,1,Bank transfer (automatic),5794.65,1,103.4758929,104.55
0195-IESCP,1,0,1,0,10,1,1,Fiber optic,0,0,0,0,0,1,Month-to-month,1,Electronic check,855.3,1,85.53,85.25
9574-BOSMD,1,0,1,1,68,1,1,No,0,0,0,0,0,0,Two year,0,Bank transfer (automatic),1620.2,0,23.82647059,25.4
4580-TMHJU,0,0,1,1,43,1,0,DSL,0,0,0,0,1,0,Month-to-month,0,Electronic check,2499.3,1,58.12325581,56.15
0970-ETWGE,1,0,0,0,1,1,0,Fiber optic,0,0,0,0,1,1,Month-to-month,1,Electronic check,89.55,1,89.55,89.55
4908-XAXAY,0,1,0,0,49,1,0,Fiber optic,0,1,1,0,0,1,One year,1,Bank transfer (automatic),4287.2,0,87.49387755,89.85
8404-VLQFB,0,0,1,1,15,1,1,No,0,0,0,0,0,0,Month-to-month,1,Electronic check,394.85,0,26.32333333,25.25
1626-ERCMM,1,1,1,0,20,1,1,Fiber optic,0,0,0,0,1,1,Month-to-month,1,Electronic check,1899.65,1,94.9825,94.55
0887-HJGAR,1,0,0,0,1,1,0,DSL,0,0,0,0,0,0,Month-to-month,1,Mailed check,45.7,1,45.7,45.7
2391-IPLOP,1,0,1,1,50,1,1,DSL,0,0,1,1,1,0,One year,1,Electronic check,3442.15,0,68.843,69.65
5644-PDMZC,0,1,0,0,2,1,1,Fiber optic,0,1,0,0,0,1,Month-to-month,0,Electronic check,161.5,1,80.75,89.5
3509-GWQGF,1,1,0,0,24,1,0,Fiber optic,0,0,0,0,0,0,Month-to-month,0,Credit card (automatic),1732.6,0,72.19166667,70
9576-ANLXO,0,0,0,0,3,1,0,Fiber optic,0,0,0,0,0,0,Month-to-month,1,Bank transfer (automatic),222.3,1,74.1,69.55
2024-BASKD,0,0,0,0,1,1,0,Fiber optic,0,0,1,0,0,0,Month-to-month,1,Mailed check,74.6,1,74.6,74.6
5845-BZZIB,1,0,1,1,35,1,0,No,0,0,0,0,0,0,Two year,0,Mailed check,655.3,0,18.72285714,20.1
1140-UKVZG,0,0,0,0,17,1,1,No,0,0,0,0,0,0,Month-to-month,0,Mailed check,475.25,0,27.95588235,24.8
4160-AMJTL,0,1,0,0,8,1,0,No,0,0,0,0,0,0,Month-to-month,0,Electronic check,164.3,1,20.5375,19.65
5183-SNMJQ,1,0,0,0,10,1,0,Fiber optic,0,0,0,1,1,1,Month-to-month,1,Credit card (automatic),865.1,0,86.51,95.1
8100-PNJMH,1,0,1,1,68,1,1,DSL,1,1,1,1,1,1,Two year,1,Credit card (automatic),6132.7,0,90.18676471,88.85
7838-LAZFO,1,0,1,0,45,1,0,DSL,1,1,1,0,1,1,One year,0,Bank transfer (automatic),3597.5,0,79.94444444,78.8
4464-JCOLN,1,0,1,1,2,1,0,No,0,0,0,0,0,0,One year,0,Mailed check,35.9,1,17.95,19.85
2085-JVGAD,1,0,1,0,37,1,0,No,0,0,0,0,0,0,Month-to-month,0,Bank transfer (automatic),697.65,0,18.85540541,20.35
5650-VDUDS,0,0,0,0,4,0,0,DSL,0,0,0,0,0,0,Month-to-month,1,Mailed check,96.05,1,24.0125,24.25
8095-WANWK,0,0,0,0,10,1,0,DSL,0,0,0,0,0,0,Month-to-month,0,Mailed check,428.7,0,42.87,45.25
3030-ZKIWL,1,0,0,0,1,1,0,No,0,0,0,0,0,0,Month-to-month,0,Mailed check,20.05,0,20.05,20.05
9565-FLVCG,1,0,1,1,65,1,1,DSL,1,1,0,0,0,1,Two year,1,Mailed check,4459.15,0,68.60230769,69.55
8755-OGKNA,0,0,1,1,57,1,0,No,0,0,0,0,0,0,Two year,0,Bank transfer (automatic),1167.6,0,20.48421053,19.5
2800-VEQXM,0,0,0,0,3,1,0,Fiber optic,0,0,1,0,0,0,Month-to-month,1,Mailed check,238.1,0,79.36666667,74.75
7538-GWHML,0,0,0,0,2,1,0,Fiber optic,0,0,0,0,0,0,Month-to-month,0,Electronic check,145.15,1,72.575,69.65
5533-RJFTJ,1,0,0,0,49,0,0,DSL,0,0,1,0,0,0,Month-to-month,1,Bank transfer (automatic),1453.1,0,29.65510204,30.2
3859-CVCET,0,0,0,0,4,1,0,DSL,0,0,0,0,0,0,Month-to-month,0,Mailed check,191.05,1,47.7625,45.65
0214-JHPFW,0,0,1,0,70,0,0,DSL,0,1,1,1,1,1,Two year,0,Bank transfer (automatic),4039.3,0,57.70428571,57.8
5642-MHDQT,0,0,1,1,53,1,0,No,0,0,0,0,0,0,One year,1,Bank transfer (automatic),1039.45,0,19.61226415,19.85
3088-FVYWK,1,0,1,1,53,1,1,No,0,0,0,0,0,0,Two year,0,Credit card (automatic),1336.1,0,25.20943396,25.55
3276-HDUEG,0,0,0,0,1,1,1,Fiber optic,0,0,0,0,0,0,Month-to-month,1,Mailed check,75.05,1,75.05,75.05
9092-GDZKO,1,0,0,0,22,1,1,No,0,0,0,0,0,0,Month-to-month,1,Credit card (automatic),493.4,0,22.42727273,24.85
0823-HSCDJ,1,1,0,0,52,0,0,DSL,0,1,0,0,1,1,Month-to-month,1,Electronic check,2550.9,1,49.05576923,49.15
3729-OWRVL,1,1,0,0,65,1,1,Fiber optic,1,0,1,1,1,1,Two year,1,Electronic check,7246.15,0,111.4792308,110.35
2324-AALNO,0,0,0,0,48,1,1,No,0,0,0,0,0,0,One year,0,Bank transfer (automatic),1203.95,0,25.08229167,24.55
0822-GAVAP,0,0,0,0,2,0,0,DSL,0,0,0,0,0,1,Month-to-month,1,Electronic check,62.25,1,31.125,34.7
5760-IFJOZ,1,0,0,0,3,1,1,Fiber optic,0,1,1,0,1,1,Month-to-month,0,Mailed check,313.6,0,104.5333333,107.95
2826-UWHIS,1,0,1,0,45,1,1,Fiber optic,0,1,0,0,0,0,Month-to-month,0,Bank transfer (automatic),3775.85,0,83.90777778,81.4
1448-PWKYE,1,0,1,1,1,1,0,Fiber optic,0,0,0,0,0,1,Month-to-month,0,Electronic check,80,1,80,80
7501-IWUNG,0,0,1,1,61,1,0,DSL,0,0,1,1,1,1,Two year,1,Bank transfer (automatic),4616.05,0,75.67295082,73.8
4957-TREIR,1,0,0,0,3,1,0,DSL,1,0,0,1,1,0,Month-to-month,1,Credit card (automatic),195.65,0,65.21666667,64.4
7251-LJBQN,0,1,0,0,40,1,1,Fiber optic,0,0,1,1,1,1,One year,1,Credit card (automatic),4188.4,0,104.71,103.75
8040-MNRTF,0,0,0,0,1,1,0,Fiber optic,0,0,0,0,0,0,Month-to-month,0,Mailed check,71.1,0,71.1,71.1
1536-HBSWP,0,0,0,0,1,1,0,DSL,0,0,0,1,0,0,Month-to-month,1,Electronic check,49.9,0,49.9,49.9
5313-FPXWG,1,0,0,0,51,1,1,No,0,0,0,0,0,0,One year,1,Bank transfer (automatic),1266.4,0,24.83137255,24.6
0067-DKWBL,1,1,0,0,2,1,0,DSL,1,0,0,0,0,0,Month-to-month,1,Electronic check,91.1,1,45.55,49.25
0946-FKYTX,1,0,0,0,52,0,0,DSL,0,1,0,0,0,0,One year,0,Mailed check,1623.4,0,31.21923077,30.1
5076-YVXCM,1,0,0,0,51,1,1,Fiber optic,0,0,0,0,0,1,Month-to-month,0,Bank transfer (automatic),4149.45,0,81.36176471,83.4
8262-COGGB,1,0,0,0,1,1,0,No,0,0,0,0,0,0,Month-to-month,1,Mailed check,20.45,0,20.45,20.45
6663-JOCQO,1,0,1,1,31,1,1,DSL,1,1,0,1,0,1,One year,1,Bank transfer (automatic),2344.5,0,75.62903226,75.25
9620-QJREV,1,0,0,1,47,1,0,No,0,0,0,0,0,0,One year,0,Credit card (automatic),1013.05,0,21.55425532,20.55
2276-YDAVZ,0,0,0,0,3,1,1,Fiber optic,0,0,0,0,0,0,Month-to-month,1,Credit card (automatic),270.7,1,90.23333333,75.1
2682-KEVRP,0,1,0,0,22,1,0,No,0,0,0,0,0,0,One year,1,Mailed check,417,0,18.95454545,20.05
2480-JZOSN,0,0,1,0,1,1,0,No,0,0,0,0,0,0,Month-to-month,1,Mailed check,20.65,0,20.65,20.65
0078-XZMHT,1,0,1,0,72,1,1,DSL,0,1,1,1,1,1,Two year,1,Bank transfer (automatic),6316.2,0,87.725,85.15
5896-NPFWW,1,0,1,1,3,1,0,DSL,0,0,1,0,0,0,Month-to-month,1,Electronic check,168.15,1,56.05,50.15
9978-HYCIN,1,1,1,1,47,1,0,Fiber optic,0,1,0,0,1,0,One year,1,Bank transfer (automatic),4018.05,0,85.49042553,84.95
8338-QIUNR,1,0,1,1,72,1,1,DSL,1,0,1,1,0,0,Two year,1,Credit card (automatic),4811.6,0,66.82777778,66.5
1525-LNLOJ,1,0,1,1,66,1,1,DSL,0,0,1,0,1,0,Two year,1,Bank transfer (automatic),4189.7,0,63.48030303,63.3
9450-TRJUU,1,0,0,0,35,1,1,Fiber optic,0,0,0,0,1,0,Month-to-month,0,Electronic check,2848.45,0,81.38428571,83.15
1766-GKNMI,1,0,0,0,29,1,1,Fiber optic,0,0,0,0,0,1,Month-to-month,1,Electronic check,2516.2,0,86.76551724,84.9
6942-LBFDP,0,0,0,0,2,1,0,No,0,0,0,0,0,0,Month-to-month,1,Mailed check,33.6,0,16.8,20.55
1456-TWCGB,1,0,0,0,4,1,0,DSL,0,1,0,0,0,0,Month-to-month,0,Mailed check,208.45,0,52.1125,49.25
7133-VBDCG,0,0,0,0,25,1,0,Fiber optic,1,1,0,0,0,0,Month-to-month,1,Bank transfer (automatic),2015.35,1,80.614,79.85
7596-ZYWBB,0,0,0,0,65,1,0,DSL,1,1,0,1,0,0,Two year,1,Mailed check,3739.8,0,57.53538462,59.6
8329-UTMVM,1,1,0,0,27,1,1,Fiber optic,0,1,0,1,1,1,One year,1,Bank transfer (automatic),2964,0,109.7777778,104.65
3014-WJKSM,1,0,1,0,29,1,0,Fiber optic,0,0,1,0,0,0,Month-to-month,1,Credit card (automatic),2263.4,0,78.04827586,75.3
3347-YJZZE,1,0,1,1,29,1,1,DSL,0,1,1,0,1,1,Month-to-month,0,Credit card (automatic),2211.8,0,76.26896552,80.1
1029-QFBEN,1,0,0,0,1,1,0,No,0,0,0,0,0,0,Month-to-month,0,Mailed check,19.55,1,19.55,19.55
7929-DMBCV,0,0,1,0,20,1,0,Fiber optic,0,0,1,1,0,0,Month-to-month,1,Mailed check,1683.7,0,84.185,81
9661-JALZV,0,0,0,0,58,1,1,No,0,0,0,0,0,0,Two year,1,Credit card (automatic),1519,0,26.18965517,24.7
5433-KYGHE,0,0,0,1,14,1,1,Fiber optic,1,0,0,1,0,0,Month-to-month,1,Mailed check,1164.05,0,83.14642857,86
4312-KFRXN,1,0,1,0,72,1,1,No,0,0,0,0,0,0,Two year,0,Mailed check,1710.9,0,23.7625,25.4
5575-TPIZQ,1,0,0,0,46,1,1,Fiber optic,1,0,0,0,1,0,Month-to-month,1,Credit card (automatic),4245.55,0,92.29456522,89.15
0114-IGABW,0,0,1,0,71,0,0,DSL,0,1,1,1,1,1,Two year,0,Bank transfer (automatic),4145.9,0,58.39295775,58.25
9944-AEXBM,1,0,0,0,32,1,1,Fiber optic,0,0,0,0,0,1,Month-to-month,1,Bank transfer (automatic),2664.3,0,83.259375,85.65
1853-ARAAQ,0,0,0,0,26,0,0,DSL,0,0,1,0,1,1,Month-to-month,1,Credit card (automatic),1277.5,0,49.13461538,50.35
6952-OMNWB,1,1,1,0,68,1,1,Fiber optic,0,0,1,0,0,0,Month-to-month,1,Credit card (automatic),5589.3,0,82.19558824,80.35
4697-LUPSU,1,0,1,1,2,1,0,No,0,0,0,0,0,0,One year,0,Mailed check,34.75,0,17.375,20.2
8434-VGEQQ,1,0,1,1,61,1,0,No,0,0,0,0,0,0,Two year,0,Credit card (automatic),1305.95,0,21.40901639,20.55
4952-YSOGZ,0,0,1,1,4,1,1,Fiber optic,0,0,0,0,0,1,Month-to-month,1,Electronic check,381.3,1,95.325,85.95
1589-AGTLK,1,0,0,0,3,1,0,DSL,0,0,0,0,0,0,Month-to-month,1,Electronic check,141.5,1,47.16666667,45.35
5244-IRFIH,1,1,1,0,33,1,1,Fiber optic,0,0,0,0,1,1,Month-to-month,1,Electronic check,3105.55,1,94.10757576,94.5
6549-YMFAW,1,1,1,0,9,1,0,No,0,0,0,0,0,0,Month-to-month,1,Mailed check,204.55,0,22.72777778,21.25
4950-HKQTE,0,0,0,0,22,1,1,No,0,0,0,0,0,0,Two year,0,Mailed check,605.9,0,27.54090909,26.25
6786-OBWQR,0,0,1,1,5,1,0,Fiber optic,0,0,0,0,1,0,Month-to-month,1,Electronic check,356.1,0,71.22,80.85
2684-EIWEO,0,1,0,0,30,1,1,Fiber optic,1,1,1,0,0,0,Month-to-month,0,Credit card (automatic),2758.15,1,91.93833333,91.7
2753-JMMCV,1,0,0,0,65,1,1,DSL,0,1,1,1,0,1,Two year,1,Credit card (automatic),4805.65,0,73.93307692,74.2
6439-GTPCA,0,0,0,0,45,1,1,Fiber optic,0,0,1,1,0,0,Month-to-month,1,Electronic check,3941.7,1,87.59333333,87.25
6621-YOBKI,1,0,0,0,5,1,0,No,0,0,0,0,0,0,Month-to-month,0,Mailed check,92.75,0,18.55,20.35
1216-JWVUX,1,0,1,1,25,1,0,Fiber optic,0,1,0,0,0,0,Month-to-month,1,Electronic check,1901.05,0,76.042,75.5
7564-GHCVB,0,0,1,1,72,1,1,Fiber optic,1,0,0,0,0,0,Two year,0,Bank transfer (automatic),5730.7,0,79.59305556,79.05
1173-NOEYG,0,0,1,0,27,1,1,Fiber optic,0,0,1,0,0,1,Month-to-month,0,Bank transfer (automatic),2423.4,0,89.75555556,90.15
7595-EHCDL,1,0,1,1,32,0,0,DSL,0,0,1,0,1,1,Month-to-month,0,Credit card (automatic),1653.45,0,51.6703125,50.6
6647-ZEDXT,0,0,0,0,30,1,1,Fiber optic,0,1,1,1,1,1,One year,0,Credit card (automatic),3327.05,0,110.9016667,110.45
2521-NPUZR,1,0,1,0,70,1,0,Fiber optic,1,1,1,1,0,1,Two year,0,Credit card (automatic),7085.5,0,101.2214286,101
1307-TVUFB,1,1,0,0,42,1,1,Fiber optic,0,1,0,0,0,0,Month-to-month,1,Bank transfer (automatic),3344.1,0,79.62142857,79.35
7503-MIOGA,0,1,1,0,72,1,1,DSL,1,1,1,1,1,1,Two year,1,Bank transfer (automatic),6697.35,0,93.01875,89.85
4381-MHQDC,0,0,0,0,47,1,1,DSL,1,0,1,1,0,0,Two year,1,Mailed check,2879.9,0,61.27446809,65
6923-JHPMP,0,0,0,0,2,1,0,Fiber optic,1,0,1,0,0,0,Month-to-month,1,Electronic check,137.1,0,68.55,80.45
5138-WVKYJ,1,0,0,0,10,1,1,Fiber optic,1,0,0,0,1,1,Month-to-month,0,Electronic check,1008.55,1,100.855,98.55
4018-PPNDW,0,0,1,1,61,1,1,No,0,0,0,0,0,0,Two year,1,Mailed check,1551.6,0,25.43606557,24.1
1635-FJFCC,0,0,0,0,5,1,0,DSL,0,0,0,0,0,0,Month-to-month,1,Credit card (automatic),202.15,0,40.43,44.05
2499-AJYUA,0,1,1,0,72,1,1,Fiber optic,0,1,1,1,1,1,Two year,1,Credit card (automatic),7882.25,0,109.4756944,110.8
6919-ELBGL,1,1,1,1,72,1,1,Fiber optic,1,1,1,1,1,1,Two year,1,Bank transfer (automatic),8196.4,0,113.8388889,114.729
3966-HRMZA,0,1,0,0,3,1,0,Fiber optic,0,0,1,0,0,0,Month-to-month,0,Mailed check,202.9,0,67.63333333,75.05
6425-JWTDV,1,0,1,0,48,1,0,No,0,0,0,0,0,0,Two year,0,Mailed check,855.1,0,17.81458333,19.25
8405-IGQFX,0,0,0,0,63,1,0,Fiber optic,0,0,1,1,1,0,One year,1,Credit card (automatic),5817,0,92.33333333,90.05
8224-IVVPA,0,0,0,0,27,1,0,DSL,1,1,0,0,0,0,Month-to-month,1,Mailed check,1652.95,0,61.22037037,56.7
9477-LGWQI,1,0,1,1,70,1,0,DSL,1,1,1,0,1,1,Two year,1,Credit card (automatic),5600.15,0,80.00214286,80.15
1410-RSCMR,1,0,1,1,7,1,0,DSL,1,0,1,1,0,1,Month-to-month,1,Credit card (automatic),515.75,0,73.67857143,71.35
3115-CZMZD,1,0,0,1,0,1,0,No,0,0,0,0,0,0,Two year,0,Mailed check,2283.300441,0,inf,20.25
0139-IVFJG,0,0,1,0,2,1,0,Fiber optic,1,1,0,0,1,0,Month-to-month,0,Electronic check,190.5,0,95.25,90.35
6683-VLCTZ,1,1,0,0,20,1,1,Fiber optic,0,0,1,0,1,1,Month-to-month,1,Electronic check,1842.8,1,92.14,98.55
5730-DBDSI,1,0,0,0,66,1,0,No,0,0,0,0,0,0,Two year,0,Bank transfer (automatic),1253.8,0,18.9969697,19.7
0030-FNXPP,0,0,0,0,3,1,0,No,0,0,0,0,0,0,Month-to-month,0,Mailed check,57.2,0,19.06666667,19.85
2189-WWOEW,0,0,0,1,15,1,0,Fiber optic,0,1,0,0,0,1,Month-to-month,1,Bank transfer (automatic),1269.55,1,84.63666667,85.9
5684-FJVYR,0,0,1,1,72,1,1,Fiber optic,1,1,0,1,0,0,Two year,1,Bank transfer (automatic),6563.4,0,91.15833333,90.35
4013-GUXND,1,0,0,0,1,1,0,No,0,0,0,0,0,0,Month-to-month,0,Mailed check,20.8,0,20.8,20.8
1894-IGFSG,0,0,0,0,22,1,0,Fiber optic,0,0,0,0,1,1,Month-to-month,0,Electronic check,1907.85,1,86.72045455,89.25
7379-POKDZ,1,0,1,0,3,1,0,Fiber optic,0,0,0,0,0,0,Month-to-month,1,Electronic check,208.85,1,69.61666667,70.3
1266-NZYUI,0,0,1,1,72,1,1,DSL,1,0,1,1,0,0,Two year,0,Bank transfer (automatic),4758.8,0,66.09444444,66.85
7969-FFOWG,1,0,1,1,65,1,0,No,0,0,0,0,0,0,Two year,0,Mailed check,1292.6,0,19.88615385,19.9
4718-DHSMV,0,0,0,0,11,0,0,DSL,0,0,0,0,1,0,Month-to-month,1,Mailed check,363.15,0,33.01363636,35.8
5175-WLYXL,1,0,0,0,22,1,1,Fiber optic,0,1,0,0,0,0,Month-to-month,1,Mailed check,1600.25,0,72.73863636,78.85
7817-OMJNA,1,0,0,0,14,1,0,No,0,0,0,0,0,0,One year,0,Bank transfer (automatic),275.7,0,19.69285714,20.4
8728-SKJLR,1,0,0,0,41,1,0,Fiber optic,0,0,0,1,0,0,Month-to-month,1,Electronic check,3089.1,0,75.34390244,74.25
3137-NYQQI,1,0,1,0,17,1,0,DSL,1,1,0,0,0,1,One year,0,Mailed check,1175.6,0,69.15294118,64.8
7706-DZNKK,1,0,0,0,11,1,0,No,0,0,0,0,0,0,Month-to-month,1,Credit card (automatic),237.3,0,21.57272727,20.45
0236-HFWSV,1,0,0,0,15,1,1,Fiber optic,0,0,0,0,1,1,Month-to-month,1,Electronic check,1444.65,1,96.31,93.35
3900-AQPHZ,0,0,0,0,1,1,0,No,0,0,0,0,0,0,Month-to-month,0,Mailed check,19.9,1,19.9,19.9
5842-POCOP,0,0,1,0,5,1,0,Fiber optic,1,0,1,0,0,1,Month-to-month,1,Mailed check,454.15,1,90.83,88.9
2037-XJFUP,1,0,1,0,33,1,0,Fiber optic,0,0,1,0,1,1,One year,1,Electronic check,3036.75,1,92.02272727,95.8
8823-RLPWL,0,0,1,0,72,1,1,Fiber optic,1,1,1,0,1,1,Two year,1,Credit card (automatic),8065.65,0,112.0229167,110.65
9505-SQFSW,0,0,1,1,3,0,0,DSL,0,1,0,0,0,1,Month-to-month,0,Mailed check,92.5,0,30.83333333,40.3
7314-OXENN,1,0,0,0,2,1,1,Fiber optic,0,1,0,0,0,0,Month-to-month,1,Electronic check,184.65,1,92.325,82
3758-CKOQL,0,0,1,0,59,1,1,Fiber optic,1,1,1,1,0,1,One year,1,Credit card (automatic),6152.3,0,104.2762712,107
0322-CHQRU,1,0,0,0,2,1,0,DSL,0,0,0,0,0,0,Month-to-month,0,Electronic check,89.5,1,44.75,45.35
5676-CFLYY,1,0,1,1,71,1,0,DSL,0,1,0,1,1,1,Two year,1,Credit card (automatic),5154.5,0,72.59859155,73.35
7521-AFHAB,0,0,1,1,5,1,0,DSL,0,0,0,0,0,0,Month-to-month,0,Mailed check,220.45,0,44.09,44.8
0285-INHLN,1,0,1,1,27,1,0,DSL,1,1,0,0,0,0,Month-to-month,1,Credit card (automatic),1510.3,0,55.93703704,54.75
4678-DVQEO,0,0,0,0,1,1,0,DSL,0,0,0,1,0,0,Month-to-month,1,Electronic check,52.2,1,52.2,52.2
5125-CNDSP,1,0,0,1,63,0,0,DSL,1,1,0,1,0,0,One year,1,Bank transfer (automatic),2588.95,0,41.09444444,40.6
0691-IFBQW,0,1,0,0,46,1,1,Fiber optic,1,1,1,0,1,1,One year,1,Electronic check,4874.8,1,105.973913,110
4992-LTJNE,1,0,1,1,72,1,1,DSL,1,0,0,0,0,0,Two year,0,Bank transfer (automatic),3983.6,0,55.32777778,55.3
2202-OUTMO,0,0,1,0,34,1,1,DSL,1,0,0,1,0,0,Month-to-month,1,Bank transfer (automatic),2003.6,0,58.92941176,60.85
0810-BDHAW,0,0,1,1,24,1,1,DSL,1,1,0,0,1,1,One year,0,Electronic check,1832.4,0,76.35,78.4
0229-LFJAF,1,0,0,0,72,1,1,DSL,1,1,1,1,0,0,Two year,0,Bank transfer (automatic),4908.25,0,68.17013889,69.65
7131-ZQZNK,0,0,1,1,60,0,0,DSL,1,0,1,1,1,1,Two year,0,Credit card (automatic),3590.2,0,59.83666667,59.85
3442-ZHHCC,1,0,0,0,68,1,1,DSL,1,1,1,0,0,1,One year,1,Credit card (automatic),5023,0,73.86764706,76.9
5726-CVNYA,0,0,1,1,8,1,0,No,0,0,0,0,0,0,Two year,1,Mailed check,146.6,0,18.325,19.85
9871-ELEYA,0,0,0,1,34,1,0,DSL,1,0,1,1,1,0,Two year,0,Credit card (automatic),2339.3,0,68.80294118,67.65
4257-GAESD,0,0,0,0,6,0,0,DSL,0,0,0,0,1,1,Month-to-month,0,Credit card (automatic),298.7,0,49.78333333,45
5173-WXOQV,1,0,1,0,2,1,0,DSL,0,1,0,1,0,1,Month-to-month,1,Mailed check,143.65,0,71.825,64.2
2040-OBMLJ,1,0,0,0,31,1,1,Fiber optic,0,0,0,1,0,0,One year,0,Credit card (automatic),2548.65,0,82.21451613,81.7
6286-ZHAOK,0,0,1,1,20,1,1,No,0,0,0,0,0,0,Month-to-month,1,Bank transfer (automatic),507.4,0,25.37,25.55
3807-XHCJH,0,0,1,1,1,1,0,No,0,0,0,0,0,0,Month-to-month,0,Electronic check,20,0,20,20
3009-JWMPU,1,0,0,0,62,1,1,Fiber optic,0,0,1,0,1,1,One year,1,Electronic check,6125.4,1,98.79677419,96.75
5671-RQRLP,0,1,1,0,70,1,1,Fiber optic,0,0,0,0,0,0,Two year,1,Credit card (automatic),5411.4,0,77.30571429,75.65
1450-GALXR,0,0,0,0,10,1,1,Fiber optic,0,0,0,1,1,1,Month-to-month,1,Electronic check,1058.25,1,105.825,98.5
8859-AXJZP,1,0,1,1,39,1,1,No,0,0,0,0,0,0,Two year,1,Mailed check,903.8,0,23.17435897,23.8
3174-AKMAS,0,0,1,0,46,1,0,DSL,0,1,0,1,1,0,Two year,1,Credit card (automatic),3009.5,0,65.42391304,64.2
3138-BKYAV,1,0,0,0,6,1,0,Fiber optic,0,1,0,0,1,0,Month-to-month,1,Electronic check,489.45,1,81.575,85.35
9926-PJHDQ,0,0,1,1,72,1,1,DSL,0,0,1,0,1,1,Two year,1,Bank transfer (automatic),5468.45,0,75.95069444,76.8
7382-DFJTU,1,0,0,0,18,1,0,DSL,0,0,1,1,0,0,Month-to-month,0,Credit card (automatic),1058.1,0,58.78333333,55.2
2798-NYLMZ,1,0,1,0,71,1,1,Fiber optic,1,0,1,1,1,1,Two year,1,Credit card (automatic),7616,0,107.2676056,108.55
4289-DTDKW,1,0,1,0,40,1,1,Fiber optic,0,1,0,0,1,1,Month-to-month,1,Electronic check,4113.1,1,102.8275,101.3
1820-TQVEV,1,0,0,0,1,1,0,Fiber optic,0,0,0,0,0,0,Month-to-month,1,Electronic check,69.55,1,69.55,69.55
2239-JALAW,1,0,0,0,58,1,1,Fiber optic,0,1,1,0,1,1,One year,1,Bank transfer (automatic),6017.65,1,103.7525862,103.25
4853-RULSV,1,0,0,0,70,1,1,Fiber optic,1,0,0,1,1,1,Two year,1,Credit card (automatic),7250.15,1,103.5735714,104
8098-TDCBU,0,0,1,0,42,1,1,No,0,0,0,0,0,0,Two year,0,Electronic check,1108.2,0,26.38571429,25.25
3551-GAEGL,1,0,1,1,34,0,0,DSL,1,0,0,0,0,0,One year,0,Bank transfer (automatic),938.65,0,27.60735294,30.4
4785-NKHCX,1,1,0,0,5,1,0,No,0,0,0,0,0,0,Month-to-month,0,Bank transfer (automatic),94.15,0,18.83,20.05
3196-NVXLZ,0,0,0,0,25,1,1,Fiber optic,0,0,0,0,1,0,Month-to-month,1,Mailed check,2088.05,0,83.522,84.6
6275-YDUVO,0,0,0,0,2,1,0,Fiber optic,0,0,1,0,0,1,Month-to-month,1,Mailed check,178.7,1,89.35,86.2
0036-IHMOT,0,0,1,1,55,1,0,Fiber optic,0,1,1,1,1,1,One year,1,Bank transfer (automatic),5656.75,0,102.85,103.7
0115-TFERT,1,0,1,0,21,1,1,Fiber optic,0,1,1,1,1,1,Month-to-month,1,Electronic check,2317.1,1,110.3380952,111.2
4178-EGMON,1,0,1,0,70,1,1,Fiber optic,1,1,0,1,0,0,Two year,1,Credit card (automatic),5986.45,0,85.52071429,88
4220-TINQT,0,0,1,0,61,1,1,Fiber optic,0,0,1,1,1,1,Month-to-month,1,Electronic check,6751.35,0,110.6778689,106.35
5318-YKDPV,1,0,1,1,43,1,0,DSL,1,0,1,1,1,1,Two year,1,Credit card (automatic),3566.6,0,82.94418605,79.15
7975-TZMLR,1,0,0,0,47,1,1,Fiber optic,0,1,1,0,1,1,One year,1,Electronic check,4889.3,0,104.0276596,103.1
0295-QVKPB,1,0,0,0,5,1,0,DSL,0,0,1,1,1,0,Month-to-month,1,Credit card (automatic),318.1,0,63.62,63.95
4335-BSMJS,0,0,0,0,62,1,1,No,0,0,0,0,0,0,Two year,1,Credit card (automatic),1563.95,0,25.225,25.8
2311-QYMUQ,0,0,1,1,16,1,0,Fiber optic,0,1,1,0,1,0,Month-to-month,1,Credit card (automatic),1430.25,1,89.390625,89.45
3643-AHCFP,1,1,1,0,7,1,1,Fiber optic,0,0,0,0,1,1,Month-to-month,1,Bank transfer (automatic),644.35,1,92.05,95.6
9146-JRIOX,0,0,1,1,14,1,1,No,0,0,0,0,0,0,Month-to-month,0,Mailed check,372.45,0,26.60357143,25.55
3104-OWCGK,1,0,1,1,60,1,0,Fiber optic,0,1,1,0,1,0,One year,0,Electronic check,5453.4,1,90.89,90.95
5337-IIWKZ,1,0,1,1,34,0,0,DSL,0,0,1,1,1,0,Month-to-month,1,Electronic check,1442.6,0,42.42941176,44.85
9101-BWFSS,0,0,1,0,50,1,1,Fiber optic,1,1,0,1,1,1,One year,0,Electronic check,5610.7,1,112.214,108.55
9650-VBUOG,1,0,1,1,38,1,1,No,0,0,0,0,0,0,Two year,0,Credit card (automatic),963.95,0,25.36710526,25.05
3487-EARAT,0,0,1,1,70,1,0,DSL,1,1,1,1,0,1,One year,0,Credit card (automatic),5222.3,0,74.60428571,74.1
2672-TGEFF,0,0,1,1,37,1,1,Fiber optic,0,1,0,0,1,0,Month-to-month,1,Electronic check,3340.55,0,90.28513514,88.8
9231-ZJYAM,0,1,0,0,4,1,0,Fiber optic,0,0,0,0,1,0,Month-to-month,1,Electronic check,292.8,1,73.2,78.85
4250-WAROZ,1,1,1,1,60,1,1,Fiber optic,1,1,0,0,0,1,Month-to-month,1,Electronic check,5774.55,0,96.2425,93.25
8184-WMOFI,1,0,1,1,62,1,0,DSL,1,0,1,1,0,1,One year,0,Credit card (automatic),4487.3,0,72.37580645,71.4
6982-SSHFK,1,0,0,0,1,1,0,DSL,0,0,0,0,0,0,Month-to-month,0,Mailed check,44.4,1,44.4,44.4
6092-QZVPP,1,0,0,0,36,1,0,DSL,1,0,1,1,1,1,Month-to-month,1,Credit card (automatic),2854.95,0,79.30416667,79.2
4625-LAMOB,1,0,0,0,44,1,0,No,0,0,0,0,0,0,Two year,0,Credit card (automatic),905.55,0,20.58068182,20.4
0727-BMPLR,0,1,0,0,55,1,1,Fiber optic,0,0,1,0,1,1,One year,1,Electronic check,5509.3,1,100.1690909,100
0392-BZIUW,0,0,1,0,72,1,1,Fiber optic,1,0,1,0,1,1,Two year,1,Credit card (automatic),7589.8,0,105.4138889,105
1038-ZAGBI,0,0,1,1,12,1,0,No,0,0,0,0,0,0,One year,0,Bank transfer (automatic),229.6,1,19.13333333,19.8
6549-NNDYT,0,0,0,0,13,0,0,DSL,1,0,0,0,0,0,Month-to-month,1,Bank transfer (automatic),394.1,0,30.31538462,30.85
3027-ZTDHO,1,0,0,0,1,1,0,Fiber optic,0,0,0,0,1,1,Month-to-month,1,Electronic check,89.9,1,89.9,89.9
0422-OHQHQ,0,0,1,1,15,1,0,No,0,0,0,0,0,0,One year,0,Mailed check,295.95,0,19.73,20.55
6916-HIJSE,0,0,0,0,65,1,0,DSL,1,1,1,1,1,1,Two year,1,Bank transfer (automatic),5459.2,0,83.98769231,84.85
2316-ESMLS,0,0,1,1,12,0,0,DSL,1,0,0,1,0,0,One year,0,Credit card (automatic),444.75,0,37.0625,33.15
9778-OGKQZ,1,0,1,0,72,1,1,DSL,1,1,1,1,1,1,Two year,1,Credit card (automatic),6782.15,0,94.19652778,92
7408-OFWXJ,0,0,1,1,72,1,1,DSL,1,1,1,1,1,1,Two year,0,Credit card (automatic),6510.45,0,90.42291667,89.8
6007-TCTST,0,0,1,1,72,1,1,Fiber optic,1,1,1,1,1,1,Two year,1,Bank transfer (automatic),8476.5,0,117.7291667,114.729
2252-NKNSI,1,0,0,1,52,1,1,DSL,1,1,0,1,1,1,Two year,1,Mailed check,4461.85,0,85.80480769,85.15
8713-IGZSO,1,0,0,0,2,1,1,No,0,0,0,0,0,0,Month-to-month,0,Mailed check,62,0,31,24.85
7905-TVXTA,0,0,0,0,5,1,0,DSL,1,0,0,1,1,0,Month-to-month,1,Electronic check,352.65,0,70.53,64.35
7695-PKLCZ,0,0,0,0,68,1,0,No,0,0,0,0,0,0,Two year,0,Credit card (automatic),1424.9,0,20.95441176,20.5
2382-BCKQJ,0,0,0,1,62,1,1,Fiber optic,0,0,1,0,1,1,One year,1,Electronic check,6413.65,1,103.4459677,100.15
8374-UULRV,1,0,0,0,72,1,1,DSL,1,1,0,1,1,1,Two year,0,Credit card (automatic),6309.65,0,87.63402778,86.05
2207-NHRJK,1,0,0,0,1,1,0,DSL,0,1,0,0,0,0,Month-to-month,0,Electronic check,50.8,1,50.8,50.8
3224-DFQNQ,0,0,1,0,66,1,1,Fiber optic,1,1,0,1,0,0,One year,0,Electronic check,5898.6,0,89.37272727,89
5275-PMFUT,1,0,1,1,72,0,0,DSL,1,1,1,1,1,1,Two year,1,Credit card (automatic),4719.75,0,65.55208333,64.8
4795-UXVCJ,1,0,0,0,26,1,0,No,0,0,0,0,0,0,One year,0,Credit card (automatic),457.3,0,17.58846154,19.8
9777-IQHWP,1,0,1,1,64,1,1,Fiber optic,1,0,1,0,0,1,Two year,0,Bank transfer (automatic),5822.3,0,90.9734375,93.4
0947-MUGVO,1,1,1,0,20,1,0,Fiber optic,0,1,0,0,0,0,Month-to-month,1,Electronic check,1463.5,1,73.175,73.65
9944-HKVVB,0,0,0,0,3,1,0,Fiber optic,0,1,0,0,1,1,Month-to-month,1,Electronic check,307.4,1,102.4666667,95.1
4124-MMETB,1,0,0,0,22,1,1,Fiber optic,0,0,0,0,1,1,Month-to-month,1,Credit card (automatic),2104.55,1,95.66136364,94.65
3671-SHRSP,1,0,1,0,4,1,0,Fiber optic,0,0,1,1,0,0,Month-to-month,1,Mailed check,319.15,1,79.7875,80.6
0979-MOZQI,1,0,1,0,62,0,0,DSL,0,0,0,1,1,0,Two year,1,Bank transfer (automatic),2337.45,0,37.70080645,39
2732-ISEZX,0,0,0,0,5,1,0,No,0,0,0,0,0,0,Month-to-month,1,Mailed check,104.3,0,20.86,20.5
3313-QKNKB,1,0,1,0,59,1,1,Fiber optic,0,0,0,0,0,1,One year,0,Electronic check,5084.65,1,86.18050847,85.55
0323-XWWTN,1,0,0,1,3,1,1,No,0,0,0,0,0,0,Two year,1,Mailed check,121.25,0,40.41666667,26.4
1937-OTUKY,0,0,1,0,72,1,1,Fiber optic,1,0,1,1,1,0,Two year,1,Bank transfer (automatic),7015.9,0,97.44305556,98.2
1573-LGXBA,1,0,1,1,57,1,0,Fiber optic,0,1,1,0,1,1,One year,1,Credit card (automatic),5598,0,98.21052632,97.55
1764-VUUMT,1,0,0,1,66,1,0,No,0,0,0,0,0,0,Two year,0,Credit card (automatic),1269.1,0,19.22878788,19.95
5073-WXOYN,0,0,0,0,60,0,0,DSL,0,1,0,0,1,1,Month-to-month,1,Electronic check,3027.4,1,50.45666667,50.8
4713-ZBURT,1,0,0,1,45,1,1,Fiber optic,0,0,1,0,1,1,Two year,0,Bank transfer (automatic),4634.35,0,102.9855556,99.7
3050-GBUSH,0,0,0,0,3,0,0,DSL,0,0,0,0,1,0,Month-to-month,1,Credit card (automatic),113.95,0,37.98333333,34.8
0207-MDKNV,0,0,0,0,15,1,0,Fiber optic,1,0,1,1,1,1,Month-to-month,0,Electronic check,1582.75,1,105.5166667,105.1
7876-AEHIG,0,0,0,1,51,0,0,DSL,1,0,1,1,1,1,One year,0,Bank transfer (automatic),3077,0,60.33333333,60.15
7945-HLKEA,0,0,0,0,60,1,1,DSL,1,0,1,1,0,0,One year,0,Electronic check,4039.5,0,67.325,64.75
9342-VNIMQ,1,0,0,0,33,1,1,DSL,0,1,0,0,0,0,Month-to-month,1,Bank transfer (automatic),1665.2,0,50.46060606,54.65
9851-KIELU,1,0,0,0,10,1,0,Fiber optic,1,1,1,1,1,1,Month-to-month,1,Electronic check,1043.3,1,104.33,110.1
3523-BRGUW,1,1,0,0,26,1,0,No,0,0,0,0,0,0,One year,0,Credit card (automatic),504.2,0,19.39230769,19.3
3908-BLSYF,0,0,0,0,6,1,0,Fiber optic,0,0,1,0,0,1,Month-to-month,0,Electronic check,497.55,1,82.925,83.9
3199-NPKCN,0,0,1,0,67,1,1,Fiber optic,1,0,1,1,1,1,One year,1,Electronic check,7511.65,0,112.1141791,111.25
5170-PTRKA,0,0,1,1,49,0,0,DSL,1,0,0,1,0,0,One year,1,Credit card (automatic),1782,0,36.36734694,35.8
4661-NJEUX,1,0,0,0,1,1,0,No,0,0,0,0,0,0,Month-to-month,1,Mailed check,20.05,0,20.05,20.05
2123-AGEEN,0,1,0,0,7,1,0,Fiber optic,0,0,1,0,1,0,Month-to-month,1,Electronic check,609.65,0,87.09285714,84.35
1258-YMZNM,0,1,0,0,27,1,1,Fiber optic,1,1,1,0,1,1,One year,1,Bank transfer (automatic),2857.6,0,105.837037,110.5
0048-LUMLS,1,0,1,1,37,1,0,Fiber optic,0,0,0,0,1,1,One year,0,Credit card (automatic),3247.55,0,87.77162162,91.2
7549-MYGPK,0,0,1,1,63,1,1,Fiber optic,1,1,1,0,1,0,Month-to-month,1,Electronic check,6215.35,1,98.65634921,100.55
5898-IGSLP,1,0,1,1,31,1,1,Fiber optic,1,0,1,1,0,0,Month-to-month,0,Electronic check,2823,0,91.06451613,89.3
3804-RVTGV,1,0,1,1,50,1,1,Fiber optic,0,1,1,0,1,1,Month-to-month,1,Bank transfer (automatic),5017.9,1,100.358,103.85
6259-WJQLC,1,1,0,0,32,1,1,Fiber optic,0,0,1,0,0,0,Month-to-month,1,Credit card (automatic),2619.25,0,81.8515625,81.1
9227-LUNBG,0,0,0,0,1,0,0,DSL,0,0,0,0,0,0,Month-to-month,0,Electronic check,24.6,1,24.6,24.6
7997-EASSD,0,0,1,0,63,1,1,Fiber optic,0,0,0,1,0,0,One year,1,Credit card (automatic),4965.1,0,78.81111111,81.2
0730-KOAVE,1,0,0,0,30,1,1,Fiber optic,1,1,0,0,0,1,Month-to-month,1,Credit card (automatic),2679.7,0,89.32333333,94.3
8975-SKGRX,1,0,1,0,71,1,1,Fiber optic,1,1,1,1,1,1,Two year,1,Bank transfer (automatic),8310.55,0,117.05,114.729
0678-RLHVP,0,0,0,0,53,1,1,Fiber optic,0,1,1,0,1,1,Two year,0,Electronic check,5682.25,0,107.2122642,105.55
4315-MURBD,0,0,0,0,12,1,0,Fiber optic,1,0,0,1,1,1,Month-to-month,1,Bank transfer (automatic),1120.95,1,93.4125,98.9
2267-FPIMA,1,0,1,0,50,1,1,Fiber optic,1,1,0,0,0,1,Month-to-month,1,Credit card (automatic),4914.9,0,98.298,94.4
1051-GEJLJ,0,0,0,0,2,1,0,No,0,0,0,0,0,0,Month-to-month,0,Mailed check,27.55,0,13.775,19.5
9734-YWGEX,0,0,0,0,9,1,1,Fiber optic,0,0,1,0,1,1,Month-to-month,0,Credit card (automatic),923.5,1,102.6111111,98.3
2719-BDAQO,1,0,0,0,17,1,0,Fiber optic,1,0,0,0,1,1,Month-to-month,0,Electronic check,1625.65,1,95.62647059,93.85
5285-MVEHD,0,0,1,0,56,1,0,Fiber optic,1,1,1,0,1,1,One year,1,Credit card (automatic),6068.65,0,108.36875,105.6
0379-DJQHR,1,0,1,1,67,1,0,DSL,1,1,1,0,1,1,Two year,0,Credit card (automatic),5398.6,0,80.5761194,81.35
0781-LKXBR,1,1,0,0,9,1,1,Fiber optic,0,0,1,0,1,1,Month-to-month,1,Electronic check,918.6,1,102.0666667,100.5
5543-QDCRY,1,0,0,0,4,1,0,DSL,0,0,0,0,1,0,Month-to-month,1,Electronic check,234.85,0,58.7125,56.4
0297-RBCSG,1,0,0,0,19,1,0,DSL,0,1,0,1,0,1,One year,1,Bank transfer (automatic),1231.85,0,64.83421053,65.35
4694-PHWFW,0,0,0,1,8,1,0,No,0,0,0,0,0,0,Month-to-month,0,Mailed check,170.9,0,21.3625,19.95
0835-JKADZ,0,0,0,0,71,1,1,Fiber optic,0,1,1,1,1,1,Two year,1,Electronic check,7984.15,0,112.4528169,111.25
1907-UBQFC,1,1,0,0,10,1,0,Fiber optic,0,1,0,0,0,0,Month-to-month,1,Electronic check,688.65,1,68.865,72.85
7508-SMHXL,0,1,0,0,15,1,1,Fiber optic,0,1,0,0,1,0,Month-to-month,0,Credit card (automatic),1288.3,0,85.88666667,89
3865-YIOTT,1,0,1,1,72,1,1,Fiber optic,1,0,1,0,1,1,One year,1,Bank transfer (automatic),7848.5,0,109.0069444,106.1
5993-BQHEA,1,0,0,0,12,1,0,No,0,0,0,0,0,0,One year,0,Credit card (automatic),267,0,22.25,20.05
6024-RUGGH,1,0,1,1,72,1,1,No,0,0,0,0,0,0,Two year,1,Bank transfer (automatic),1798.9,0,24.98472222,25.2
6513-EECDB,1,1,1,0,1,1,1,Fiber optic,0,0,0,0,0,0,Month-to-month,1,Electronic check,73.55,1,73.55,73.55
3956-CJUST,0,1,0,0,23,1,0,Fiber optic,1,0,0,0,0,0,Month-to-month,1,Bank transfer (automatic),1643.55,0,71.45869565,75.4
4079-WWQQQ,1,0,0,0,72,0,0,DSL,1,1,1,1,1,1,Two year,1,Bank transfer (automatic),4807.45,0,66.77013889,65.55
6103-BOCOU,0,0,0,0,26,1,1,Fiber optic,0,0,1,0,0,0,Month-to-month,1,Electronic check,2193,0,84.34615385,80.7
5149-TGWDZ,0,0,0,0,21,1,0,Fiber optic,0,1,1,1,1,1,One year,1,Mailed check,2239.4,0,106.6380952,104.55
7471-WNSUF,1,0,1,0,60,1,1,No,0,0,0,0,0,0,One year,0,Bank transfer (automatic),1505.9,0,25.09833333,24.15
8942-DBMHZ,1,0,0,0,12,1,0,No,0,0,0,0,0,0,Month-to-month,0,Mailed check,255.35,0,21.27916667,20.45
4301-VVZKA,1,0,1,0,16,1,1,Fiber optic,0,0,0,0,0,0,Month-to-month,1,Electronic check,1189.4,0,74.3375,75.4
9199-PWQVC,0,0,1,0,63,1,1,DSL,1,1,0,0,1,1,One year,1,Credit card (automatic),4786.15,0,75.97063492,79.7
4824-GUCBY,0,1,0,0,22,1,0,Fiber optic,1,1,0,0,0,0,Month-to-month,0,Electronic check,1820.9,0,82.76818182,81.7
5393-HJZSM,0,0,1,1,32,1,0,DSL,1,1,1,1,0,1,Month-to-month,0,Bank transfer (automatic),2404.15,0,75.1296875,76.3
7074-IEVOJ,0,1,0,0,3,1,1,Fiber optic,0,1,0,0,0,0,Month-to-month,1,Electronic check,205.05,1,68.35,79.4
9625-QSTYE,0,0,0,0,13,1,0,Fiber optic,0,1,1,0,0,0,Month-to-month,1,Electronic check,952.3,1,73.25384615,81.15
0862-PRCBS,0,0,1,1,68,1,1,Fiber optic,0,1,0,1,1,1,Two year,1,Credit card (automatic),7039.45,0,103.5213235,103.75
8812-ZRHFP,0,0,1,1,30,1,0,Fiber optic,0,0,1,0,0,1,One year,0,Electronic check,2538.05,0,84.60166667,86.45
5146-CBVOE,0,0,0,0,16,1,0,Fiber optic,0,1,0,0,0,0,Month-to-month,0,Bank transfer (automatic),1212.85,0,75.803125,75.1
0454-OKRCT,1,0,0,0,33,1,0,Fiber optic,0,1,0,1,0,0,Two year,0,Bank transfer (automatic),2651.1,0,80.33636364,80.6
5787-KXGIY,1,0,1,0,72,1,0,No,0,0,0,0,0,0,Two year,0,Credit card (automatic),1304.8,0,18.12222222,19.3
4750-ZRXIU,0,1,0,0,4,1,1,Fiber optic,0,0,0,0,0,1,Month-to-month,1,Electronic check,360.1,1,90.025,84.6
4198-VFOEA,0,0,0,0,12,0,0,DSL,1,0,0,1,0,0,One year,1,Mailed check,435.45,0,36.2875,33.6
6630-UJZMY,0,1,1,0,4,1,1,Fiber optic,0,0,0,0,1,0,Month-to-month,1,Electronic check,308.05,0,77.0125,83.25
5709-LVOEQ,0,0,1,1,0,1,0,DSL,1,1,1,0,1,1,Two year,0,Mailed check,2283.300441,0,inf,80.85
6400-BWQKW,0,0,0,0,6,1,1,Fiber optic,1,0,0,0,0,0,Month-to-month,1,Electronic check,434.5,1,72.41666667,79.05
2692-AQCPF,0,0,1,0,65,1,1,Fiber optic,0,1,1,1,1,1,One year,1,Credit card (automatic),7118.9,0,109.5215385,108.05
0347-UBKUZ,0,0,0,0,15,1,0,No,0,0,0,0,0,0,Month-to-month,0,Mailed check,320.45,0,21.36333333,19.9
0835-DUUIQ,0,0,0,1,24,1,0,No,0,0,0,0,0,0,One year,0,Bank transfer (automatic),531.55,0,22.14791667,21.05
0811-GSDTP,0,0,0,1,13,0,0,DSL,0,1,0,0,0,0,Month-to-month,0,Electronic check,382.2,0,29.4,30.15
7567-ECMCM,1,0,0,0,24,1,0,Fiber optic,0,0,0,0,0,1,Month-to-month,1,Credit card (automatic),2001,0,83.375,79.85
6115-ZTBFQ,0,0,1,0,72,0,0,DSL,1,1,1,1,1,1,Two year,0,Bank transfer (automatic),4919.7,0,68.32916667,65.5
6353-BRMMA,0,0,1,1,54,1,1,Fiber optic,1,1,0,0,1,1,Month-to-month,1,Bank transfer (automatic),5645.8,0,104.5518519,104.1
6680-WKXRZ,0,0,0,0,3,1,1,Fiber optic,0,0,0,0,0,0,Month-to-month,0,Bank transfer (automatic),215.8,1,71.93333333,74.4
6231-WFGFH,1,0,1,1,4,1,0,No,0,0,0,0,0,0,Month-to-month,1,Mailed check,77.6,0,19.4,20.5
9904-EHEVJ,0,1,1,1,32,1,1,Fiber optic,0,0,1,0,1,0,Month-to-month,1,Mailed check,2896.55,0,90.5171875,91.35
7028-DVOIQ,1,1,0,0,35,1,1,Fiber optic,0,0,1,0,1,1,Month-to-month,1,Electronic check,3395.8,1,97.02285714,99.05
6169-PPETC,1,0,1,1,35,1,0,No,0,0,0,0,0,0,Two year,0,Bank transfer (automatic),759.35,0,21.69571429,20.5
4208-UFFGW,1,1,0,0,2,1,0,DSL,0,0,0,0,0,0,Month-to-month,0,Mailed check,85.15,1,42.575,44.95
8584-KMVXD,0,0,0,0,8,1,0,Fiber optic,0,1,0,0,0,0,Month-to-month,0,Electronic check,535.55,0,66.94375,75.6
8467-WYNSR,1,0,0,0,22,1,0,DSL,1,0,0,1,0,0,Month-to-month,0,Mailed check,1253.15,0,56.96136364,55.1
0851-DFJKB,0,0,0,0,15,1,0,DSL,1,0,1,1,0,0,Month-to-month,0,Electronic check,955.15,0,63.67666667,58.95
5382-SOYZL,1,0,0,0,22,1,1,Fiber optic,0,0,0,0,1,1,Month-to-month,1,Electronic check,2162.6,0,98.3,95.1
9448-REEVD,1,0,1,0,1,1,0,DSL,0,0,0,0,0,0,Month-to-month,0,Credit card (automatic),44.7,1,44.7,44.7
3261-CQXOL,0,0,1,1,71,1,1,No,0,0,0,0,0,0,Two year,0,Bank transfer (automatic),1813.35,0,25.54014085,25.45
8388-FYNPZ,1,0,0,0,4,1,0,DSL,1,0,1,0,0,0,Month-to-month,0,Electronic check,245.15,0,61.2875,56.75
4002-BQWPQ,1,0,0,0,25,1,1,DSL,1,1,1,1,0,1,Month-to-month,0,Bank transfer (automatic),2028.8,0,81.152,81.75
5651-YLPRD,0,0,1,1,32,1,0,Fiber optic,0,1,0,0,1,0,Month-to-month,1,Electronic check,2723.75,0,85.1171875,86.1
2826-DXLQO,1,1,1,0,7,0,0,DSL,1,0,0,0,0,0,Month-to-month,0,Bank transfer (automatic),220.45,0,31.49285714,29.8
4378-BZYFP,1,0,0,0,17,1,0,No,0,0,0,0,0,0,One year,1,Mailed check,365.8,0,21.51764706,20.5
9489-UTFKA,1,1,1,0,8,1,0,DSL,1,0,0,0,1,0,Month-to-month,0,Bank transfer (automatic),551.95,0,68.99375,60.9
4849-PYRLQ,0,1,0,0,56,1,1,DSL,1,0,1,1,0,1,Two year,0,Bank transfer (automatic),4054.2,0,72.39642857,73.25
9117-SHLZX,1,0,0,0,1,1,0,DSL,0,0,0,0,0,0,Month-to-month,1,Mailed check,45.7,1,45.7,45.7
9889-TMAHG,1,1,0,0,8,1,0,Fiber optic,1,0,0,1,1,1,Month-to-month,0,Credit card (automatic),832.35,1,104.04375,100.3
4541-RMRLG,1,0,0,0,7,1,0,No,0,0,0,0,0,0,Month-to-month,0,Electronic check,112.3,1,16.04285714,19.25
7764-BDPEE,1,0,0,1,3,1,0,No,0,0,0,0,0,0,Month-to-month,0,Mailed check,60.65,0,20.21666667,20.85
3429-IFLEM,0,0,0,0,71,1,0,DSL,1,1,1,1,1,0,Two year,0,Credit card (automatic),5550.1,0,78.17042254,77.35
3158-MOERK,0,0,0,0,2,1,1,Fiber optic,0,0,0,0,1,1,Month-to-month,1,Electronic check,174.8,1,87.4,96
7294-TMAOP,0,0,0,0,1,1,0,Fiber optic,0,0,0,0,1,1,Month-to-month,0,Electronic check,90.55,1,90.55,90.55
5002-GCQFH,1,0,1,0,49,1,1,Fiber optic,1,1,0,0,1,0,Month-to-month,1,Bank transfer (automatic),4733.1,0,96.59387755,93.85
0556-FJEGU,1,0,0,0,58,1,0,DSL,0,1,1,1,1,0,Two year,0,Bank transfer (automatic),4048.95,0,69.80948276,70.1
8919-FYFQZ,1,1,1,0,44,0,0,DSL,0,1,0,0,0,0,Month-to-month,1,Electronic check,1359.7,1,30.90227273,30.35
0604-THJFP,0,0,1,1,59,1,0,DSL,0,1,0,1,1,1,Two year,1,Credit card (automatic),4542.35,0,76.98898305,75.95
2834-JRTUA,1,0,0,0,71,1,1,Fiber optic,1,0,1,1,1,1,Two year,1,Electronic check,7532.15,1,106.0866197,108.05
5875-YPQFJ,1,0,0,0,1,1,0,Fiber optic,0,0,0,0,0,0,Month-to-month,1,Electronic check,69.9,1,69.9,69.9
5879-SESNB,0,0,0,0,11,1,1,Fiber optic,0,0,0,0,0,0,Month-to-month,0,Electronic check,888.65,0,80.78636364,75.25
6646-QVXLR,1,1,1,0,62,1,1,Fiber optic,0,1,1,0,1,1,One year,1,Electronic check,6383.35,1,102.9572581,103.75
6461-PPAXN,0,0,1,1,35,1,0,DSL,1,0,0,1,0,0,One year,1,Bank transfer (automatic),1916,0,54.74285714,54.95
3318-ISQFQ,0,0,0,0,20,1,0,No,0,0,0,0,0,0,Month-to-month,1,Bank transfer (automatic),413,0,20.65,19.5
1106-HRLKZ,1,0,1,1,40,1,0,No,0,0,0,0,0,0,Two year,0,Mailed check,808.95,0,20.22375,19.6
2483-XSSMZ,0,0,0,0,39,1,0,DSL,1,0,0,0,0,0,One year,1,Electronic check,1886.4,0,48.36923077,47.85
8603-IJWDN,1,0,0,0,1,1,1,Fiber optic,0,0,0,0,0,1,Month-to-month,1,Electronic check,86.6,1,86.6,86.6
8165-ZJRNM,0,0,1,1,72,1,1,No,0,0,0,0,0,0,Two year,0,Bank transfer (automatic),1679.25,0,23.32291667,23.75
9369-XFEHK,0,1,1,0,33,1,1,Fiber optic,0,1,0,0,0,0,Month-to-month,1,Bank transfer (automatic),2656.5,1,80.5,80.6
2604-XVDAM,0,0,0,0,12,1,0,DSL,0,0,0,0,0,0,Month-to-month,0,Bank transfer (automatic),540.95,0,45.07916667,43.8
3717-OFRTN,1,0,0,0,1,1,0,No,0,0,0,0,0,0,Month-to-month,0,Bank transfer (automatic),19.75,0,19.75,19.75
9046-JBFWA,1,0,0,1,27,1,0,No,0,0,0,0,0,0,Month-to-month,0,Mailed check,537.35,0,19.90185185,19.15
3280-NMUVX,1,0,1,1,34,1,0,No,0,0,0,0,0,0,One year,0,Credit card (automatic),678.8,0,19.96470588,19.6
1206-EHBDD,0,0,1,0,56,1,0,Fiber optic,1,0,1,0,0,0,Two year,0,Bank transfer (automatic),4513.65,0,80.60089286,80.3
8361-LBRDI,0,0,0,0,58,1,1,No,0,0,0,0,0,0,Two year,0,Credit card (automatic),1423.85,0,24.54913793,24.35
4883-KCPZJ,0,0,1,1,22,1,1,No,0,0,0,0,0,0,Two year,0,Credit card (automatic),555.4,0,25.24545455,25.25
9108-EQPNQ,0,0,1,1,10,1,1,No,0,0,0,0,0,0,Two year,0,Credit card (automatic),225.55,0,22.555,26.1
7277-KAMWT,1,0,0,0,13,1,0,No,0,0,0,0,0,0,Two year,0,Credit card (automatic),268.45,0,20.65,20
3842-IYKUE,0,0,0,0,35,1,1,Fiber optic,0,1,0,1,0,0,Month-to-month,0,Credit card (automatic),2917.5,1,83.35714286,85.3
6641-XRPSU,0,0,0,0,34,1,0,Fiber optic,0,0,0,0,0,0,Month-to-month,1,Credit card (automatic),2416.1,1,71.06176471,70
1374-DMZUI,0,1,0,0,4,1,1,Fiber optic,0,0,0,0,1,1,Month-to-month,1,Electronic check,424.45,1,106.1125,94.3
2545-LXYVJ,1,0,1,0,72,1,0,No,0,0,0,0,0,0,Two year,0,Bank transfer (automatic),1492.1,0,20.72361111,20.7
3234-VKACU,1,0,0,0,2,1,0,DSL,0,0,0,1,1,1,Month-to-month,0,Electronic check,132.4,0,66.2,70.3
8357-EQXFO,0,0,0,0,7,1,0,Fiber optic,0,0,1,0,1,1,Month-to-month,1,Electronic check,660.9,1,94.41428571,95.35
1989-PRJHP,1,1,1,0,27,1,1,Fiber optic,0,0,0,0,0,0,Month-to-month,1,Electronic check,1893.95,1,70.1462963,75.5
8120-JDCAM,1,0,1,1,4,1,0,Fiber optic,0,0,0,0,0,0,Month-to-month,1,Mailed check,284.9,0,71.225,69.55
8917-FAEMR,0,0,0,0,37,1,0,No,0,0,0,0,0,0,Two year,0,Mailed check,784.25,0,21.19594595,19.85
7047-YXDMZ,1,0,0,0,21,1,0,No,0,0,0,0,0,0,Month-to-month,0,Mailed check,417.7,0,19.89047619,20
2858-EIMXH,0,1,1,0,53,1,1,Fiber optic,0,0,0,0,1,1,One year,1,Credit card (automatic),5016.25,0,94.64622642,95.85
9524-EGPJC,0,0,0,0,18,1,1,Fiber optic,0,0,0,1,0,1,Month-to-month,1,Electronic check,1612.75,1,89.59722222,90.1
6993-OHLXR,0,0,0,0,2,1,0,Fiber optic,0,0,0,0,0,0,Month-to-month,0,Electronic check,119.75,1,59.875,68.95
8818-XYFCQ,1,0,1,1,32,1,1,Fiber optic,1,0,0,0,1,1,Month-to-month,1,Credit card (automatic),3204.65,1,100.1453125,99.55
6419-ZTTLE,1,1,1,0,23,1,0,No,0,0,0,0,0,0,One year,1,Electronic check,485.2,0,21.09565217,20.75
0929-HYQEW,1,0,0,0,3,1,0,DSL,1,0,0,0,0,0,Month-to-month,1,Mailed check,160.85,0,53.61666667,50.15
6614-YOLAC,0,0,1,1,71,0,0,DSL,1,1,0,1,1,1,Two year,0,Mailed check,4145.25,0,58.38380282,58.65
7426-RHZGU,1,0,0,0,9,1,0,Fiber optic,0,0,0,1,1,1,Month-to-month,1,Bank transfer (automatic),827.45,0,91.93888889,95.9
4065-JJAVA,0,0,0,0,1,1,0,DSL,0,1,0,0,0,0,Month-to-month,0,Electronic check,49.5,0,49.5,49.5
4695-VADHF,1,0,1,1,18,1,0,DSL,0,0,1,0,0,1,Month-to-month,0,Electronic check,990.85,1,55.04722222,57.45
3863-IUBJR,1,0,1,1,12,1,0,DSL,0,0,0,0,0,1,One year,0,Credit card (automatic),696.35,1,58.02916667,53.65
7649-SIJJF,1,0,1,0,71,1,1,DSL,1,1,1,1,0,1,Two year,1,Mailed check,5585.4,0,78.66760563,80.1
9361-YNQWJ,0,0,0,0,64,1,1,No,0,0,0,0,0,0,One year,1,Bank transfer (automatic),1601.2,0,25.01875,24.4
3748-FVMZZ,1,0,0,0,4,0,0,DSL,0,0,0,1,0,1,Month-to-month,1,Electronic check,162.45,0,40.6125,40.05
9391-TTOYH,0,0,0,0,23,1,0,No,0,0,0,0,0,0,Month-to-month,1,Mailed check,470.2,0,20.44347826,19.5
1452-XRSJV,0,0,1,1,39,1,0,DSL,1,0,0,0,0,0,Month-to-month,0,Credit card (automatic),2066,0,52.97435897,51.05
3422-WJOYD,1,0,1,0,28,1,0,DSL,1,0,0,1,0,0,One year,0,Mailed check,1426.45,0,50.94464286,54.35
8242-SOQUO,0,1,0,0,5,1,0,Fiber optic,0,1,0,0,1,0,Month-to-month,1,Electronic check,392.5,0,78.5,84.7
7460-ITWWP,0,1,1,0,45,1,0,Fiber optic,0,0,1,0,0,1,Month-to-month,1,Electronic check,3861.45,0,85.81,86.1
7147-AYBAA,1,0,0,0,37,1,0,Fiber optic,0,0,0,0,0,0,Month-to-month,1,Mailed check,2552.9,0,68.9972973,70.35
7868-TMWMZ,0,1,1,0,60,1,0,Fiber optic,1,1,1,1,1,1,Two year,1,Bank transfer (automatic),6668.35,0,111.1391667,110
4822-RVYBB,1,1,0,0,8,1,1,Fiber optic,0,0,1,0,1,1,Month-to-month,1,Electronic check,819.4,1,102.425,100.6
6732-FZUGP,0,0,0,0,47,1,1,Fiber optic,1,0,1,0,1,0,One year,0,Credit card (automatic),4615.25,0,98.19680851,94.9
8436-BJUMM,1,0,1,1,26,1,1,Fiber optic,0,0,0,0,1,0,Month-to-month,1,Electronic check,2070.6,1,79.63846154,83.75
4184-TJFAN,0,1,1,1,3,1,0,Fiber optic,1,0,0,1,1,0,Month-to-month,1,Mailed check,273.75,1,91.25,88.3
8329-GWVPJ,0,0,1,1,50,1,0,Fiber optic,0,0,0,0,0,0,Month-to-month,1,Bank transfer (automatic),3557.7,0,71.154,69.75
1352-VHKAJ,1,0,1,1,27,1,1,DSL,0,0,0,1,1,1,Month-to-month,0,Bank transfer (automatic),1957.1,0,72.48518519,71.6
4145-UQXUQ,0,1,0,0,8,1,0,Fiber optic,0,0,1,0,1,1,Month-to-month,1,Electronic check,729.95,1,91.24375,92.1
2632-TACXW,0,0,1,0,62,1,1,No,0,0,0,0,0,0,Two year,0,Bank transfer (automatic),1416.75,0,22.85080645,23.65
8146-QQKZH,0,0,1,0,71,1,0,DSL,1,0,1,1,1,1,Two year,0,Bank transfer (automatic),5924.4,0,83.44225352,81.85
1767-CJKBA,1,0,0,0,66,1,1,No,0,0,0,0,0,0,Two year,0,Mailed check,1697.7,0,25.72272727,25.1
6445-TNRXS,1,0,1,1,68,1,1,Fiber optic,1,1,1,1,1,1,Two year,1,Bank transfer (automatic),7849.85,0,115.4389706,114.7
4581-LNWUM,0,0,0,0,13,0,0,DSL,0,0,1,0,1,1,Month-to-month,0,Electronic check,649.4,0,49.95384615,49.15
4869-EPIUS,1,0,1,0,56,1,0,Fiber optic,0,0,0,0,0,1,One year,1,Electronic check,4557.5,0,81.38392857,80.9
9948-YPTDG,1,0,1,0,38,1,0,Fiber optic,1,1,0,0,0,0,Month-to-month,1,Electronic check,3013.05,1,79.29078947,79.45
1236-WFCDV,1,1,0,0,14,1,0,Fiber optic,0,0,0,0,1,1,Month-to-month,0,Credit card (automatic),1266.1,1,90.43571429,90.45
1915-OAKWD,0,0,0,1,16,1,0,No,0,0,0,0,0,0,One year,1,Bank transfer (automatic),360.35,0,22.521875,19.3
7296-PIXQY,0,0,1,1,14,1,0,Fiber optic,0,0,0,0,0,0,Month-to-month,0,Electronic check,1046.5,0,74.75,70.2
4883-QICIH,1,0,1,1,32,1,0,Fiber optic,0,0,0,0,0,0,Month-to-month,1,Bank transfer (automatic),2347.9,1,73.371875,69.75
3354-OADJP,0,0,0,0,8,1,0,DSL,1,0,0,1,0,0,One year,0,Bank transfer (automatic),447.75,0,55.96875,54.25
3524-WQDSG,0,0,1,1,43,1,1,Fiber optic,0,0,1,0,1,1,Month-to-month,1,Bank transfer (automatic),4209.95,0,97.90581395,99.3
0810-DHDBD,0,0,0,0,52,1,1,DSL,1,0,1,1,1,0,One year,0,Credit card (automatic),3877.65,0,74.57019231,74
4026-SKKHW,1,0,0,0,3,1,0,DSL,0,0,0,1,0,0,Month-to-month,1,Mailed check,152.3,0,50.76666667,50.25
2829-HYVZP,1,0,0,0,29,1,0,No,0,0,0,0,0,0,One year,1,Mailed check,572.2,0,19.73103448,19.8
8329-IBCTI,0,0,0,0,1,1,0,No,0,0,0,0,0,0,Month-to-month,0,Mailed check,19.65,1,19.65,19.65
1271-SJBGZ,1,1,0,0,12,0,0,DSL,0,0,1,1,0,1,Month-to-month,1,Electronic check,526.95,1,43.9125,43.65
3845-JHAMY,0,0,1,1,16,0,0,DSL,0,0,0,0,0,1,Month-to-month,1,Credit card (automatic),552.7,0,34.54375,35.5
7013-PSXHK,0,0,0,0,40,1,1,DSL,0,0,1,1,1,1,One year,1,Mailed check,3208.65,0,80.21625,80.75
5669-SRAIP,0,0,0,0,5,0,0,DSL,0,0,1,0,0,1,Month-to-month,0,Electronic check,210.75,1,42.15,39.5
5981-ITEMU,1,0,1,0,40,1,1,Fiber optic,0,0,0,0,1,1,Month-to-month,1,Bank transfer (automatic),3706.95,1,92.67375,97.1
3486-NPGST,0,0,0,0,36,1,0,No,0,0,0,0,0,0,One year,0,Mailed check,620.75,0,17.24305556,19.55
6941-PMGEP,0,0,0,0,5,1,0,Fiber optic,0,0,0,0,0,1,Month-to-month,1,Electronic check,412.5,1,82.5,80
1624-WOIWJ,0,0,0,0,10,1,0,Fiber optic,1,0,0,0,1,0,Month-to-month,1,Mailed check,832.05,1,83.205,84.7
2074-GKOWZ,1,0,1,1,2,1,0,Fiber optic,0,0,0,0,1,1,Month-to-month,1,Bank transfer (automatic),185.55,1,92.775,89.55
0376-YMCJC,1,0,0,0,23,1,1,Fiber optic,0,0,0,1,1,0,Month-to-month,1,Electronic check,1943.2,1,84.48695652,90.6
6100-FJZDG,1,0,1,1,26,1,0,No,0,0,0,0,0,0,One year,1,Bank transfer (automatic),505.9,0,19.45769231,20.05
4829-ZLJTK,0,1,1,0,72,1,1,Fiber optic,1,1,1,0,1,1,Two year,1,Electronic check,8046.85,0,111.7618056,112.4
1730-VFMWO,0,0,1,0,34,1,0,DSL,0,0,0,1,0,0,Month-to-month,0,Bank transfer (automatic),1815.3,0,53.39117647,50.2
7143-BQIBA,1,0,0,0,10,1,0,DSL,1,0,0,1,1,0,Month-to-month,0,Bank transfer (automatic),612.95,0,61.295,62.25
3800-LYTRK,0,0,0,0,14,1,0,DSL,1,0,0,1,0,0,One year,0,Mailed check,795.15,0,56.79642857,55.7
0634-SZPQA,0,0,0,0,23,1,1,Fiber optic,1,0,0,0,1,0,Month-to-month,1,Bank transfer (automatic),2169.8,1,94.33913043,90.05
9646-NMHXE,1,0,1,0,47,1,0,No,0,0,0,0,0,0,Two year,0,Mailed check,973.1,0,20.70425532,19.65
7030-NJVDP,1,0,1,0,24,1,0,Fiber optic,1,0,0,1,0,1,Month-to-month,1,Electronic check,2210.2,0,92.09166667,89.25
5536-RTPWK,1,0,1,0,49,1,1,Fiber optic,0,1,0,0,1,1,Month-to-month,1,Bank transfer (automatic),4853.75,1,99.05612245,99.05
8883-GRDWQ,1,1,0,0,20,1,0,DSL,1,0,0,1,0,0,One year,0,Mailed check,1055.9,0,52.795,54
6166-ILMNY,0,0,0,0,2,1,0,Fiber optic,0,0,0,0,0,0,Month-to-month,0,Bank transfer (automatic),144.55,1,72.275,69.75
3097-NNSPB,0,0,0,0,2,1,0,DSL,0,1,0,0,0,0,Month-to-month,1,Credit card (automatic),91.1,1,45.55,49.05
7771-ZONAT,1,0,0,0,22,0,0,DSL,0,0,1,1,1,1,Two year,0,Bank transfer (automatic),1304.85,0,59.31136364,56.75
0655-RBDUG,1,0,0,0,7,1,1,Fiber optic,0,0,1,0,1,1,Month-to-month,1,Bank transfer (automatic),713,1,101.8571429,98.05
2111-DWYHN,1,0,0,0,1,1,0,No,0,0,0,0,0,0,Month-to-month,0,Mailed check,21.1,0,21.1,21.1
4194-WHFCB,0,0,1,1,59,1,1,Fiber optic,0,1,0,1,0,1,Month-to-month,1,Bank transfer (automatic),5580.8,0,94.58983051,96.65
4121-AGSIN,0,0,1,1,58,1,1,No,0,0,0,0,0,0,One year,1,Credit card (automatic),1497.9,0,25.82586207,24.5
4361-BKAXE,0,0,0,0,41,1,1,Fiber optic,1,1,1,1,1,1,Month-to-month,1,Bank transfer (automatic),4527.45,1,110.4256098,114.5
9845-PEEKO,0,1,0,0,59,1,1,Fiber optic,0,1,0,0,0,0,Two year,1,Credit card (automatic),4590.35,0,77.80254237,79.2
0455-XFASS,0,0,1,1,3,1,0,Fiber optic,0,0,0,0,0,0,Month-to-month,1,Electronic check,200.2,0,66.73333333,69.55
0301-KOBTQ,1,0,0,0,32,1,0,No,0,0,0,0,0,0,Two year,1,Bank transfer (automatic),614.45,0,19.2015625,20.05
1751-NCDLI,1,1,1,0,46,1,1,Fiber optic,0,0,1,0,1,1,Month-to-month,1,Electronic check,4564.9,0,99.23695652,98.85
4367-NUYAO,1,0,1,1,0,1,1,No,0,0,0,0,0,0,Two year,0,Mailed check,2283.300441,0,inf,25.75
9878-TNQGW,1,0,0,0,2,1,0,Fiber optic,0,0,0,0,0,1,Month-to-month,1,Electronic check,171.15,1,85.575,80.95
9170-ARBTB,0,0,1,1,52,1,0,No,0,0,0,0,0,0,One year,0,Credit card (automatic),1012.4,0,19.46923077,19.6
4441-NIHPT,0,1,0,0,13,1,0,Fiber optic,0,0,1,0,0,0,Month-to-month,1,Electronic check,940.35,1,72.33461538,74.3
8999-BOHSE,0,1,0,0,11,1,0,Fiber optic,0,0,0,0,1,1,Month-to-month,0,Bank transfer (automatic),1047.7,1,95.24545455,89.7
7241-AJHFS,1,0,0,0,32,1,1,Fiber optic,1,0,0,1,0,0,Month-to-month,0,Bank transfer (automatic),2766.4,0,86.45,87.65
7029-RPUAV,1,1,1,0,17,1,1,Fiber optic,0,0,1,0,1,1,Month-to-month,1,Credit card (automatic),1622.45,1,95.43823529,100.45
4546-FOKWR,0,0,0,0,16,1,1,Fiber optic,0,0,0,0,0,0,Month-to-month,1,Credit card (automatic),1129.35,0,70.584375,74.75
9036-CSKBW,0,0,0,0,51,1,1,Fiber optic,1,1,1,0,1,1,One year,0,Bank transfer (automatic),5680.9,0,111.3901961,107.45
5832-TRLPB,1,0,0,0,29,1,0,DSL,0,0,1,1,1,1,One year,1,Bank transfer (automatic),2243.9,0,77.37586207,75.35
8590-YFFQO,1,0,1,0,70,1,0,DSL,1,1,1,1,0,0,Two year,0,Credit card (automatic),4523.25,0,64.61785714,64.95
8659-IOOPU,0,0,1,1,71,1,1,Fiber optic,1,0,1,1,0,1,Two year,0,Electronic check,7159.7,0,100.8408451,100.45
1338-CECEE,1,0,1,1,41,1,1,DSL,0,1,1,0,1,0,One year,0,Bank transfer (automatic),2839.95,0,69.26707317,68.5
7439-DKZTW,1,0,0,0,1,1,0,Fiber optic,0,0,0,0,1,0,Month-to-month,1,Electronic check,80.55,0,80.55,80.55
4646-QZXTF,0,0,1,0,7,1,0,DSL,1,0,1,1,1,1,Month-to-month,0,Bank transfer (automatic),580.1,0,82.87142857,81.25
4607-CHPCA,1,0,1,1,25,1,0,Fiber optic,0,0,0,0,1,1,One year,1,Electronic check,2178.6,1,87.144,90.4
9742-XOKTS,1,0,1,1,67,1,1,Fiber optic,1,1,0,1,0,0,One year,0,Electronic check,6038.55,0,90.12761194,89.55
6921-OZMFH,1,0,1,1,5,1,1,DSL,0,0,0,1,0,0,Month-to-month,1,Mailed check,259.4,0,51.88,55.7
9578-FOMUK,1,0,0,1,15,1,1,No,0,0,0,0,0,0,Month-to-month,1,Electronic check,324.15,0,21.61,24.8
4712-UYOOI,0,0,1,1,20,1,0,No,0,0,0,0,0,0,Month-to-month,0,Electronic check,417.65,0,20.8825,20
8824-RWFXJ,1,0,1,1,3,1,0,DSL,0,1,1,0,0,0,Month-to-month,1,Mailed check,168.15,1,56.05,56.15
7722-CVFXN,1,0,1,1,54,1,1,Fiber optic,0,1,0,1,1,1,One year,1,Electronic check,5637.85,0,104.4046296,105.2
8717-VCTXJ,1,0,0,0,42,1,0,No,0,0,0,0,0,0,One year,1,Mailed check,839.4,0,19.98571429,19.55
7363-QTBIW,0,0,1,0,9,1,0,Fiber optic,0,0,0,0,0,1,Month-to-month,1,Electronic check,769.1,0,85.45555556,79.75
4159-NAAIX,0,0,0,0,63,1,1,Fiber optic,0,1,0,0,1,1,Two year,0,Bank transfer (automatic),6253,0,99.25396825,97.45
0971-QIFJK,0,0,1,0,69,1,1,No,0,0,0,0,0,0,Two year,0,Bank transfer (automatic),1641.8,0,23.7942029,24.25
9397-TZSHA,0,0,0,0,69,1,1,No,0,0,0,0,0,0,Two year,0,Credit card (automatic),1678.05,0,24.31956522,24.6
3391-JSQEW,1,0,1,0,40,1,0,DSL,0,1,0,0,0,0,Month-to-month,1,Mailed check,2058.5,0,51.4625,50.15
0343-QLUZP,1,0,0,0,60,0,0,DSL,1,1,1,0,0,0,Two year,0,Bank transfer (automatic),2424.5,0,40.40833333,39.6
9763-PDTKK,0,0,0,0,4,1,0,Fiber optic,1,0,1,1,0,1,Month-to-month,1,Bank transfer (automatic),387.2,1,96.8,94.4
2176-LVPNX,0,1,0,0,71,1,1,DSL,1,1,1,1,1,1,Two year,0,Mailed check,6293.45,0,88.64014085,89.85
7627-JKIAZ,0,0,1,0,37,1,1,Fiber optic,0,0,1,0,0,0,Month-to-month,1,Credit card (automatic),2839.65,1,76.7472973,78.95
3312-UUMZW,1,0,1,0,32,1,1,Fiber optic,0,1,0,0,1,1,Month-to-month,1,Credit card (automatic),3145.9,0,98.309375,98.85
1271-UODNO,1,0,0,0,39,1,1,DSL,0,0,0,1,0,0,Two year,1,Credit card (automatic),2200.7,0,56.42820513,53.85
8461-EFQYM,0,0,0,0,38,1,1,No,0,0,0,0,0,0,One year,1,Electronic check,914.4,0,24.06315789,24.25
6900-RBKER,1,0,0,0,52,1,1,Fiber optic,0,0,1,0,0,1,Two year,1,Credit card (automatic),4577.75,0,88.03365385,89.45
6891-JPYFF,0,0,1,1,48,1,1,Fiber optic,1,1,0,0,1,1,Month-to-month,1,Credit card (automatic),4997.5,0,104.1145833,105.25
1459-QNFQT,1,0,1,1,70,0,0,DSL,1,0,1,1,1,1,Two year,0,Bank transfer (automatic),4144.8,0,59.21142857,59.5
1047-NNCBF,1,0,0,0,20,1,0,Fiber optic,0,0,0,0,0,0,Month-to-month,0,Credit card (automatic),1493.55,0,74.6775,70.55
3696-XRIEN,0,0,0,0,50,1,1,DSL,1,0,1,1,1,1,One year,1,Credit card (automatic),4179.1,0,83.582,82.5
4081-DYXAV,0,0,0,0,19,0,0,DSL,0,0,0,0,1,1,One year,1,Credit card (automatic),893.55,1,47.02894737,44.85
0074-HDKDG,1,0,1,1,25,1,0,DSL,1,1,1,0,0,0,One year,1,Bank transfer (automatic),1611,0,64.44,61.6
8791-GFXLZ,1,0,0,0,12,1,0,DSL,0,1,0,0,0,0,Month-to-month,1,Bank transfer (automatic),593.05,0,49.42083333,49.05
8111-SLLHI,1,1,1,0,39,1,1,Fiber optic,0,1,1,0,1,1,Month-to-month,1,Electronic check,4284.8,1,109.8666667,105.65
0927-LCSMG,1,0,0,0,7,1,0,Fiber optic,0,0,1,0,0,0,Month-to-month,0,Mailed check,544.55,1,77.79285714,74.65
9330-DHBFL,0,0,1,1,23,1,0,DSL,1,1,1,1,0,0,One year,1,Mailed check,1533.8,0,66.68695652,66.25
0098-BOWSO,1,0,0,0,27,1,0,No,0,0,0,0,0,0,Month-to-month,1,Electronic check,529.8,0,19.62222222,19.4
3452-ABWRL,1,1,0,0,47,1,1,Fiber optic,0,0,0,0,1,0,Month-to-month,1,Credit card (automatic),3865.6,0,82.24680851,86.05
5859-HZYLF,1,0,1,1,26,1,0,No,0,0,0,0,0,0,Two year,1,Credit card (automatic),515.75,0,19.83653846,19.15
8257-RZAHR,0,0,1,0,14,1,1,DSL,1,0,0,0,1,0,Month-to-month,1,Bank transfer (automatic),941,1,67.21428571,64.7
5293-WXJAK,0,1,1,0,11,1,1,Fiber optic,0,0,1,1,1,1,Month-to-month,1,Bank transfer (automatic),1133.65,1,103.0590909,104.05
3156-QLHBO,1,0,0,1,2,1,0,No,0,0,0,0,0,0,Month-to-month,0,Mailed check,48.35,0,24.175,19.25
2208-NQBCT,0,0,1,1,26,1,0,Fiber optic,1,1,0,0,0,0,Month-to-month,0,Electronic check,2070.05,0,79.61730769,81.95
1779-PWPMG,0,1,1,0,72,1,1,Fiber optic,1,1,1,1,1,1,Two year,1,Bank transfer (automatic),8333.95,0,115.7493056,114.65
6621-NRZAK,0,0,1,1,63,1,0,No,0,0,0,0,0,0,Two year,0,Credit card (automatic),1209.25,0,19.19444444,20
0831-JNISG,1,0,1,1,71,1,0,No,0,0,0,0,0,0,Two year,0,Mailed check,1396.25,0,19.66549296,19.8
0774-IFUVM,1,0,1,1,11,1,1,DSL,1,0,0,0,1,0,Month-to-month,1,Bank transfer (automatic),723.35,0,65.75909091,65.15
3082-WQRVY,1,1,1,0,14,1,0,No,0,0,0,0,0,0,One year,0,Mailed check,228.65,0,16.33214286,19.65
9553-DLCLU,0,0,0,1,13,1,1,DSL,1,1,1,1,1,1,Two year,0,Credit card (automatic),1161.75,0,89.36538462,88.95
1641-BYBTK,1,0,0,1,6,1,0,No,0,0,0,0,0,0,Month-to-month,1,Mailed check,98.35,0,16.39166667,20.2
2460-NGXBJ,1,1,1,1,11,1,1,Fiber optic,0,0,0,0,0,0,Month-to-month,1,Credit card (automatic),775.3,0,70.48181818,75.2
2446-ZKVAF,1,0,1,0,18,1,1,DSL,0,1,0,0,0,0,Month-to-month,0,Credit card (automatic),1074.65,0,59.70277778,56.8
0841-NULXI,1,0,0,0,1,0,0,DSL,0,0,0,0,0,1,Month-to-month,1,Electronic check,35.55,1,35.55,35.55
3522-CDKHF,0,0,1,0,32,1,0,Fiber optic,1,0,0,0,0,0,Month-to-month,1,Bank transfer (automatic),2324.7,0,72.646875,75.5
1430-SFQSA,1,0,0,0,29,0,0,DSL,1,0,0,1,0,0,One year,0,Mailed check,1072.6,0,36.9862069,35.6
0411-EZJZE,0,0,0,0,3,1,1,DSL,0,0,0,0,1,0,Month-to-month,1,Electronic check,170.5,0,56.83333333,60.25
7851-WZEKY,0,0,0,0,2,1,1,Fiber optic,0,0,0,0,1,1,Month-to-month,1,Electronic check,196.9,1,98.45,95.15
8844-TONUD,1,0,1,1,13,1,0,Fiber optic,0,0,1,0,1,1,Month-to-month,1,Mailed check,1162.85,1,89.45,96.65
8807-ARQET,0,0,0,0,41,0,0,DSL,0,1,0,0,0,1,Month-to-month,1,Electronic check,1677.85,0,40.92317073,40.35
8992-CEUEN,0,0,0,0,1,1,0,No,0,0,0,0,0,0,Month-to-month,0,Electronic check,18.85,0,18.85,18.85
4320-QMLLA,1,0,0,0,7,1,0,DSL,0,0,0,0,1,0,Month-to-month,0,Mailed check,370.4,0,52.91428571,54.85
8777-PVYGU,0,0,1,0,52,1,0,DSL,1,0,1,0,1,0,One year,1,Mailed check,3410.6,0,65.58846154,64.3
8292-ITGYJ,0,0,1,1,45,1,1,No,0,0,0,0,0,0,Two year,1,Bank transfer (automatic),1138.8,0,25.30666667,24.65
6870-ZWMNX,1,0,1,0,70,1,1,DSL,0,1,1,1,1,0,Two year,0,Credit card (automatic),5264.25,0,75.20357143,76.1
0621-CXBKL,0,0,0,0,53,1,0,No,0,0,0,0,0,0,Two year,0,Mailed check,1005.7,0,18.9754717,18.7
5268-DSMNQ,0,1,1,0,62,1,1,Fiber optic,0,1,1,0,1,0,One year,1,Credit card (automatic),5936.55,0,95.75080645,97.95
5334-JLAXU,0,0,1,0,60,1,1,Fiber optic,1,1,0,0,0,1,Month-to-month,1,Credit card (automatic),5475.9,0,91.265,94.1
4086-YQSNZ,0,1,1,0,3,1,0,Fiber optic,0,0,0,0,1,0,Month-to-month,1,Electronic check,224.05,1,74.68333333,80.4
6242-MBHPK,0,1,1,0,23,1,0,Fiber optic,1,0,0,0,1,1,Month-to-month,1,Electronic check,2326.05,0,101.1326087,95.1
5868-CZJDR,1,0,0,1,1,0,0,DSL,0,1,0,0,0,0,Month-to-month,1,Mailed check,31.35,1,31.35,31.35
9359-UGBTK,0,0,0,0,67,1,0,DSL,1,0,1,1,0,1,One year,1,Bank transfer (automatic),4991.5,0,74.5,72.35
0135-NMXAP,0,0,0,0,12,1,1,Fiber optic,0,1,0,0,1,0,Month-to-month,1,Bank transfer (automatic),1052.4,1,87.7,89.75
4782-OSFXZ,0,1,1,0,71,1,1,DSL,1,1,1,1,0,1,Two year,1,Bank transfer (automatic),5831.2,0,82.12957746,82.7
6479-OAUSD,1,0,0,0,25,1,0,No,0,0,0,0,0,0,One year,0,Credit card (automatic),510.8,0,20.432,19.9
7129-ACFOG,0,0,0,0,5,1,1,DSL,1,0,0,0,0,0,Month-to-month,1,Electronic check,283.95,0,56.79,53.8
4189-NAKJS,1,0,0,0,26,1,1,DSL,0,0,0,0,0,0,One year,1,Credit card (automatic),1295.4,0,49.82307692,51.55
5562-BETPV,1,0,1,1,1,1,0,No,0,0,0,0,0,0,One year,0,Mailed check,19.65,0,19.65,19.65
1282-IHQAC,1,1,0,0,70,0,0,DSL,0,1,1,0,1,0,One year,1,Credit card (automatic),3011.65,0,43.02357143,44.05
9127-FHJBZ,1,0,1,1,72,1,1,Fiber optic,1,1,1,1,1,1,Two year,1,Electronic check,8093.15,0,112.4048611,114
6270-OMFIW,1,0,1,0,60,1,0,Fiber optic,0,1,0,0,1,1,One year,1,Electronic check,5610.25,1,93.50416667,94.4
1641-RQDAY,0,1,1,1,32,1,1,Fiber optic,0,1,0,0,1,1,Month-to-month,1,Electronic check,3217.65,0,100.5515625,100.4
0107-WESLM,1,0,0,0,1,1,0,No,0,0,0,0,0,0,Month-to-month,1,Electronic check,19.85,1,19.85,19.85
6994-ORCWG,0,0,0,0,14,1,1,DSL,0,1,0,0,0,0,One year,1,Mailed check,773.2,0,55.22857143,54.25
1346-UFHAX,0,0,0,0,13,1,1,Fiber optic,1,0,0,0,0,0,Month-to-month,1,Credit card (automatic),1029.35,0,79.18076923,80
3992-YWPKO,0,0,0,0,6,1,1,Fiber optic,0,1,1,1,1,1,Month-to-month,1,Credit card (automatic),669.45,1,111.575,109.9
2933-XEUJM,0,0,0,0,46,1,1,DSL,1,0,1,0,1,1,Two year,0,Mailed check,3593.8,0,78.12608696,79.2
0125-LZQXK,1,0,0,0,15,1,0,Fiber optic,0,0,1,1,1,1,Month-to-month,1,Electronic check,1553.95,1,103.5966667,101.35
5461-QKNTN,1,1,1,0,43,1,1,Fiber optic,0,1,0,1,1,0,Month-to-month,1,Electronic check,3953.15,0,91.93372093,94.3
4835-YSJMR,1,0,0,0,39,1,0,DSL,0,0,0,1,0,0,Two year,1,Bank transfer (automatic),1971.15,0,50.54230769,49.8
8399-YNDCH,1,1,0,0,21,1,0,DSL,0,0,1,0,1,0,Month-to-month,1,Bank transfer (automatic),1236.15,1,58.86428571,60.05
3164-YAXFY,1,0,0,0,57,0,0,DSL,1,0,1,0,1,1,Month-to-month,1,Electronic check,3196,0,56.07017544,53.75
0887-WBJVH,0,0,1,0,53,1,0,Fiber optic,0,0,0,1,1,1,One year,1,Electronic check,4872.2,0,91.92830189,93.45
4660-IRIBM,1,0,1,1,18,1,0,Fiber optic,1,0,1,0,1,0,Month-to-month,1,Mailed check,1500.5,0,83.36111111,87.9
5673-FSSMF,0,0,0,0,1,1,1,DSL,0,0,0,0,0,1,Month-to-month,1,Electronic check,60.15,1,60.15,60.15
7670-ZBPOQ,0,0,1,0,58,1,1,DSL,1,0,0,1,0,0,One year,1,Bank transfer (automatic),3478.75,0,59.97844828,61.05
8089-UZWLX,0,1,0,0,71,1,1,Fiber optic,0,0,1,0,1,1,Two year,0,Bank transfer (automatic),7413.55,0,104.4161972,104.05
0080-OROZO,0,0,0,0,35,1,0,Fiber optic,0,0,1,1,1,1,One year,1,Electronic check,3532,0,100.9142857,99.25
3916-NRPAP,1,0,0,0,3,1,0,Fiber optic,0,0,1,0,0,1,Month-to-month,0,Credit card (automatic),256.75,0,85.58333333,85.7
6807-SIWJI,1,0,0,0,38,1,1,Fiber optic,1,1,0,0,1,1,One year,1,Electronic check,3887.25,0,102.2960526,104.85
8221-HVAYI,1,0,1,1,35,1,1,DSL,1,1,1,1,0,0,Two year,1,Credit card (automatic),2490.15,0,71.14714286,69.15
1579-KLYDT,1,0,0,0,7,1,1,Fiber optic,0,0,1,0,1,0,Month-to-month,1,Electronic check,593.45,1,84.77857143,90.45
5232-NXPAY,0,0,0,0,47,1,0,DSL,0,0,1,1,1,1,Two year,0,Mailed check,3510.3,0,74.68723404,74.45
8967-SZQAS,0,0,0,0,14,1,0,DSL,0,1,0,0,0,0,Month-to-month,0,Electronic check,765.45,0,54.675,50.45
4468-KAZHE,0,1,1,0,20,1,0,DSL,0,1,0,0,0,1,Month-to-month,1,Electronic check,1259.35,0,62.9675,60
0455-ENTCR,1,0,1,0,66,1,1,DSL,1,1,0,1,1,1,Two year,0,Electronic check,5538.35,0,83.91439394,85.25
8944-AILEF,1,0,1,0,15,1,0,No,0,0,0,0,0,0,Month-to-month,1,Credit card (automatic),340.85,0,22.72333333,19.45
5542-NKVRU,0,0,0,0,42,1,0,No,0,0,0,0,0,0,Two year,1,Bank transfer (automatic),844.45,0,20.10595238,20.75
7126-RBHSD,0,0,1,0,17,1,1,Fiber optic,1,0,0,0,0,0,Month-to-month,0,Electronic check,1348.95,0,79.35,78.9
5370-IIVVL,1,0,0,0,37,1,1,Fiber optic,0,1,0,1,1,1,One year,1,Credit card (automatic),3778,0,102.1081081,104.5
6789-HJBWG,0,0,0,0,12,1,0,DSL,0,1,0,0,0,0,Month-to-month,1,Electronic check,611.65,0,50.97083333,49.4
3927-NLNRY,1,0,1,0,53,1,0,Fiber optic,0,1,0,0,1,1,One year,1,Bank transfer (automatic),4867.95,1,91.84811321,94.25
9087-EYCPR,0,0,0,0,60,1,1,No,0,0,0,0,0,0,Two year,0,Mailed check,1505.05,0,25.08416667,25
6791-YBNAK,1,0,1,1,18,0,0,DSL,0,0,0,0,0,0,Month-to-month,0,Credit card (automatic),467.85,0,25.99166667,25.55
6358-LYNGM,1,0,0,0,1,1,1,Fiber optic,0,0,0,0,0,0,Month-to-month,1,Electronic check,74.9,1,74.9,74.9
6077-BDPXA,0,0,0,0,3,1,0,Fiber optic,0,0,0,0,0,0,Month-to-month,1,Electronic check,194.2,0,64.73333333,70.15
0013-MHZWF,0,0,0,1,9,1,0,DSL,0,0,0,1,1,1,Month-to-month,1,Credit card (automatic),571.45,0,63.49444444,69.4
5494-HECPR,0,0,0,0,1,1,0,Fiber optic,0,0,0,0,1,0,Month-to-month,1,Electronic check,80.25,1,80.25,80.25
8268-YDIXR,1,0,1,0,56,1,1,Fiber optic,1,1,1,0,0,0,One year,1,Electronic check,5253.95,0,93.82053571,93.15
9824-BEMCV,1,0,1,1,17,1,0,Fiber optic,0,0,0,0,0,0,Month-to-month,1,Electronic check,1149.65,1,67.62647059,69
1373-ORVIZ,0,0,1,1,11,1,1,DSL,0,0,0,1,0,1,Month-to-month,1,Electronic check,740.8,1,67.34545455,66.35
4291-SHSBH,1,0,0,0,7,1,0,Fiber optic,0,0,0,0,0,0,Month-to-month,1,Electronic check,521.35,0,74.47857143,69.55
6980-IMXXE,0,0,1,1,69,1,0,No,0,0,0,0,0,0,Two year,0,Bank transfer (automatic),1412.65,0,20.47318841,20.2
9866-QEVEE,1,0,0,0,19,1,1,Fiber optic,0,0,0,0,0,1,Month-to-month,1,Bank transfer (automatic),1532.45,1,80.65526316,86
9897-KXHCM,0,0,1,1,3,1,0,Fiber optic,0,0,0,0,0,1,Month-to-month,1,Electronic check,250.05,1,83.35,80.3
0040-HALCW,1,0,1,1,54,1,0,No,0,0,0,0,0,0,Two year,0,Credit card (automatic),1090.6,0,20.1962963,20.4
0784-GTUUK,1,0,1,0,62,1,1,No,0,0,0,0,0,0,One year,1,Credit card (automatic),1446.8,0,23.33548387,23.75
7979-CORPM,1,0,0,0,24,1,1,Fiber optic,0,1,0,0,1,0,Month-to-month,1,Credit card (automatic),2282.55,1,95.10625,90.55
2294-DMMUS,0,0,1,1,62,1,1,DSL,0,0,0,0,1,1,Month-to-month,1,Credit card (automatic),4300.45,0,69.36209677,70.45
0872-JCPIB,1,0,0,0,17,1,1,DSL,1,0,0,0,0,1,Month-to-month,0,Bank transfer (automatic),1111.2,0,65.36470588,65.75
3055-MJDSB,1,0,0,0,9,0,0,DSL,0,0,0,0,0,0,Month-to-month,1,Mailed check,190.1,0,21.12222222,24.6
9091-WTUUY,1,0,1,1,64,1,0,DSL,1,0,1,1,1,0,Two year,0,Mailed check,4447.75,0,69.49609375,69.25
1618-CFHME,0,0,0,0,2,1,1,Fiber optic,0,0,0,0,0,0,Month-to-month,1,Electronic check,143.35,1,71.675,75.9
3165-HDOEW,1,0,1,1,1,1,0,DSL,0,0,0,0,0,0,Month-to-month,1,Mailed check,45.85,1,45.85,45.85
6581-NQCBA,0,0,1,0,16,0,0,DSL,0,0,0,1,1,1,Month-to-month,1,Electronic check,810.2,1,50.6375,49.95
7115-IRDHS,0,0,1,0,72,1,1,No,0,0,0,0,0,0,Two year,0,Bank transfer (automatic),1830.05,0,25.41736111,24.65
8496-DMZUK,1,0,0,0,30,1,1,Fiber optic,1,1,1,0,0,0,One year,0,Bank transfer (automatic),2820.65,0,94.02166667,90.4
2040-VZIKE,0,0,1,0,49,1,1,Fiber optic,1,0,0,0,1,1,Month-to-month,1,Mailed check,4847.35,0,98.9255102,100.85
9068-VPWQQ,1,0,1,0,61,1,1,DSL,1,0,1,1,0,1,Two year,0,Credit card (automatic),4729.3,0,77.5295082,75.35
0178-SZBHO,1,0,1,1,47,1,1,Fiber optic,0,1,0,0,1,0,Month-to-month,0,Electronic check,4017.45,0,85.47765957,87.2
0384-RVBPI,1,0,0,0,20,1,0,DSL,1,0,1,0,0,1,Month-to-month,0,Credit card (automatic),1398.6,0,69.93,64.4
1689-MRZQR,1,0,1,1,34,1,0,Fiber optic,0,0,0,0,1,0,Month-to-month,0,Electronic check,2564.3,1,75.42058824,78.3
1299-AURJA,0,0,1,1,70,1,1,No,0,0,0,0,0,0,Two year,0,Bank transfer (automatic),1685.9,0,24.08428571,24.7
4525-VZCZG,1,0,0,1,54,1,0,Fiber optic,1,1,0,1,1,1,One year,1,Electronic check,5826.65,0,107.9009259,105.85
1543-LLLFT,1,1,1,0,61,1,1,Fiber optic,0,1,1,1,1,0,One year,1,Mailed check,6066.55,0,99.45163934,98.3
5835-BEQEU,1,0,0,0,3,1,1,Fiber optic,0,0,0,0,0,0,Month-to-month,1,Electronic check,228.4,1,76.13333333,76.95
2788-CJQAQ,1,0,0,0,13,1,0,No,0,0,0,0,0,0,One year,0,Mailed check,270.2,0,20.78461538,19.45
5565-FILXA,0,1,0,0,16,1,1,Fiber optic,0,0,0,0,1,1,Month-to-month,1,Electronic check,1529.2,1,95.575,96.15
0319-QZTCO,0,0,1,1,3,1,0,DSL,0,1,0,0,1,0,Month-to-month,1,Credit card (automatic),168.6,0,56.2,58.7
2120-SMPEX,1,0,0,0,25,1,0,No,0,0,0,0,0,0,Month-to-month,1,Mailed check,536.35,0,21.454,20.15
0096-FCPUF,1,0,0,0,30,1,1,DSL,1,0,0,0,0,1,Month-to-month,1,Mailed check,1888.45,0,62.94833333,64.5
0668-OGMHD,0,0,1,0,21,0,0,DSL,1,0,0,0,0,0,Month-to-month,0,Electronic check,629.35,0,29.96904762,28.5
5552-ZNFSJ,1,0,0,0,1,1,0,DSL,0,0,0,0,0,0,Month-to-month,0,Electronic check,45.3,1,45.3,45.3
2223-KAGMX,0,0,0,0,15,1,0,No,0,0,0,0,0,0,Month-to-month,0,Bank transfer (automatic),289.3,1,19.28666667,19.4
6507-ZJSUR,1,1,1,0,23,1,0,Fiber optic,0,0,0,0,1,1,Month-to-month,1,Electronic check,2117.25,0,92.05434783,90.45
9408-HRXRK,0,0,1,1,45,1,1,Fiber optic,1,1,0,0,1,1,Month-to-month,1,Electronic check,4730.9,0,105.1311111,105.15
5593-SUAOO,0,0,1,1,24,1,1,Fiber optic,0,1,1,0,0,0,One year,0,Bank transfer (automatic),2033.05,0,84.71041667,83.15
7321-PKUYW,0,0,0,0,11,1,1,Fiber optic,0,0,0,1,1,0,Month-to-month,0,Electronic check,987.95,1,89.81363636,90.15
2833-SLKDQ,1,0,0,0,1,1,0,DSL,0,0,0,0,0,0,Month-to-month,0,Mailed check,45.05,1,45.05,45.05
6766-HFKLA,0,0,1,0,56,1,1,Fiber optic,0,0,1,1,1,1,Two year,0,Bank transfer (automatic),5744.35,0,102.5776786,103.2
7595-EUIVN,0,0,0,0,1,1,0,Fiber optic,0,1,0,0,0,0,Month-to-month,0,Electronic check,75.8,1,75.8,75.8
7617-EYGLW,1,0,0,0,1,1,0,No,0,0,0,0,0,0,Month-to-month,0,Electronic check,19.45,0,19.45,19.45
2026-TGDHM,0,0,0,0,7,1,0,Fiber optic,0,0,0,0,0,1,Month-to-month,1,Electronic check,523.15,1,74.73571429,79.3
9220-ZNKJI,0,1,1,0,55,1,0,Fiber optic,0,0,1,1,1,0,Two year,0,Credit card (automatic),4805.3,0,87.36909091,88.8
4030-VPZBD,0,0,0,0,2,0,0,DSL,0,0,0,1,0,0,Month-to-month,1,Electronic check,59.05,1,29.525,30.9
2226-ICFDO,0,0,1,1,72,1,1,DSL,1,0,1,1,1,1,Two year,1,Credit card (automatic),6110.75,0,84.87152778,85.9
0723-VSOBE,0,1,0,0,45,0,0,DSL,0,0,0,0,0,1,One year,0,Electronic check,1596.6,0,35.48,34.2
5529-GIBVH,0,0,0,0,47,1,0,No,0,0,0,0,0,0,Two year,0,Mailed check,1046.2,0,22.25957447,20.15
4187-CINZD,0,1,0,0,46,1,0,Fiber optic,0,1,0,0,1,1,One year,0,Credit card (automatic),4424.2,1,96.17826087,95.25
9992-UJOEL,1,0,0,0,2,1,0,DSL,0,1,0,0,0,0,Month-to-month,1,Mailed check,92.75,0,46.375,50.3
4741-WWJQZ,0,0,1,0,2,1,0,Fiber optic,1,0,0,1,0,0,Month-to-month,1,Electronic check,194.55,0,97.275,80.15
6625-UTXEW,0,0,1,0,12,1,0,DSL,0,1,0,0,0,0,Month-to-month,1,Electronic check,612.1,0,51.00833333,51.25
6818-WOBHJ,0,1,1,0,68,1,1,Fiber optic,0,1,0,0,0,1,Month-to-month,1,Bank transfer (automatic),6127.6,1,90.11176471,89.6
6244-BESBM,1,0,1,1,69,1,0,Fiber optic,0,0,0,1,1,1,Two year,1,Credit card (automatic),6671.7,0,96.69130435,95.2
1004-NOZNR,1,1,0,1,56,1,0,Fiber optic,1,0,0,0,1,1,One year,0,Credit card (automatic),5264.3,0,94.00535714,94.8
1251-STYSZ,0,1,0,0,4,1,1,Fiber optic,1,0,0,0,0,0,Month-to-month,1,Electronic check,303.7,0,75.925,80.25
2612-PHGOX,1,0,1,0,64,1,1,DSL,0,1,1,1,1,0,Two year,1,Bank transfer (automatic),4818.8,0,75.29375,76.1
2408-TZMJL,1,0,1,0,59,1,1,Fiber optic,1,1,1,0,1,1,One year,1,Electronic check,6448.05,1,109.2889831,110.15
8480-PPONV,1,0,1,1,62,1,1,Fiber optic,1,1,1,1,1,1,Two year,0,Bank transfer (automatic),7159.05,0,115.4685484,114.729
8780-IHCRN,1,0,1,1,63,1,1,No,0,0,0,0,0,0,Two year,0,Credit card (automatic),1574.5,0,24.99206349,24.65
4598-ZADCK,0,0,0,0,53,0,0,DSL,1,1,1,1,1,0,One year,1,Electronic check,2879.2,0,54.3245283,53.6
1257-SXUXQ,1,0,1,1,5,1,0,No,0,0,0,0,0,0,Month-to-month,0,Mailed check,86.05,0,17.21,19.45
9681-KYGYB,1,1,1,0,49,1,1,Fiber optic,1,1,1,0,0,0,Month-to-month,1,Electronic check,4159.45,0,84.88673469,88.2
7182-OVLBJ,0,0,1,1,62,1,1,Fiber optic,1,0,0,0,1,1,Two year,1,Bank transfer (automatic),6638.35,0,107.0701613,101.15
5095-ETBRJ,0,0,1,0,55,1,0,DSL,1,1,0,1,0,0,Two year,0,Mailed check,3112.05,0,56.58272727,56.8
7005-CYUIL,0,1,1,0,71,1,0,Fiber optic,1,1,1,1,1,0,Two year,1,Electronic check,7168.25,0,100.9612676,99.4
4821-WQOYN,0,0,1,1,72,1,0,No,0,0,0,0,0,0,Two year,1,Credit card (automatic),1326.25,0,18.42013889,20.1
4730-AWNAU,1,0,1,1,36,0,0,DSL,1,0,1,1,1,1,One year,0,Credit card (automatic),2234.55,0,62.07083333,60.7
3452-FLHYD,1,0,1,0,25,1,0,No,0,0,0,0,0,0,One year,1,Bank transfer (automatic),495.15,0,19.806,20.95
2388-LAESQ,0,1,1,0,72,1,1,Fiber optic,1,1,1,1,1,1,Two year,1,Bank transfer (automatic),8317.95,0,115.5270833,114.729
9531-NSBMR,0,0,0,0,36,1,0,No,0,0,0,0,0,0,One year,1,Bank transfer (automatic),679.8,0,18.88333333,19.25
6260-ONULR,1,0,0,0,1,1,0,DSL,0,0,0,0,1,1,Month-to-month,1,Mailed check,62.8,0,62.8,62.8
4389-UEFCZ,0,0,1,0,72,1,1,Fiber optic,1,0,1,0,1,1,Two year,1,Electronic check,7544,0,104.7777778,105.5
8711-LOBKY,1,0,1,1,59,1,0,No,0,0,0,0,0,0,Two year,0,Mailed check,1188.25,0,20.13983051,19.85
9134-CEQMF,1,1,1,0,7,1,0,Fiber optic,0,0,0,0,1,1,Month-to-month,1,Electronic check,676.7,1,96.67142857,89.5
8985-OOPOS,0,0,0,0,1,1,0,DSL,0,0,1,1,1,1,One year,0,Credit card (automatic),74.1,0,74.1,74.1
8800-ZKRFW,0,0,1,1,30,1,1,Fiber optic,0,1,1,1,1,1,Month-to-month,1,Electronic check,3242.5,0,108.0833333,107.5
2616-FLVQC,1,0,0,0,64,1,0,No,0,0,0,0,0,0,Two year,0,Mailed check,1240.15,0,19.37734375,19.55
9968-FFVVH,1,0,0,0,63,1,1,DSL,1,1,1,1,0,0,One year,0,Bank transfer (automatic),4111.35,0,65.25952381,68.8
3108-PCCGG,1,1,1,0,72,1,1,DSL,1,1,1,0,1,1,Two year,0,Credit card (automatic),5899.85,0,81.94236111,84.45
7993-PYKOF,1,0,1,0,8,1,0,Fiber optic,1,0,0,0,0,0,Month-to-month,0,Electronic check,632.95,1,79.11875,75
8390-FESFV,0,0,0,0,62,1,1,DSL,0,1,1,1,1,1,Two year,0,Bank transfer (automatic),5193.2,0,83.76129032,84.5
3022-BEXHZ,1,0,1,1,67,1,1,Fiber optic,0,1,1,1,1,1,Two year,1,Bank transfer (automatic),7530.8,0,112.4,111.2
5027-XWQHA,1,0,0,0,6,1,0,DSL,0,0,0,0,0,0,Month-to-month,0,Electronic check,270.95,1,45.15833333,44.75
6248-TKCQV,0,0,1,1,70,1,1,DSL,1,0,0,1,1,1,Two year,1,Bank transfer (automatic),5460.2,0,78.00285714,80.6
6729-GDNGC,0,1,0,0,20,1,0,Fiber optic,0,0,0,0,1,0,Month-to-month,0,Bank transfer (automatic),1614.2,0,80.71,80.7
6198-ZFIOJ,0,0,0,0,5,1,1,Fiber optic,0,0,0,0,0,0,Month-to-month,0,Electronic check,402.5,0,80.5,75.6
5989-OMNJE,0,0,1,1,24,0,0,DSL,1,1,1,0,1,1,One year,0,Electronic check,1367.75,0,56.98958333,57.6
4566-QVRRW,0,0,1,0,11,1,0,DSL,0,0,0,0,0,0,Month-to-month,1,Electronic check,483.7,1,43.97272727,44.05
1291-CUOCY,1,0,1,0,72,1,1,Fiber optic,0,1,1,1,1,1,Two year,1,Credit card (automatic),7962.2,0,110.5861111,110.6
9795-SHUHB,0,0,1,1,66,1,0,DSL,1,1,0,1,0,0,Two year,1,Credit card (automatic),3810.8,0,57.73939394,58.2
3230-IUALN,0,0,1,1,45,1,0,DSL,1,0,1,1,1,1,Two year,1,Mailed check,3533.6,0,78.52444444,81
0042-RLHYP,0,0,1,1,69,1,0,No,0,0,0,0,0,0,Two year,0,Bank transfer (automatic),1396.9,0,20.24492754,19.7
8519-IMDHU,1,1,1,0,15,1,1,Fiber optic,0,0,0,0,0,1,Month-to-month,1,Bank transfer (automatic),1345.55,1,89.70333333,85.6
4945-RVMTE,0,0,0,0,28,1,0,DSL,0,0,1,0,1,0,Month-to-month,1,Bank transfer (automatic),1646.45,0,58.80178571,59.55
0201-OAMXR,0,0,0,0,70,1,1,Fiber optic,1,1,1,1,1,1,One year,0,Credit card (automatic),8127.6,1,116.1085714,114.729
1866-NXPSP,0,0,0,0,36,1,0,DSL,1,1,1,1,0,1,One year,1,Mailed check,2680.15,0,74.44861111,75.55
3372-KWFBM,1,1,0,0,16,1,1,Fiber optic,0,0,0,0,1,0,Month-to-month,1,Electronic check,1281,1,80.0625,86.6
7831-QGOXH,0,0,0,0,18,1,1,Fiber optic,0,0,0,0,1,0,Month-to-month,1,Electronic check,1553.9,1,86.32777778,85.2
6393-WRYZE,0,0,1,0,34,1,1,Fiber optic,0,0,0,0,1,1,Month-to-month,1,Electronic check,3207.55,1,94.33970588,97.65
3941-XTSKM,1,0,1,1,42,0,0,DSL,0,1,1,0,0,1,One year,1,Credit card (automatic),2049.05,0,48.78690476,45.1
1661-CZBAU,1,0,0,0,48,1,1,DSL,1,0,0,1,0,1,One year,1,Bank transfer (automatic),3629.2,0,75.60833333,70.95
6599-RCLCJ,1,0,1,0,47,1,1,Fiber optic,0,1,1,1,1,1,Month-to-month,1,Electronic check,5124.55,1,109.0329787,109.55
9831-BPFRI,0,0,1,1,39,1,1,Fiber optic,0,1,1,1,0,0,One year,1,Electronic check,3474.45,1,89.08846154,89.55
5158-RIVOP,0,0,1,1,11,1,0,No,0,0,0,0,0,0,Two year,0,Credit card (automatic),202.3,0,18.39090909,20.9
9788-YTFGE,1,0,0,0,7,1,0,No,0,0,0,0,0,0,Month-to-month,1,Mailed check,147.5,0,21.07142857,19.95
9277-JOOMO,0,0,0,0,3,1,1,No,0,0,0,0,0,0,Month-to-month,0,Mailed check,86.35,0,28.78333333,24.6
1907-YLNYW,1,0,0,0,8,1,0,DSL,1,0,1,0,0,1,Month-to-month,1,Electronic check,579,0,72.375,66.7
1725-MIMXW,1,0,0,1,1,1,0,No,0,0,0,0,0,0,Month-to-month,1,Mailed check,19.45,1,19.45,19.45
8947-YRTDV,1,0,1,1,32,1,0,Fiber optic,1,1,1,0,0,1,One year,0,Mailed check,3131.55,0,97.8609375,94.8
3161-ONRWK,1,0,1,1,60,1,0,DSL,1,1,1,1,0,0,One year,1,Bank transfer (automatic),3928.3,0,65.47166667,65.85
0114-RSRRW,0,0,1,0,10,1,0,No,0,0,0,0,0,0,Month-to-month,1,Bank transfer (automatic),187.75,0,18.775,19.95
4565-NLZBV,0,0,1,0,71,1,1,No,0,0,0,0,0,0,Two year,1,Bank transfer (automatic),1710.15,0,24.08661972,24.65
0031-PVLZI,0,0,1,1,4,1,0,No,0,0,0,0,0,0,Month-to-month,0,Mailed check,76.35,1,19.0875,20.35
7206-GZCDC,0,1,0,0,1,1,0,Fiber optic,0,0,0,0,0,0,Month-to-month,1,Electronic check,69.25,1,69.25,69.25
6682-VCIXC,0,0,1,1,43,0,0,DSL,1,1,0,1,1,0,One year,1,Bank transfer (automatic),2151.6,0,50.0372093,51.25
4791-QRGMF,1,0,1,0,59,1,1,Fiber optic,0,0,1,0,1,1,One year,1,Bank transfer (automatic),5961.1,1,101.0355932,99.5
6475-VHUIZ,0,0,1,0,23,1,0,DSL,0,0,1,1,0,0,Month-to-month,0,Electronic check,1221.55,0,53.11086957,54.25
3910-MRQOY,0,0,1,0,72,1,0,No,0,0,0,0,0,0,Two year,0,Bank transfer (automatic),1496.45,0,20.78402778,19.4
0661-WCQNQ,1,0,1,0,22,1,0,DSL,1,0,0,1,0,0,One year,1,Credit card (automatic),1292.2,0,58.73636364,56.25
7537-RBWEA,0,0,0,0,1,0,0,DSL,0,0,0,0,0,0,Month-to-month,1,Mailed check,25.15,0,25.15,25.15
4656-CAURT,1,0,0,0,69,1,1,No,0,0,0,0,0,0,Two year,0,Bank transfer (automatic),1713.1,0,24.82753623,23.95
0121-SNYRK,1,0,0,0,50,0,0,DSL,1,0,0,1,0,0,One year,1,Mailed check,1748.9,0,34.978,35.4
1768-ZAIFU,0,1,0,0,1,0,0,DSL,0,0,0,0,0,0,Month-to-month,1,Electronic check,25.2,1,25.2,25.2
4671-LXRDQ,1,0,0,0,2,1,0,DSL,0,0,0,0,0,0,Month-to-month,1,Mailed check,96.45,1,48.225,45
3733-LSYCE,0,0,1,0,15,1,0,Fiber optic,0,1,0,0,0,0,Month-to-month,0,Bank transfer (automatic),1114.55,0,74.30333333,75.35
6265-FRMTQ,1,0,0,0,31,1,0,No,0,0,0,0,0,0,Two year,0,Bank transfer (automatic),609.1,0,19.6483871,20.4
1934-SJVJK,1,0,0,0,1,1,0,No,0,0,0,0,0,0,Month-to-month,0,Mailed check,20.15,1,20.15,20.15
3838-OZURD,1,0,1,0,66,1,1,Fiber optic,0,1,1,0,1,1,Month-to-month,1,Credit card (automatic),7133.25,1,108.0795455,105
1371-DWPAZ,0,0,1,1,0,0,0,DSL,1,1,1,1,1,0,Two year,0,Credit card (automatic),2283.300441,0,inf,56.05
9269-CQOOL,1,0,0,1,3,1,0,DSL,0,0,0,0,1,0,Month-to-month,1,Credit card (automatic),169.45,1,56.48333333,54.7
2017-CCBLH,0,0,0,0,8,1,0,No,0,0,0,0,0,0,Two year,0,Mailed check,141.6,0,17.7,20
7690-KPNCU,1,0,1,1,64,1,0,DSL,1,0,1,0,1,1,One year,1,Credit card (automatic),4688.65,0,73.26015625,73.05
0536-BGFMZ,0,0,1,0,28,1,0,No,0,0,0,0,0,0,Month-to-month,0,Mailed check,563.05,0,20.10892857,20.5
2293-IJWPS,0,0,1,0,57,1,1,Fiber optic,0,0,1,0,1,1,One year,1,Credit card (automatic),5985,0,105,100.75
2845-HSJCY,0,0,1,1,14,1,1,Fiber optic,0,0,1,0,0,1,Month-to-month,1,Electronic check,1258.6,1,89.9,87.25
5469-NUJUR,1,0,0,0,19,1,0,No,0,0,0,0,0,0,Two year,1,Mailed check,373.5,0,19.65789474,19.95
1184-PJVDB,1,0,1,0,10,1,0,Fiber optic,0,0,0,0,1,0,Month-to-month,1,Electronic check,857.2,1,85.72,79.95
2625-TRCZQ,0,0,1,0,51,0,0,DSL,0,1,0,0,1,1,Month-to-month,1,Electronic check,2553.35,0,50.06568627,49.65
4102-HLENU,0,0,1,0,67,1,1,DSL,1,1,1,0,0,0,Two year,0,Mailed check,4322.85,0,64.52014925,65.65
7266-GSSJX,1,0,1,1,11,1,0,No,0,0,0,0,0,0,Month-to-month,1,Electronic check,250.8,0,22.8,20.45
7722-VJRQD,1,0,1,1,72,0,0,DSL,1,0,1,1,1,1,Two year,0,Bank transfer (automatic),4549.05,0,63.18125,60.95
7073-QETQY,1,0,1,1,66,1,0,No,0,0,0,0,0,0,One year,1,Electronic check,1359.5,0,20.59848485,20.35
9415-DPEWS,0,0,0,0,18,1,1,Fiber optic,0,0,0,1,1,0,Month-to-month,1,Electronic check,1639.3,1,91.07222222,88.35
5624-RYAMH,0,0,0,0,9,1,0,No,0,0,0,0,0,0,Month-to-month,1,Electronic check,178.85,0,19.87222222,19.5
0196-JTUQI,0,0,0,0,9,1,1,Fiber optic,0,0,0,0,0,0,Month-to-month,1,Credit card (automatic),633.85,0,70.42777778,75.2
7130-YXBRO,1,0,1,0,48,1,1,Fiber optic,1,1,1,0,1,1,Month-to-month,1,Bank transfer (automatic),5315.1,0,110.73125,111.45
9272-LSVYH,1,0,0,0,10,1,0,Fiber optic,0,0,0,0,0,0,Month-to-month,0,Mailed check,735.5,0,73.55,70.15
7943-RQCHR,0,0,0,0,9,1,1,Fiber optic,0,0,0,0,1,1,Month-to-month,1,Electronic check,889.9,1,98.87777778,94.75
3793-MMFUH,0,1,0,0,13,1,1,Fiber optic,0,0,0,0,1,1,Month-to-month,1,Electronic check,1290,1,99.23076923,95.05
3249-ZPQRG,1,0,0,0,4,1,1,Fiber optic,0,1,0,0,0,0,Month-to-month,0,Electronic check,330.05,1,82.5125,78.45
2568-BRGYX,1,0,0,0,4,1,0,Fiber optic,0,0,0,0,0,0,Month-to-month,1,Electronic check,237.95,1,59.4875,70.2
3084-DOWLE,0,0,1,0,72,1,1,DSL,1,1,1,1,1,1,Two year,0,Bank transfer (automatic),6474.4,0,89.92222222,92
1084-MNSMJ,0,0,1,1,51,1,0,DSL,1,1,1,1,1,1,Two year,0,Credit card (automatic),4421.95,0,86.70490196,85.5
7721-JXEAW,1,0,1,0,59,0,0,DSL,0,1,0,0,0,1,Month-to-month,1,Bank transfer (automatic),2452.7,1,41.57118644,41.05
7249-WBIYX,1,0,1,0,10,1,1,Fiber optic,0,0,0,0,1,0,Month-to-month,1,Electronic check,813.85,1,81.385,85.6
4238-HFHSN,1,1,1,0,61,1,1,Fiber optic,0,1,0,0,0,0,Month-to-month,1,Electronic check,4904.85,0,80.40737705,82.15
6250-CGGUN,1,0,0,0,54,1,0,Fiber optic,1,0,1,1,0,0,One year,0,Electronic check,4484.05,0,83.03796296,84.4
5478-JJVZK,0,0,0,0,33,1,1,DSL,1,1,0,0,0,0,Month-to-month,1,Mailed check,2033.85,0,61.63181818,60.9
7596-IIWYC,0,0,0,0,27,1,0,No,0,0,0,0,0,0,Two year,1,Bank transfer (automatic),538.2,0,19.93333333,20.25
6567-HOOPW,0,1,0,0,1,1,0,Fiber optic,0,0,0,0,1,0,Month-to-month,1,Electronic check,79.2,1,79.2,79.2
9793-WECQC,1,0,0,0,23,1,0,Fiber optic,0,1,0,0,1,1,Month-to-month,0,Mailed check,2192.9,0,95.34347826,95.3
4291-HPAXL,1,0,0,1,1,1,0,No,0,0,0,0,0,0,Month-to-month,0,Mailed check,19.85,0,19.85,19.85
8999-YPYBV,1,0,1,1,45,1,0,DSL,1,1,1,1,1,1,Two year,1,Mailed check,3858.05,0,85.73444444,84.35
1839-FBNFR,0,0,1,1,39,1,0,No,0,0,0,0,0,0,Two year,1,Bank transfer (automatic),854.8,0,21.91794872,19.85
3164-AALRN,1,0,0,0,5,1,0,DSL,0,0,1,0,1,1,One year,1,Mailed check,347.4,1,69.48,70
3071-MVJCD,1,0,1,1,72,1,1,DSL,1,1,1,1,1,0,Two year,0,Bank transfer (automatic),5815.15,0,80.76597222,82.3
1697-BCSHV,0,0,1,1,58,1,1,DSL,0,1,0,0,1,0,Month-to-month,1,Bank transfer (automatic),3970.4,0,68.45517241,66.8
0562-KBDVM,0,0,0,0,70,0,0,DSL,1,1,1,1,0,0,Two year,1,Bank transfer (automatic),3058.15,0,43.68785714,44.6
1131-SUEKT,1,0,1,1,61,1,0,Fiber optic,0,1,0,1,1,1,One year,1,Bank transfer (automatic),6145.2,0,100.7409836,98.45
3717-OEAUQ,1,0,0,0,2,1,0,Fiber optic,0,0,0,0,0,0,Month-to-month,0,Mailed check,129.2,0,64.6,70.7
4538-WNTMJ,0,0,1,1,46,1,1,No,0,0,0,0,0,0,One year,0,Mailed check,1165.9,0,25.34565217,24.95
3334-CTHOL,0,0,0,0,1,1,1,DSL,0,0,0,0,0,0,Month-to-month,1,Bank transfer (automatic),49.95,1,49.95,49.95
4704-ERYFC,0,0,1,0,22,1,0,Fiber optic,0,0,0,0,0,0,Month-to-month,1,Electronic check,1554,1,70.63636364,69.25
9432-RUVSL,0,0,0,0,48,1,0,Fiber optic,1,0,1,1,1,1,Two year,1,Credit card (automatic),4904.25,0,102.171875,102.5
8060-HIWJJ,1,0,0,0,64,1,1,DSL,0,1,1,1,1,1,Two year,0,Credit card (automatic),5632.55,0,88.00859375,86.55
7684-XSZIY,1,0,1,1,72,1,1,No,0,0,0,0,0,0,Two year,0,Bank transfer (automatic),1643.25,0,22.82291667,24.3
9089-UOWJG,0,0,1,1,12,1,0,DSL,0,0,1,0,1,0,Month-to-month,1,Credit card (automatic),740.55,0,61.7125,58.35
8621-MNIHH,0,1,1,0,34,1,1,Fiber optic,0,1,1,0,0,1,Month-to-month,1,Electronic check,3217.55,1,94.63382353,94.25
8039-ACLPL,0,0,1,1,72,1,0,DSL,1,1,1,0,0,1,Two year,0,Credit card (automatic),4888.2,0,67.89166667,68.75
9885-AIBVB,1,0,1,0,29,1,1,Fiber optic,0,1,1,0,0,0,Month-to-month,1,Electronic check,2440.25,0,84.14655172,85.8
1934-MKPXS,1,0,1,1,33,1,0,No,0,0,0,0,0,0,One year,0,Credit card (automatic),620.55,0,18.80454545,20.1
2592-YKDIF,0,0,0,0,1,1,0,No,0,0,0,0,0,0,Month-to-month,0,Mailed check,20.35,0,20.35,20.35
2272-JKMSI,0,0,1,1,62,1,1,Fiber optic,0,1,1,1,1,1,One year,1,Electronic check,6840.95,0,110.3379032,110.8
0471-LVHGK,1,0,1,0,41,1,1,DSL,0,0,1,0,1,1,One year,1,Electronic check,3001.2,1,73.2,73
9518-RWHZL,0,0,0,0,64,1,1,Fiber optic,0,0,1,0,1,1,One year,1,Credit card (automatic),6254.2,1,97.721875,100.05
8714-CTZJW,0,0,0,0,4,1,0,Fiber optic,0,0,1,0,0,1,Month-to-month,1,Credit card (automatic),319.6,0,79.9,82.85
3569-EDBPQ,0,0,0,0,24,1,1,Fiber optic,1,0,0,1,0,0,Month-to-month,1,Electronic check,1938.05,0,80.75208333,84.35
3131-NWVFJ,0,0,1,1,14,1,0,No,0,0,0,0,0,0,One year,0,Mailed check,294.5,0,21.03571429,19.55
7521-YXVZY,1,0,0,1,3,1,0,No,0,0,0,0,0,0,Month-to-month,0,Mailed check,58.3,0,19.43333333,19.95
5419-CONWX,0,1,0,0,4,1,0,Fiber optic,0,1,1,0,1,1,Month-to-month,1,Credit card (automatic),442.85,1,110.7125,99.8
6240-EURKS,0,0,0,1,18,0,0,DSL,0,0,0,0,0,1,Month-to-month,1,Electronic check,553,1,30.72222222,35
2373-NTKOD,1,0,0,0,8,1,0,DSL,0,0,0,0,1,1,Month-to-month,1,Electronic check,546.45,0,68.30625,66.25
1970-KKFWL,0,0,0,0,35,1,1,No,0,0,0,0,0,0,Two year,0,Bank transfer (automatic),797.1,0,22.77428571,23.3
6960-HVYXR,0,0,0,0,1,1,1,Fiber optic,0,0,0,0,0,0,Month-to-month,0,Electronic check,76,1,76,76
9337-SRRNI,1,0,0,1,66,1,1,No,0,0,0,0,0,0,Two year,1,Credit card (automatic),1673.8,0,25.36060606,25.3
0895-UADGO,1,0,0,1,8,0,0,DSL,1,0,0,1,0,1,Two year,1,Mailed check,343.45,0,42.93125,44.55
5678-VFNEQ,0,0,1,0,71,1,1,Fiber optic,1,0,1,0,1,1,One year,1,Credit card (automatic),7412.25,0,104.3978873,104.1
5977-CKHON,0,0,1,1,43,1,1,Fiber optic,0,0,1,0,0,1,Month-to-month,1,Bank transfer (automatic),4039,0,93.93023256,92.55
7024-OHCCK,0,1,0,0,2,1,1,Fiber optic,0,0,0,0,1,1,Month-to-month,1,Electronic check,170.85,1,85.425,93.85
2692-BUCFV,1,1,0,0,29,1,0,Fiber optic,0,1,1,0,1,1,Month-to-month,1,Bank transfer (automatic),2948.6,0,101.6758621,101.45
7861-UVUFT,0,0,1,0,15,1,0,Fiber optic,0,0,1,0,1,0,Month-to-month,1,Electronic check,1308.4,1,87.22666667,84.3
1830-GGFNM,1,0,1,1,65,1,1,Fiber optic,1,1,1,1,0,0,Two year,0,Credit card (automatic),6078.75,0,93.51923077,94.55
5302-BDJNT,1,0,0,0,35,1,1,Fiber optic,0,0,1,1,1,0,Month-to-month,0,Electronic check,3418.2,0,97.66285714,95.5
5223-UZAVK,1,0,0,0,64,1,0,Fiber optic,1,1,0,0,1,1,One year,1,Credit card (automatic),6603.8,0,103.184375,100.3
4859-ZSRDZ,0,0,1,1,58,0,0,DSL,0,0,1,1,1,1,Two year,1,Credit card (automatic),3166.9,0,54.60172414,55.5
5651-WYIPH,0,1,0,0,18,1,0,DSL,0,1,0,0,0,0,Month-to-month,1,Credit card (automatic),865.75,0,48.09722222,49.85
9350-VLHMB,1,0,1,1,67,1,1,Fiber optic,0,1,0,0,0,1,Month-to-month,1,Bank transfer (automatic),6373.1,0,95.12089552,89.55
3498-LZGQZ,1,0,1,1,63,1,0,No,0,0,0,0,0,0,Two year,1,Mailed check,1177.05,0,18.68333333,19.15
8785-CJSHH,0,0,1,0,60,1,1,Fiber optic,0,1,0,0,1,1,Month-to-month,1,Electronic check,5985.75,0,99.7625,99.8
5357-TZHPP,1,1,0,0,9,1,1,Fiber optic,0,0,0,0,0,1,Month-to-month,1,Credit card (automatic),732.5,1,81.38888889,84.4
3870-SPZSI,0,0,1,1,70,1,1,Fiber optic,1,1,1,1,1,1,Two year,1,Credit card (automatic),7869.05,0,112.415,113.05
0680-DFNNY,1,0,1,0,15,1,1,Fiber optic,0,0,1,0,1,1,Month-to-month,1,Electronic check,1504.05,1,100.27,101.1
7560-QRBXH,0,0,0,1,48,1,0,No,0,0,0,0,0,0,One year,0,Mailed check,936.7,0,19.51458333,19.95
7077-XJMET,1,0,1,0,12,1,0,DSL,0,0,1,1,1,1,Month-to-month,1,Electronic check,741.4,0,61.78333333,74.15
8752-GHJFU,1,1,1,0,71,1,1,Fiber optic,1,1,1,1,0,0,One year,1,Electronic check,6585.2,0,92.74929577,92
6896-SRVYQ,1,1,0,0,44,1,0,Fiber optic,0,0,1,0,0,0,Month-to-month,0,Electronic check,3122.4,0,70.96363636,73.85
7767-UXAGJ,1,0,0,0,1,1,1,DSL,0,0,0,0,0,0,Month-to-month,1,Electronic check,50.45,1,50.45,50.45
4652-ODEVH,1,0,1,1,45,1,1,No,0,0,0,0,0,0,Two year,0,Mailed check,1088.25,0,24.18333333,24.45
6510-UPNKS,0,0,0,0,23,1,1,No,0,0,0,0,0,0,One year,0,Credit card (automatic),615.35,0,26.75434783,24.8
6718-BDGHG,0,0,1,0,43,1,1,DSL,0,0,0,1,1,0,One year,1,Bank transfer (automatic),2908.2,0,67.63255814,64.85
9046-DQMTP,1,0,0,0,35,1,0,No,0,0,0,0,0,0,Month-to-month,0,Bank transfer (automatic),739.9,0,21.14,20.75
6439-LAJXL,1,0,1,0,9,1,0,DSL,1,1,0,1,1,0,Month-to-month,1,Mailed check,593.85,0,65.98333333,68.95
1571-SAVHK,1,0,0,0,12,1,1,Fiber optic,0,0,0,1,1,1,Month-to-month,1,Mailed check,1132.75,1,94.39583333,99.95
9052-VKDUW,0,1,1,0,65,1,1,Fiber optic,1,1,1,0,1,1,Month-to-month,1,Credit card (automatic),7227.45,0,111.1915385,109.4
9546-CQJSU,0,0,0,0,2,1,1,Fiber optic,0,0,1,0,1,0,Month-to-month,1,Electronic check,193.6,1,96.8,91.4
1666-JZPZT,1,0,0,0,27,1,1,DSL,0,0,0,0,0,0,Month-to-month,0,Mailed check,1291.35,0,47.82777778,49
5777-KJIRB,0,0,0,0,40,1,0,DSL,0,0,1,0,0,0,One year,1,Mailed check,2023.55,0,50.58875,50.25
0506-LVNGN,0,1,0,0,5,1,0,Fiber optic,0,0,1,0,0,0,Month-to-month,1,Credit card (automatic),349.65,1,69.93,75.55
7677-SJJJK,1,0,1,1,8,1,0,No,0,0,0,0,0,0,One year,0,Credit card (automatic),153.95,0,19.24375,19.9
2480-EJWYP,0,1,1,0,58,1,1,Fiber optic,0,1,0,0,1,1,One year,1,Bank transfer (automatic),5458.8,0,94.11724138,97.8
3253-HKOKL,0,0,1,1,52,1,0,Fiber optic,1,0,1,0,1,1,One year,0,Electronic check,5244.45,0,100.8548077,100.3
7055-HNEOJ,1,0,1,0,3,1,0,DSL,0,0,1,1,0,0,Month-to-month,1,Mailed check,154.55,0,51.51666667,55.8
5514-YQENT,1,0,0,1,41,1,0,Fiber optic,1,1,1,1,1,1,Two year,1,Electronic check,4507.15,0,109.9304878,111.15
3211-AAPKX,1,0,0,0,20,1,1,Fiber optic,0,0,0,1,1,1,Month-to-month,1,Mailed check,2031.95,0,101.5975,98.55
8445-DNBAE,1,0,0,1,1,1,1,DSL,0,0,0,0,0,0,Month-to-month,1,Electronic check,50.05,0,50.05,50.05
2951-QOQTK,1,0,0,1,4,1,1,Fiber optic,0,0,0,1,0,0,Month-to-month,0,Credit card (automatic),332.45,1,83.1125,80.8
2958-NHPPS,1,0,0,0,23,1,0,No,0,0,0,0,0,0,Month-to-month,0,Electronic check,473.9,0,20.60434783,20.85
6806-YDEUL,0,1,0,0,6,1,0,No,0,0,0,0,0,0,Month-to-month,0,Bank transfer (automatic),106.8,0,17.8,19.5
1735-XMJVH,1,0,1,1,8,1,0,No,0,0,0,0,0,0,Month-to-month,1,Mailed check,152.6,0,19.075,19.35
6890-PFRQX,1,0,0,0,18,1,1,DSL,1,0,1,0,1,0,Month-to-month,0,Mailed check,1199.4,0,66.63333333,69.5
0222-CNVPT,1,1,0,0,52,0,0,DSL,1,0,0,0,1,1,Month-to-month,1,Credit card (automatic),2555.05,0,49.13557692,48.8
5899-OUVKV,1,0,0,0,31,1,0,Fiber optic,0,1,0,0,1,1,Month-to-month,1,Electronic check,2979.2,0,96.10322581,94.5
8681-ICONS,1,0,1,1,29,1,0,No,0,0,0,0,0,0,Month-to-month,1,Mailed check,654.85,0,22.58103448,20.65
1621-YNCJH,0,0,1,0,36,1,1,Fiber optic,1,1,1,1,0,1,Two year,1,Credit card (automatic),3834.4,0,106.5111111,106.05
3473-XIIIT,0,0,1,0,16,1,1,Fiber optic,0,1,0,0,1,1,Month-to-month,1,Electronic check,1534.75,1,95.921875,100
6362-QHAFM,1,0,1,0,42,1,1,Fiber optic,0,0,1,1,1,1,One year,1,Electronic check,4586.15,0,109.1940476,108.3
7893-IXHRQ,1,0,0,0,1,1,0,No,0,0,0,0,0,0,Month-to-month,0,Electronic check,20.55,1,20.55,20.55
3070-BDOQC,0,0,0,0,60,1,0,Fiber optic,0,1,1,0,1,1,Two year,1,Electronic check,5941.05,0,99.0175,99.65
2952-QAYZF,1,0,0,0,5,1,1,Fiber optic,0,1,1,0,0,0,Month-to-month,1,Electronic check,424.15,1,84.83,85.3
6234-PFPXL,1,0,1,0,22,1,1,Fiber optic,1,0,0,1,1,0,Month-to-month,0,Credit card (automatic),2234.95,0,101.5886364,95.9
9824-QCJPK,1,0,1,0,36,1,0,No,0,0,0,0,0,0,One year,0,Mailed check,666.75,0,18.52083333,20
4763-PGDPO,0,0,0,0,4,1,0,Fiber optic,0,0,0,0,0,0,Month-to-month,0,Electronic check,281,1,70.25,70.4
4283-IVYCI,1,0,0,0,9,1,0,DSL,1,0,0,1,0,1,Month-to-month,0,Mailed check,547.8,0,60.86666667,64.95
1866-OBPNR,1,0,1,1,1,1,0,Fiber optic,0,1,0,0,0,0,Month-to-month,0,Credit card (automatic),74.6,0,74.6,74.6
8205-MQUGY,1,0,1,1,12,1,0,DSL,1,0,0,0,0,0,Month-to-month,1,Electronic check,571.15,0,47.59583333,49.2
8970-ANWXO,0,0,0,0,23,1,1,DSL,0,0,0,1,1,1,One year,1,Mailed check,1756.6,0,76.37391304,73.75
9480-BQJEI,1,0,0,0,62,1,1,Fiber optic,1,1,0,0,0,1,One year,1,Bank transfer (automatic),5731.45,0,92.44274194,92.3
5394-SVGJV,1,0,0,0,37,1,1,Fiber optic,0,0,0,1,1,1,Month-to-month,0,Bank transfer (automatic),3475.55,1,93.93378378,98.8
6979-TNDEU,0,0,0,0,8,1,0,No,0,0,0,0,0,0,Month-to-month,0,Mailed check,156.85,0,19.60625,19.2
9777-WJJPR,1,0,1,0,31,1,1,Fiber optic,0,0,1,0,1,0,Month-to-month,0,Credit card (automatic),2683.2,0,86.55483871,88.65
9283-LZQOH,1,0,1,1,13,1,1,Fiber optic,0,0,0,0,0,0,Month-to-month,1,Credit card (automatic),896.75,1,68.98076923,74.4
7079-QRCBC,0,0,0,0,24,1,1,Fiber optic,0,0,1,0,1,1,Month-to-month,1,Electronic check,2407.3,1,100.3041667,98.75
9495-SKLKD,1,0,1,1,45,1,1,Fiber optic,0,1,1,0,0,1,Month-to-month,1,Bank transfer (automatic),4456.65,0,99.03666667,95.95
6048-UWKAL,0,1,1,0,69,1,1,Fiber optic,0,1,0,1,1,1,Two year,0,Credit card (automatic),6998.95,0,101.434058,105.4
5067-DGXLL,1,0,0,0,2,1,0,No,0,0,0,0,0,0,Month-to-month,0,Mailed check,36.8,0,18.4,20.25
5469-CTCWN,1,0,1,1,61,1,1,Fiber optic,1,1,0,0,1,1,One year,1,Electronic check,6547.7,1,107.3393443,106
9851-QXEEQ,1,0,0,0,41,1,1,Fiber optic,0,1,1,0,1,1,Month-to-month,1,Electronic check,4346.4,1,106.0097561,104.7
6281-FKEWS,0,0,0,0,44,0,0,DSL,0,0,1,0,1,1,One year,1,Electronic check,2265,0,51.47727273,49.05
8898-KASCD,1,0,0,0,39,0,0,DSL,0,0,1,1,0,0,One year,0,Mailed check,1309.15,0,33.56794872,35.55
9242-TKFSV,1,0,1,1,72,0,0,DSL,1,1,1,1,1,1,Two year,1,Credit card (automatic),4754.3,0,66.03194444,65.1
9290-SHCMB,0,1,0,0,13,1,0,Fiber optic,0,0,1,0,1,1,Month-to-month,1,Electronic check,1235.55,0,95.04230769,96.85
0743-HNPFG,0,0,1,1,51,1,0,DSL,1,1,0,1,0,1,One year,1,Credit card (automatic),3562.5,0,69.85294118,69.75
2277-BKJKN,0,1,1,0,71,1,0,Fiber optic,0,1,1,0,1,1,Two year,1,Electronic check,7213.75,0,101.6021127,99.2
9809-IMGCQ,1,1,0,0,22,1,1,Fiber optic,0,0,0,0,1,1,Month-to-month,1,Electronic check,2082.95,1,94.67954545,96.7
5208-HFSBT,0,0,0,0,2,1,0,DSL,0,1,0,1,0,0,Month-to-month,1,Credit card (automatic),102.75,1,51.375,55.05
5035-PGZXH,0,0,0,0,56,1,1,Fiber optic,0,1,1,0,1,1,One year,1,Electronic check,5914.4,0,105.6142857,106.8
8695-WDYEA,1,0,0,0,1,1,0,DSL,1,0,0,0,0,0,Month-to-month,0,Mailed check,51.25,0,51.25,51.25
6543-JXSOO,0,0,1,1,23,1,0,DSL,1,1,0,1,0,0,One year,1,Mailed check,1282.85,0,55.77608696,57.75
8016-ZMGMO,0,1,1,0,66,1,1,DSL,0,1,1,0,1,0,One year,1,Bank transfer (automatic),4738.85,0,71.80075758,70.85
8605-ITULD,0,0,0,0,1,1,0,No,0,0,0,0,0,0,Month-to-month,0,Mailed check,19.55,0,19.55,19.55
3254-YRILK,1,1,0,0,19,1,1,Fiber optic,0,1,0,0,1,0,Month-to-month,1,Electronic check,1775.8,1,93.46315789,88.2
6416-YJTTB,1,0,0,0,11,1,0,Fiber optic,1,0,1,0,0,0,Month-to-month,1,Bank transfer (automatic),795.65,0,72.33181818,79.5
2667-WYLWJ,0,0,1,1,8,1,0,No,0,0,0,0,0,0,One year,1,Mailed check,145,1,18.125,19.75
4472-VESGY,0,0,1,1,52,1,1,Fiber optic,1,1,1,0,0,1,Month-to-month,0,Bank transfer (automatic),4993.4,0,96.02692308,98.15
3195-TQDZX,1,0,0,0,3,1,0,No,0,0,0,0,0,0,Month-to-month,1,Electronic check,61.45,0,20.48333333,20.25
3128-YOVTD,0,0,1,1,51,1,0,Fiber optic,1,1,0,0,0,0,Month-to-month,1,Bank transfer (automatic),4018.55,0,78.79509804,79.15
0529-ONKER,1,1,0,0,15,1,1,Fiber optic,0,0,0,0,0,0,Month-to-month,0,Electronic check,1146.65,1,76.44333333,75.65
1728-CXQBE,1,1,1,0,64,1,1,Fiber optic,0,1,1,0,0,1,Month-to-month,1,Electronic check,6081.4,0,95.021875,94.25
7041-TXQJH,0,0,0,0,37,0,0,DSL,0,0,1,0,0,1,Month-to-month,1,Credit card (automatic),1478.85,0,39.96891892,40.2
5014-GSOUQ,1,0,0,0,13,1,0,No,0,0,0,0,0,0,Two year,0,Mailed check,243.65,0,18.74230769,19.95
5724-BIDBU,1,0,1,0,49,1,1,DSL,1,0,0,0,0,0,One year,1,Electronic check,2633.95,0,53.75408163,55.35
0481-SUMCB,0,1,0,0,45,1,1,Fiber optic,0,0,1,0,1,1,One year,1,Bank transfer (automatic),4735.35,0,105.23,102.15
1769-GRUIK,0,0,0,0,18,1,0,Fiber optic,0,0,0,0,0,0,Month-to-month,1,Electronic check,1247.75,0,69.31944444,71.1
5240-IJOQT,1,1,0,0,1,1,1,Fiber optic,0,0,0,0,0,0,Month-to-month,1,Electronic check,74.7,1,74.7,74.7
8819-WFGGJ,1,0,1,0,68,0,0,DSL,1,0,1,0,1,1,Two year,1,Bank transfer (automatic),3794.5,0,55.80147059,54.1
7427-AUFPY,1,0,0,0,54,1,0,No,0,0,0,0,0,0,Two year,0,Credit card (automatic),1008.7,0,18.67962963,19.65
2811-POVEX,0,1,1,1,23,1,0,Fiber optic,0,1,1,0,0,1,Month-to-month,1,Bank transfer (automatic),2130.55,0,92.6326087,88.45
1092-GANHU,1,0,0,0,17,1,0,Fiber optic,0,0,1,0,0,0,Month-to-month,1,Electronic check,1313.55,1,77.26764706,76.65
7898-PDWQE,1,0,1,0,71,1,1,DSL,1,1,1,1,0,1,Two year,0,Credit card (automatic),5727.15,0,80.66408451,80.4
9972-EWRJS,0,0,1,1,67,1,0,No,0,0,0,0,0,0,Two year,1,Bank transfer (automatic),1372.9,0,20.49104478,19.25
9314-IJWSQ,0,0,1,1,14,1,1,Fiber optic,0,0,0,0,1,0,Month-to-month,1,Electronic check,1203.9,0,85.99285714,84.8
0661-XEYAN,0,1,0,0,1,0,0,DSL,0,0,0,0,0,0,Month-to-month,1,Mailed check,25.8,1,25.8,25.8
5799-JRCZO,0,0,0,1,63,1,0,No,0,0,0,0,0,0,Two year,0,Credit card (automatic),1215.1,0,19.28730159,19.5
1921-KYSAY,0,0,0,0,41,1,1,DSL,0,0,1,1,0,1,One year,1,Electronic check,2877.05,0,70.17195122,68.6
6198-RTPMF,0,0,1,0,17,1,1,Fiber optic,0,0,0,0,1,1,Month-to-month,0,Electronic check,1579.7,0,92.92352941,92.6
2924-KHUVI,1,0,1,0,56,1,1,Fiber optic,1,0,0,0,1,1,One year,1,Electronic check,5514.95,0,98.48125,100.55
1925-GMVBW,0,0,0,0,5,1,0,No,0,0,0,0,0,0,Month-to-month,0,Credit card (automatic),96.1,0,19.22,20.55
7881-EVUAD,0,0,0,0,2,0,0,DSL,1,1,0,0,0,1,Month-to-month,1,Electronic check,72.4,1,36.2,42.6
6184-DYUOB,0,0,1,0,3,1,0,No,0,0,0,0,0,0,Month-to-month,1,Mailed check,55.25,0,18.41666667,19.6
9207-ZPANB,1,0,0,0,37,1,1,DSL,1,1,1,1,0,0,One year,0,Electronic check,2443.3,0,66.03513514,67.45
5766-XQXMQ,0,0,0,0,29,1,0,DSL,1,1,1,0,0,1,Month-to-month,1,Bank transfer (automatic),1970.5,1,67.94827586,68.85
9327-QSDED,1,0,0,0,8,1,0,DSL,0,0,0,0,0,0,Month-to-month,0,Mailed check,335.4,0,41.925,43.55
1656-DRSMG,0,0,0,0,63,1,1,Fiber optic,0,1,1,1,1,1,Month-to-month,1,Credit card (automatic),7002.95,0,111.1579365,109.85
3012-VFFMN,0,0,1,1,7,1,0,No,0,0,0,0,0,0,Month-to-month,0,Mailed check,158.95,0,22.70714286,20.65
2984-AFWNC,0,0,0,0,3,1,0,Fiber optic,0,1,0,0,1,1,Month-to-month,0,Electronic check,293.15,0,97.71666667,95.4
0640-YJTPY,1,0,1,1,72,1,0,No,0,0,0,0,0,0,Two year,0,Bank transfer (automatic),1493.75,0,20.74652778,21
8096-LOIST,0,0,0,0,19,1,0,DSL,0,0,0,0,0,1,Month-to-month,1,Electronic check,1093.4,0,57.54736842,56.2
9764-REAFF,0,0,1,0,59,1,0,No,0,0,0,0,0,0,Two year,0,Bank transfer (automatic),1057.85,0,17.92966102,18.4
3703-VAVCL,1,0,1,1,2,1,0,Fiber optic,0,0,1,1,0,1,Month-to-month,0,Credit card (automatic),190.05,1,95.025,90
7107-UBYKY,0,0,1,1,35,1,1,No,0,0,0,0,0,0,Month-to-month,1,Electronic check,882.55,0,25.21571429,25.75
4881-GQJTW,1,0,0,0,14,1,0,No,0,0,0,0,0,0,Month-to-month,0,Credit card (automatic),300.4,0,21.45714286,19.6
8519-QJGJD,0,0,0,0,14,1,0,Fiber optic,0,0,1,0,0,0,Month-to-month,0,Electronic check,1025.95,1,73.28214286,75.35
7876-DNYAP,0,0,1,1,69,1,0,No,0,0,0,0,0,0,Two year,0,Credit card (automatic),1436.95,0,20.82536232,19.8
7905-NJMXS,1,1,1,0,7,1,1,DSL,1,1,0,1,0,0,Month-to-month,0,Electronic check,475,0,67.85714286,64.2
2882-WDTBA,1,0,1,1,69,1,0,DSL,1,1,1,1,1,0,Two year,1,Bank transfer (automatic),5388.15,0,78.08913043,75.75
2091-GPPIQ,0,0,1,1,72,1,1,DSL,0,1,0,1,1,1,Two year,1,Electronic check,5730.15,0,79.58541667,78.95
6326-MTTXK,1,0,0,0,8,1,1,Fiber optic,0,1,0,0,1,1,Month-to-month,0,Electronic check,819.55,1,102.44375,100.85
5071-FBJFS,0,0,1,1,4,1,0,DSL,1,0,0,0,0,0,Month-to-month,0,Electronic check,217.1,0,54.275,50.3
2796-UUZZO,1,0,1,1,63,1,0,Fiber optic,0,1,1,0,0,0,Month-to-month,1,Credit card (automatic),4896.35,0,77.71984127,80.3
2429-AYKKO,1,0,0,0,72,1,0,No,0,0,0,0,0,0,Two year,0,Bank transfer (automatic),1434.1,0,19.91805556,19.85
9798-OPFEM,0,0,0,0,46,1,0,No,0,0,0,0,0,0,Two year,1,Electronic check,937.1,0,20.37173913,21.1
0330-IVZHA,0,0,1,0,5,1,0,Fiber optic,0,0,0,0,0,0,Month-to-month,0,Electronic check,330.15,1,66.03,69.95
3794-NFNCH,1,0,1,0,30,1,0,DSL,0,0,1,0,0,0,Month-to-month,1,Mailed check,1474.9,0,49.16333333,50
5193-QLVZB,1,0,0,0,63,1,1,Fiber optic,0,1,1,0,1,1,Two year,1,Bank transfer (automatic),6536.5,0,103.7539683,104.75
7114-AEOZE,0,0,0,0,60,1,0,No,0,0,0,0,0,0,Two year,0,Bank transfer (automatic),1128.1,0,18.80166667,19.85
2886-KEFUM,0,0,1,0,63,1,1,Fiber optic,0,1,1,0,1,1,One year,1,Electronic check,6873.75,1,109.1071429,107.5
5522-NYKPB,1,0,1,1,25,1,0,Fiber optic,0,0,0,1,1,0,Month-to-month,0,Electronic check,2199.05,0,87.962,85.9
4237-RLAQD,1,0,0,0,1,1,0,DSL,0,0,0,0,0,0,Month-to-month,1,Mailed check,45.85,1,45.85,45.85
9957-YODKZ,1,1,1,0,6,1,1,Fiber optic,0,0,1,0,0,0,Month-to-month,1,Electronic check,457.1,0,76.18333333,80.8
6518-KZXCB,1,0,0,0,22,1,1,No,0,0,0,0,0,0,Two year,0,Mailed check,566.5,0,25.75,25.25
2245-ADZFJ,0,0,1,1,31,1,1,DSL,0,1,0,1,1,1,Two year,0,Bank transfer (automatic),2471.6,0,79.72903226,80.55
7776-QGYJC,0,0,1,1,39,1,0,Fiber optic,0,0,1,1,0,0,Month-to-month,1,Bank transfer (automatic),3107.3,0,79.67435897,81.5
9313-QOLTZ,1,0,0,0,26,1,0,No,0,0,0,0,0,0,Month-to-month,0,Mailed check,518.3,0,19.93461538,20.9
9651-GTSAQ,0,0,1,0,53,1,0,Fiber optic,1,1,1,0,1,1,One year,1,Bank transfer (automatic),5769.75,1,108.8632075,106.1
3186-BAXNB,0,0,0,0,1,1,0,Fiber optic,0,1,0,1,1,0,Month-to-month,0,Electronic check,91.7,1,91.7,91.7
4672-FOTSD,1,0,0,0,12,1,1,DSL,1,1,0,1,0,0,Month-to-month,1,Electronic check,832.3,0,69.35833333,67.25
0637-YLETY,0,0,0,0,16,1,1,Fiber optic,0,1,1,0,0,1,Month-to-month,1,Credit card (automatic),1555.65,1,97.228125,95.6
9818-XQCUV,0,0,0,0,2,1,0,No,0,0,0,0,0,0,Month-to-month,0,Mailed check,45.3,0,22.65,20.35
7338-ERIVA,1,0,0,1,39,0,0,DSL,1,0,0,1,1,0,One year,0,Bank transfer (automatic),1790.6,0,45.91282051,45.05
1157-BQCUW,1,0,0,0,1,1,1,Fiber optic,0,0,0,0,0,0,Month-to-month,1,Electronic check,74.95,1,74.95,74.95
8259-NFJTV,0,0,1,1,7,0,0,DSL,1,0,0,1,0,0,Month-to-month,0,Mailed check,246.6,0,35.22857143,34.65
3223-DWFIO,1,1,0,0,4,1,0,Fiber optic,0,0,0,0,0,0,Month-to-month,0,Electronic check,261.65,0,65.4125,69.35
2660-EMUBI,1,1,0,0,10,1,1,Fiber optic,0,0,0,0,1,1,Month-to-month,1,Electronic check,898.35,1,89.835,95.35
6968-GMKPR,0,0,0,0,55,1,0,Fiber optic,0,1,1,0,0,0,Month-to-month,1,Electronic check,4509.5,0,81.99090909,81.55
4751-ERMAN,1,0,1,1,72,1,0,DSL,0,1,1,0,1,1,Two year,1,Bank transfer (automatic),5480.25,0,76.11458333,75.4
1436-ZMJAN,0,0,1,0,10,1,0,DSL,0,0,1,0,1,1,Month-to-month,1,Credit card (automatic),653.15,0,65.315,67.8
3292-PBZEJ,1,1,0,0,11,1,1,Fiber optic,0,1,1,1,1,1,Month-to-month,1,Electronic check,1183.05,0,107.55,111.4
0799-DDIHE,0,0,1,1,15,1,0,DSL,0,0,0,0,0,0,Month-to-month,0,Electronic check,639.45,0,42.63,46.3
3070-FNFZQ,0,0,1,1,23,1,0,No,0,0,0,0,0,0,Two year,0,Bank transfer (automatic),478.75,0,20.81521739,20.4
2812-SFXMJ,1,0,0,1,1,1,0,No,0,0,0,0,0,0,Month-to-month,0,Mailed check,20.05,0,20.05,20.05
7675-OZCZG,0,1,0,0,3,1,0,DSL,0,0,0,0,0,0,Month-to-month,0,Electronic check,127.1,1,42.36666667,45
5014-WUQMG,1,0,1,1,47,1,0,Fiber optic,1,1,1,0,0,1,One year,1,Electronic check,4391.45,0,93.43510638,96.1
5312-TSZVC,0,0,0,1,15,1,0,No,0,0,0,0,0,0,One year,0,Mailed check,270.6,0,18.04,19.65
2003-CKLOR,1,0,0,0,66,1,0,Fiber optic,0,1,1,0,1,1,Month-to-month,0,Electronic check,6710.5,1,101.6742424,99.5
0993-OSGPT,0,1,1,0,68,1,0,DSL,0,1,1,1,0,0,One year,1,Bank transfer (automatic),3975.9,0,58.46911765,60.65
9254-RBFON,0,0,1,1,17,1,0,Fiber optic,0,0,1,1,1,1,One year,0,Bank transfer (automatic),1704.95,1,100.2911765,98.6
1205-WNWPJ,0,0,0,0,7,1,0,DSL,0,0,0,1,1,0,Month-to-month,1,Mailed check,415.95,1,59.42142857,59.5
9391-EOYLI,1,1,1,0,12,1,0,Fiber optic,0,0,0,0,0,1,Month-to-month,1,Electronic check,950.2,1,79.18333333,80.45
7108-DGVUU,0,1,1,0,21,1,1,DSL,0,1,1,0,0,1,One year,0,Bank transfer (automatic),1497.05,0,71.28809524,71.7
2782-JEEBU,1,0,0,0,21,0,0,DSL,0,1,0,1,0,0,Month-to-month,1,Mailed check,780.15,0,37.15,36
5127-BZENZ,0,0,1,1,56,1,1,DSL,1,0,0,0,1,0,One year,0,Bank transfer (automatic),3512.15,0,62.71696429,65.2
2720-FVBQP,0,0,1,1,6,1,1,DSL,0,0,0,0,0,0,Month-to-month,1,Credit card (automatic),273.25,0,45.54166667,48.95
9906-NHHVC,0,1,0,0,65,0,0,DSL,0,1,1,0,1,1,Two year,1,Bank transfer (automatic),3517.9,0,54.12153846,53.5
4522-XRWWI,1,0,1,0,42,1,1,DSL,1,0,0,1,1,1,One year,0,Credit card (automatic),3375.9,0,80.37857143,80.45
3766-EJLFL,0,0,1,1,68,1,1,Fiber optic,1,0,1,1,1,1,Two year,1,Bank transfer (automatic),7508.55,0,110.4198529,109.05
5939-SXWHM,1,0,1,1,48,1,1,No,0,0,0,0,0,0,Two year,0,Bank transfer (automatic),1245.05,0,25.93854167,26.3
8152-UOBNY,0,1,0,0,50,1,1,Fiber optic,0,1,0,1,1,1,One year,1,Electronic check,5347.95,0,106.959,106.8
7351-KYHQH,0,1,0,0,7,1,0,DSL,0,1,1,0,1,0,Month-to-month,1,Electronic check,493.65,0,70.52142857,64.95
7643-RCHXS,0,0,1,1,63,1,0,No,0,0,0,0,0,0,Two year,0,Electronic check,1263.85,0,20.06111111,19.35
8246-SHFGA,1,0,0,0,17,1,0,No,0,0,0,0,0,0,Month-to-month,0,Credit card (automatic),385.55,0,22.67941176,21.1
8387-MOJJT,0,0,1,1,42,1,0,Fiber optic,0,0,0,0,1,0,Month-to-month,1,Credit card (automatic),3384,1,80.57142857,77.95
0620-XEFWH,1,0,1,1,4,1,0,No,0,0,0,0,0,0,Month-to-month,0,Mailed check,84.2,0,21.05,18.85
6485-QXWWE,0,0,0,1,62,1,1,No,0,0,0,0,0,0,Two year,0,Bank transfer (automatic),1638.7,0,26.43064516,26
2761-OCIAX,1,1,0,0,2,1,0,Fiber optic,0,1,0,0,0,0,Month-to-month,1,Electronic check,165.4,1,82.7,74.7
7321-VGNKU,0,0,1,0,2,1,0,Fiber optic,0,0,0,0,0,0,Month-to-month,1,Electronic check,120.25,0,60.125,70.35
5327-CNLUQ,1,0,1,0,48,1,1,Fiber optic,1,1,1,0,1,0,Two year,1,Bank transfer (automatic),4473.45,0,93.196875,96.9
7552-KEYGT,1,0,1,0,27,1,0,No,0,0,0,0,0,0,Two year,0,Bank transfer (automatic),520.55,0,19.27962963,19.55
5816-JMLGY,0,0,1,1,70,1,0,DSL,0,1,1,1,1,1,Two year,1,Bank transfer (automatic),5717.85,0,81.68357143,80.4
3068-OMWZA,1,1,0,0,1,1,1,Fiber optic,0,0,1,0,1,0,Month-to-month,1,Electronic check,88.8,1,88.8,88.8
2927-QRRQV,1,0,1,0,46,1,1,Fiber optic,0,1,1,0,1,0,One year,1,Electronic check,4312.5,0,93.75,94.65
6032-KRXXO,1,0,0,0,30,1,0,Fiber optic,0,0,0,0,1,1,Month-to-month,1,Electronic check,2755.35,1,91.845,90.25
7459-RRWQZ,0,0,0,0,15,1,1,DSL,1,0,0,0,0,1,Month-to-month,1,Bank transfer (automatic),994.55,1,66.30333333,64.65
6265-SXWBU,1,0,1,1,69,1,1,Fiber optic,0,1,1,0,1,0,One year,0,Credit card (automatic),6511.25,0,94.36594203,95.75
7941-RCJOW,1,0,0,0,65,1,0,No,0,0,0,0,0,0,Two year,1,Credit card (automatic),1218.65,0,18.74846154,19.55
6374-NTQLP,1,1,1,1,72,1,0,Fiber optic,1,0,1,1,1,1,Two year,1,Credit card (automatic),7447.7,0,103.4402778,104.1
4154-AQUGT,1,1,1,0,13,1,0,Fiber optic,0,1,0,1,0,1,Month-to-month,1,Bank transfer (automatic),1169.35,1,89.95,89.05
2387-KDZQY,1,0,0,0,17,1,0,No,0,0,0,0,0,0,One year,1,Mailed check,279.5,0,16.44117647,20.1
3584-WKTTW,1,0,1,0,51,1,1,Fiber optic,1,0,1,1,1,1,One year,1,Electronic check,5720.35,0,112.1637255,111.55
3399-BMLVW,1,0,1,1,51,1,0,DSL,1,1,0,1,0,0,Two year,0,Credit card (automatic),3121.45,0,61.20490196,60.5
1971-DTCZB,0,0,1,0,72,1,1,DSL,1,1,1,1,1,1,Two year,1,Bank transfer (automatic),6468.6,0,89.84166667,90.95
3092-IGHWF,1,0,1,1,67,1,1,Fiber optic,0,1,1,0,0,0,One year,0,Electronic check,5918.8,1,88.34029851,87.4
3374-PZLXD,1,0,0,0,34,1,0,No,0,0,0,0,0,0,Month-to-month,0,Mailed check,675.6,0,19.87058824,19.7
3813-DHBBB,1,0,1,0,67,0,0,DSL,1,1,0,1,0,1,Two year,1,Bank transfer (automatic),3521.7,0,52.56268657,50.95
2812-REYAT,0,0,1,0,49,1,0,No,0,0,0,0,0,0,One year,1,Bank transfer (automatic),923.1,0,18.83877551,20.05
6518-PPLMZ,1,0,1,1,53,1,0,No,0,0,0,0,0,0,Two year,1,Mailed check,1110.35,0,20.95,19.4
4939-KYYPY,1,0,0,0,27,1,1,DSL,0,0,1,1,0,0,Month-to-month,0,Electronic check,1611.65,0,59.69074074,59.45
8017-LXHFA,0,1,0,0,23,1,0,Fiber optic,0,1,0,0,1,1,Month-to-month,1,Electronic check,2293.6,1,99.72173913,94.75
5930-GBIWP,1,0,0,0,69,1,1,DSL,1,1,1,1,0,1,Two year,1,Credit card (automatic),5553.25,0,80.48188406,81.5
6022-KOUQO,0,0,1,1,2,0,0,DSL,0,0,0,1,0,0,Month-to-month,0,Bank transfer (automatic),44.75,0,22.375,29.05
6352-TWCAU,0,0,0,0,35,1,1,Fiber optic,0,0,0,0,1,0,Month-to-month,1,Electronic check,3029.1,1,86.54571429,86.45
2361-UPSND,0,0,1,0,46,1,0,DSL,1,1,0,1,0,1,One year,0,Mailed check,3231.05,0,70.24021739,70.6
6035-RIIOM,0,0,0,0,54,1,1,Fiber optic,0,1,0,0,1,1,Two year,1,Bank transfer (automatic),5129.45,0,94.98981481,97.2
2929-QNSRW,0,0,1,0,56,1,1,Fiber optic,0,1,0,0,1,1,One year,1,Electronic check,5508.35,1,98.36339286,98.25
1262-OPMFY,0,0,1,0,9,1,0,Fiber optic,0,0,1,0,0,0,Month-to-month,1,Bank transfer (automatic),655.9,1,72.87777778,75.75
9504-DSHWM,1,0,0,0,20,1,1,DSL,1,0,0,1,0,0,Month-to-month,0,Bank transfer (automatic),1191.2,0,59.56,59.2
5035-BVCXS,1,0,0,0,11,1,0,Fiber optic,0,1,0,0,0,0,Month-to-month,1,Mailed check,866.4,0,78.76363636,75.9
6267-DCFFZ,0,1,1,0,30,1,1,Fiber optic,0,1,0,0,1,0,Month-to-month,1,Electronic check,2627.2,0,87.57333333,90.05
3533-UVMOM,1,0,1,0,68,1,0,DSL,1,1,1,0,0,1,Two year,0,Bank transfer (automatic),4741.45,0,69.72720588,70.95
2439-LYPMQ,1,1,1,0,38,1,1,Fiber optic,0,1,1,0,1,1,Month-to-month,1,Electronic check,4009.2,0,105.5052632,102.6
4248-QPAVC,0,1,1,0,17,1,1,Fiber optic,1,0,1,0,0,0,Month-to-month,1,Bank transfer (automatic),1463.45,1,86.08529412,85.35
1899-VXWXM,1,0,0,0,48,1,1,Fiber optic,0,1,1,0,1,1,One year,1,Credit card (automatic),5082.8,1,105.8916667,106.1
1478-VPOAD,0,0,0,0,1,1,0,DSL,0,0,0,0,0,0,Month-to-month,0,Electronic check,43.8,0,43.8,43.8
9995-HOTOH,1,0,1,1,63,0,0,DSL,1,1,1,0,1,1,Two year,0,Electronic check,3707.6,0,58.85079365,59
2988-PLAHS,0,0,0,0,3,1,0,DSL,0,0,1,0,1,1,One year,1,Electronic check,220.45,0,73.48333333,69.95
1371-OJCEK,0,0,0,0,48,1,1,No,0,0,0,0,0,0,One year,0,Bank transfer (automatic),1133.7,0,23.61875,24.35
4999-IEZLT,1,0,0,0,66,0,0,DSL,0,0,0,1,0,0,One year,0,Credit card (automatic),1983.15,0,30.04772727,29.45
8883-ANODQ,0,0,1,1,68,1,1,Fiber optic,0,1,1,0,0,0,Two year,1,Credit card (automatic),5746.75,0,84.51102941,84.4
4690-LLKUA,1,1,0,0,17,1,0,DSL,0,0,0,0,0,0,Month-to-month,1,Electronic check,770.6,1,45.32941176,45.05
2351-RRBUE,0,0,1,1,7,1,0,No,0,0,0,0,0,0,One year,0,Mailed check,134.05,0,19.15,20.65
5980-BDHPY,1,0,1,0,72,1,1,DSL,1,1,1,1,1,1,Two year,1,Bank transfer (automatic),6230.1,0,86.52916667,87.1
1498-DQNRX,0,0,1,0,29,1,0,No,0,0,0,0,0,0,Month-to-month,0,Mailed check,573.05,0,19.76034483,19.85
9469-WEJBT,1,0,1,0,37,1,0,Fiber optic,0,0,1,1,0,1,Month-to-month,1,Electronic check,3419.3,0,92.41351351,90.35
3331-HQDTW,0,0,0,0,34,1,1,Fiber optic,1,1,1,0,1,1,Month-to-month,1,Mailed check,3587.25,1,105.5073529,109.8
9490-DFPMD,0,1,0,0,42,1,1,Fiber optic,0,0,0,0,1,0,Month-to-month,1,Electronic check,3541.35,1,84.31785714,84.65
2581-VKIRT,0,0,1,1,59,1,1,DSL,1,1,0,1,0,0,One year,0,Mailed check,3801.3,0,64.42881356,65.5
5442-XSDCW,1,0,1,1,11,1,0,Fiber optic,0,0,0,0,1,0,Month-to-month,1,Bank transfer (automatic),868.5,1,78.95454545,79.5
7426-WEIJX,1,1,1,1,60,1,1,Fiber optic,1,0,0,0,0,0,Month-to-month,1,Electronic check,4859.1,0,80.985,80.95
2851-MMUTZ,0,0,0,0,27,1,0,DSL,0,1,0,1,0,0,Month-to-month,1,Mailed check,1439.35,0,53.30925926,56.15
3049-NDXFL,0,0,0,0,1,1,1,Fiber optic,0,0,0,0,0,1,Month-to-month,0,Mailed check,85.8,1,85.8,85.8
8580-AECUZ,1,1,0,0,1,1,0,Fiber optic,0,0,0,0,1,0,Month-to-month,1,Electronic check,79.1,1,79.1,79.1
3307-TLCUD,1,0,1,0,17,0,0,DSL,1,0,1,0,0,0,Month-to-month,0,Mailed check,592.75,0,34.86764706,34.4
6625-FLENO,1,0,1,0,58,1,0,No,0,0,0,0,0,0,Two year,0,Mailed check,1185.95,0,20.44741379,20.75
2967-MXRAV,1,0,1,1,1,1,0,No,0,0,0,0,0,0,One year,0,Mailed check,18.8,0,18.8,18.8
7963-GQRMY,0,0,1,1,3,1,0,DSL,0,0,0,0,0,0,Month-to-month,0,Mailed check,134.5,1,44.83333333,44.3
8189-HBVRW,0,0,0,0,53,1,1,Fiber optic,1,1,1,0,0,0,Month-to-month,0,Electronic check,4921.2,0,92.85283019,90.8
4163-KIUHY,1,0,0,0,35,1,1,No,0,0,0,0,0,0,Month-to-month,1,Electronic check,901.25,0,25.75,25.6
1228-FZFRV,1,0,1,1,50,1,1,Fiber optic,1,0,1,0,1,1,Month-to-month,0,Credit card (automatic),5341.8,1,106.836,105.95
3500-NSDOA,1,0,1,1,68,1,1,DSL,0,1,0,1,0,1,Two year,0,Credit card (automatic),4859.95,0,71.46985294,70.8
1171-TYKUR,1,0,1,0,47,1,1,No,0,0,0,0,0,0,Month-to-month,0,Electronic check,1139.2,0,24.23829787,25.4
3761-FLYZI,0,1,1,0,65,1,1,Fiber optic,0,1,1,0,1,1,Month-to-month,1,Bank transfer (automatic),7082.45,0,108.9607692,108.8
2058-DCJBE,1,0,0,0,5,1,0,Fiber optic,0,0,0,0,0,0,Month-to-month,1,Electronic check,324.6,1,64.92,69.75
5364-XYIRR,1,0,1,0,51,1,1,Fiber optic,0,0,0,0,1,1,Month-to-month,1,Electronic check,4812.75,1,94.36764706,94.65
4829-AUOAX,0,0,0,0,46,1,1,Fiber optic,0,0,0,0,1,1,Month-to-month,0,Bank transfer (automatic),4399.5,1,95.64130435,96.05
1219-NNDDO,0,0,0,0,9,1,1,Fiber optic,0,0,0,0,0,0,Month-to-month,1,Electronic check,663.55,0,73.72777778,76.85
8388-DMKAE,0,0,0,0,8,1,0,No,0,0,0,0,0,0,Two year,0,Mailed check,174.65,0,21.83125,20.25
4403-BWPAY,1,0,0,0,14,1,1,No,0,0,0,0,0,0,One year,1,Credit card (automatic),321.7,0,22.97857143,24.8
9659-QEQSY,0,0,0,0,45,1,1,Fiber optic,1,1,1,1,1,1,Month-to-month,1,Electronic check,5125.5,0,113.9,114.729
5405-ZMYXQ,0,0,0,0,8,1,1,Fiber optic,0,0,0,0,0,0,Month-to-month,1,Credit card (automatic),548.9,0,68.6125,74.6
5047-LHVLY,1,1,0,1,1,1,0,DSL,0,0,1,0,0,0,Month-to-month,1,Mailed check,50.15,1,50.15,50.15
1442-OKRJE,1,0,1,1,66,1,0,Fiber optic,1,1,1,0,1,1,One year,1,Bank transfer (automatic),7031.3,0,106.5348485,103.15
4737-AQCPU,1,0,1,1,72,1,1,DSL,1,1,1,1,0,0,Two year,0,Credit card (automatic),5016.65,0,69.67569444,72.1
9158-VCTQB,0,0,1,0,41,1,1,Fiber optic,1,1,1,1,1,1,Month-to-month,1,Bank transfer (automatic),4594.95,1,112.0719512,113.6
2808-CHTDM,0,0,1,1,23,1,1,No,0,0,0,0,0,0,Two year,0,Mailed check,611.45,0,26.58478261,25.1
6311-UEUME,0,0,0,0,29,1,0,Fiber optic,0,0,0,0,1,0,Month-to-month,1,Electronic check,2384.15,1,82.21206897,78.9
0793-TWELN,0,0,0,0,4,1,1,Fiber optic,1,0,0,0,0,0,Month-to-month,1,Electronic check,319.85,0,79.9625,80.15
3283-WCWXT,1,0,1,1,6,1,1,No,0,0,0,0,0,0,Two year,0,Mailed check,153.3,0,25.55,25.4
1060-ENTOF,0,1,1,0,67,1,1,Fiber optic,1,1,1,1,0,1,One year,1,Credit card (automatic),7035.6,0,105.0089552,105.4
0999-QXNSA,1,1,0,1,7,1,0,DSL,0,0,0,0,0,0,Month-to-month,1,Mailed check,344.2,0,49.17142857,45.75
5451-MHQOF,1,0,1,1,56,1,1,No,0,0,0,0,0,0,One year,1,Mailed check,1431.65,0,25.56517857,24.45
4836-WNFNO,0,0,1,0,72,1,1,No,0,0,0,0,0,0,Two year,0,Credit card (automatic),1849.2,0,25.68333333,25
9225-BZLNZ,1,0,1,0,72,1,1,DSL,1,1,1,0,1,1,Two year,1,Electronic check,6083.1,0,84.4875,85.25
0354-VXMJC,1,0,1,1,23,1,0,No,0,0,0,0,0,0,Two year,0,Credit card (automatic),426.65,0,18.55,19.6
4422-QVIJA,0,0,0,1,35,1,1,DSL,0,0,0,0,0,0,Month-to-month,0,Mailed check,1655.35,0,47.29571429,50.15
9365-SRSZE,1,1,1,0,27,1,0,Fiber optic,0,0,0,0,0,0,Month-to-month,1,Electronic check,1943.9,0,71.9962963,70.55
6839-ITVZJ,0,0,1,1,26,1,1,DSL,0,1,0,1,0,0,Month-to-month,1,Electronic check,1616.15,1,62.15961538,60.05
8332-OSJDW,1,0,1,1,12,1,1,No,0,0,0,0,0,0,One year,0,Mailed check,314.95,0,26.24583333,26.4
4735-BJKOU,0,0,0,0,40,1,0,No,0,0,0,0,0,0,Two year,0,Mailed check,804.85,0,20.12125,20.15
0274-JKUJR,1,0,1,1,7,0,0,DSL,1,1,1,0,1,1,Month-to-month,0,Mailed check,465.7,0,66.52857143,58.85
5740-YHGTW,1,0,1,1,70,1,1,Fiber optic,1,1,0,0,1,0,Month-to-month,1,Credit card (automatic),6669.05,0,95.27214286,97.55
8917-SZTTJ,1,0,1,1,60,1,0,No,0,0,0,0,0,0,Two year,0,Credit card (automatic),1161.75,0,19.3625,19.65
1696-MZVAU,1,0,1,1,39,0,0,DSL,0,0,0,0,0,0,One year,1,Credit card (automatic),947.75,0,24.30128205,25.25
7359-WWYJV,1,0,1,0,72,1,1,Fiber optic,1,1,1,1,1,1,Two year,0,Credit card (automatic),8375.05,0,116.3201389,114.45
0375-HVGXO,0,0,0,0,1,0,0,DSL,0,0,0,0,1,0,Month-to-month,1,Electronic check,34.7,1,34.7,34.7
4906-ZHGPK,1,0,1,1,54,1,1,DSL,0,1,0,1,1,0,One year,1,Electronic check,3770,0,69.81481481,70.7
8593-WHYHV,1,0,0,0,3,1,1,Fiber optic,0,0,0,0,0,1,Month-to-month,1,Electronic check,264.8,1,88.26666667,85.3
3795-GWTRD,0,0,1,1,63,1,0,DSL,1,1,1,1,1,0,Two year,0,Credit card (automatic),4707.85,0,74.72777778,75.55
1298-PHBTI,1,0,1,1,71,1,1,Fiber optic,0,1,0,1,0,0,Two year,1,Electronic check,6152.4,0,86.65352113,84.8
6223-DHJGV,0,0,0,0,42,1,0,No,0,0,0,0,0,0,One year,1,Mailed check,958.1,0,22.81190476,20.65
6961-MJKBO,1,0,0,0,47,1,0,No,0,0,0,0,0,0,Two year,0,Bank transfer (automatic),943,0,20.06382979,20.45
6097-EQISJ,0,0,1,1,66,1,1,Fiber optic,0,1,1,0,1,1,One year,1,Credit card (automatic),6615.15,1,100.2295455,102.45
4423-YLHDV,0,0,1,0,21,1,1,Fiber optic,1,0,1,0,1,1,Month-to-month,1,Bank transfer (automatic),2200.25,1,104.7738095,104.4
8158-WPEZG,1,0,0,0,11,0,0,DSL,0,1,0,1,0,0,Month-to-month,1,Electronic check,425.1,0,38.64545455,35.65
0107-YHINA,1,0,0,1,1,1,1,Fiber optic,0,0,1,0,1,1,Month-to-month,1,Electronic check,99.75,1,99.75,99.75
4918-FYJNT,0,1,1,0,55,1,1,Fiber optic,0,1,1,1,0,0,Month-to-month,0,Electronic check,5044.8,0,91.72363636,90.45
0727-BNRLG,1,0,0,0,69,1,1,Fiber optic,0,1,1,1,1,0,Two year,1,Credit card (automatic),6743.55,0,97.7326087,97.65
4854-CIDCF,0,1,0,0,3,1,0,Fiber optic,0,0,1,0,0,0,Month-to-month,0,Electronic check,196.4,0,65.46666667,73.85
8640-SDGKB,1,0,0,0,4,1,0,DSL,0,0,1,1,1,1,Month-to-month,1,Electronic check,299.7,1,74.925,74.4
3280-MRDOF,1,1,0,0,30,1,1,DSL,0,0,1,1,1,0,Two year,1,Credit card (automatic),2093.9,0,69.79666667,69.1
6435-SRWBJ,0,0,0,0,5,1,1,Fiber optic,0,0,1,1,0,0,Month-to-month,1,Electronic check,417.75,0,83.55,82.75
9964-WBQDJ,0,0,1,0,71,1,1,No,0,0,0,0,0,0,Two year,1,Credit card (automatic),1725.4,0,24.30140845,24.4
6303-KFWSL,0,0,0,0,29,1,1,DSL,0,1,0,0,0,0,One year,1,Electronic check,1620.2,0,55.86896552,55.25
1702-CCFNJ,1,0,1,0,52,1,1,DSL,0,1,0,1,0,0,Month-to-month,0,Bank transfer (automatic),3169.55,0,60.95288462,61.35
8932-CZHRQ,1,0,0,0,68,1,1,DSL,1,1,1,0,0,1,One year,0,Credit card (automatic),5233.25,0,76.95955882,76.75
0386-CWRGM,0,0,1,1,46,1,0,No,0,0,0,0,0,0,Two year,0,Mailed check,967.85,0,21.04021739,19.4
5515-RUGKN,1,0,0,0,8,1,0,DSL,0,0,0,0,0,1,Month-to-month,1,Credit card (automatic),438.05,0,54.75625,54.75
0404-AHASP,1,0,1,0,72,1,0,No,0,0,0,0,0,0,Two year,0,Credit card (automatic),1421.9,0,19.74861111,19.7
7279-NMVJC,0,0,0,0,17,1,0,No,0,0,0,0,0,0,One year,0,Bank transfer (automatic),323.15,0,19.00882353,19.9
2081-VEYEH,1,0,0,0,3,1,0,Fiber optic,0,1,1,1,1,1,Month-to-month,1,Electronic check,318.6,0,106.2,107.95
6407-UTSLV,0,1,0,0,2,1,0,Fiber optic,0,1,0,0,1,0,Month-to-month,1,Bank transfer (automatic),163.7,0,81.85,83.8
4116-TZAQJ,0,0,0,0,9,1,0,Fiber optic,1,0,0,0,0,0,Month-to-month,1,Credit card (automatic),639.65,1,71.07222222,74.25
9060-HJJRW,0,0,0,0,51,0,0,DSL,0,1,1,0,1,1,One year,1,Credit card (automatic),2928.5,0,57.42156863,56.4
2587-YNLES,0,0,1,1,6,1,0,No,0,0,0,0,0,0,Two year,0,Mailed check,100.35,0,16.725,20.1
7398-SKNQZ,0,0,1,0,3,1,1,Fiber optic,0,0,0,0,1,1,Month-to-month,0,Electronic check,273.2,0,91.06666667,94.9
5935-FCCNB,0,1,0,0,17,1,1,Fiber optic,0,0,0,0,1,1,Month-to-month,1,Electronic check,1608.15,0,94.59705882,94.2
1958-RNRKS,1,0,1,0,30,1,1,DSL,0,0,0,0,0,0,Month-to-month,0,Electronic check,1441.95,0,48.065,49.9
5136-RGMZO,1,0,0,0,31,1,1,DSL,0,1,0,1,1,0,Month-to-month,1,Electronic check,2168.15,0,69.94032258,71.05
8345-MVDYC,0,0,0,0,45,1,0,DSL,1,0,1,1,1,1,Two year,0,Bank transfer (automatic),3618.7,0,80.41555556,81.65
8226-BXGES,1,0,1,0,64,1,1,Fiber optic,1,1,1,0,0,0,One year,0,Bank transfer (automatic),5692.65,0,88.94765625,89.45
3877-JRJIP,1,0,0,0,1,1,1,DSL,0,0,0,0,1,0,Month-to-month,1,Electronic check,59.85,1,59.85,59.85
8375-DKEBR,0,1,0,0,1,1,0,Fiber optic,0,0,0,0,0,0,Month-to-month,1,Electronic check,69.6,1,69.6,69.6
9705-IOVQQ,1,1,1,1,61,1,1,Fiber optic,0,1,0,0,1,1,One year,0,Electronic check,5969.3,0,97.85737705,99
1015-OWJKI,1,0,0,0,1,1,0,No,0,0,0,0,0,0,Month-to-month,0,Mailed check,19.05,0,19.05,19.05
7511-YMXVQ,1,0,0,0,9,0,0,DSL,0,0,0,0,1,1,Month-to-month,1,Electronic check,418.8,1,46.53333333,45.4
2040-XBAVJ,1,0,1,1,72,1,1,Fiber optic,1,1,1,1,1,1,Two year,0,Bank transfer (automatic),8100.55,0,112.5076389,114.45
7551-JOHTI,0,0,0,0,1,1,0,No,0,0,0,0,0,0,Month-to-month,0,Mailed check,19.5,1,19.5,19.5
8887-IPQNC,0,0,1,0,7,1,0,DSL,0,0,0,0,0,0,Month-to-month,1,Mailed check,313.45,0,44.77857143,44.25
8646-JCOMS,0,0,1,0,66,1,1,Fiber optic,0,1,1,1,0,0,One year,1,Bank transfer (automatic),6130.95,0,92.89318182,90.55
9804-ICWBG,1,0,0,0,1,1,0,Fiber optic,0,0,0,0,0,0,Month-to-month,1,Electronic check,69.9,1,69.9,69.9
1222-KJNZD,1,0,1,1,40,1,0,No,0,0,0,0,0,0,Month-to-month,1,Bank transfer (automatic),745.3,0,18.6325,20.4
0106-GHRQR,1,0,0,0,16,1,1,DSL,0,1,1,0,0,1,Month-to-month,1,Bank transfer (automatic),1212.1,0,75.75625,71.4
5318-IXUZF,0,0,0,0,2,1,0,Fiber optic,0,1,0,0,1,0,Month-to-month,1,Bank transfer (automatic),183.75,1,91.875,87.15
3768-VHXQO,1,0,1,0,67,1,1,No,0,0,0,0,0,0,Two year,0,Credit card (automatic),1583.5,0,23.63432836,24.85
8952-WCVCD,0,0,1,0,41,1,0,Fiber optic,1,1,1,0,1,1,One year,1,Bank transfer (automatic),4162.05,0,101.5134146,104.45
2418-TPEUN,0,0,1,1,56,1,0,No,0,0,0,0,0,0,Two year,1,Credit card (automatic),1119.9,0,19.99821429,19.8
3963-RYFNS,0,0,0,0,72,1,1,Fiber optic,1,1,1,1,1,1,Two year,1,Bank transfer (automatic),8013.55,0,111.2993056,114.729
3198-VELRD,0,0,1,1,3,1,1,Fiber optic,0,0,0,0,0,1,Month-to-month,1,Bank transfer (automatic),264.85,1,88.28333333,84.75
8540-ZQGEA,0,0,1,0,54,1,0,No,0,0,0,0,0,0,Two year,0,Credit card (automatic),1102.4,0,20.41481481,20.05
1320-REHCS,1,1,0,0,52,1,1,Fiber optic,0,1,1,1,1,1,Month-to-month,1,Electronic check,5832,0,112.1538462,110.75
4137-JOPHL,0,0,0,0,50,1,0,Fiber optic,0,0,1,1,0,1,Two year,1,Bank transfer (automatic),4304.5,0,86.09,89.7
9436-ZBZCT,1,0,0,0,14,1,1,Fiber optic,0,0,0,1,1,0,Month-to-month,1,Electronic check,1178.4,1,84.17142857,89.95
7801-CEDNV,1,0,1,0,27,1,0,DSL,1,0,0,0,0,0,One year,0,Credit card (automatic),1421.75,0,52.65740741,48.7
2057-BOYKM,0,1,1,0,72,1,1,Fiber optic,1,1,1,1,0,0,Two year,1,Bank transfer (automatic),6827.5,0,94.82638889,96.6
3658-QQJYD,1,0,0,0,62,1,0,DSL,1,1,0,0,1,1,One year,1,Credit card (automatic),4698.05,0,75.775,74.3
1803-BGNBD,0,0,0,0,12,1,0,DSL,0,1,0,1,0,0,Month-to-month,1,Electronic check,654.5,0,54.54166667,54.3
0134-XWXCE,0,1,0,0,44,1,0,DSL,0,0,1,1,1,1,One year,0,Bank transfer (automatic),3268.05,0,74.27386364,74.85
6950-TWMYB,1,0,1,1,54,1,0,Fiber optic,0,1,0,1,0,0,Two year,1,Bank transfer (automatic),4362.05,0,80.7787037,79.95
5848-FHRFC,0,0,0,0,68,1,0,No,0,0,0,0,0,0,Two year,0,Bank transfer (automatic),1386.9,0,20.39558824,20.05
2243-FNMMI,1,0,0,0,20,1,0,No,0,0,0,0,0,0,Month-to-month,0,Mailed check,415.4,0,20.77,19.4
2511-MORQY,1,0,1,1,50,1,1,DSL,0,0,1,0,0,0,One year,0,Bank transfer (automatic),2614.1,0,52.282,54.9
5356-KZCKT,1,0,0,0,58,1,1,No,0,0,0,0,0,0,Two year,1,Credit card (automatic),1513.6,0,26.09655172,24.45
9470-XCCEM,1,0,1,1,35,1,1,Fiber optic,0,1,0,0,1,0,Month-to-month,1,Bank transfer (automatic),3161.6,0,90.33142857,89.65
6519-CFDBX,0,0,0,0,2,1,0,DSL,0,0,0,0,0,0,Month-to-month,1,Electronic check,80.95,0,40.475,45.4
3902-MIVLE,1,0,1,1,63,1,1,DSL,1,0,1,1,0,1,Two year,0,Mailed check,4676.7,0,74.23333333,75.7
0409-WTMPL,0,0,1,0,58,1,1,Fiber optic,1,1,1,0,1,1,One year,1,Credit card (automatic),6526.65,0,112.5284483,110.65
8763-KIAFH,0,0,1,1,27,1,0,No,0,0,0,0,0,0,One year,1,Mailed check,583.3,0,21.6037037,20.55
3669-WHAFY,0,0,1,0,71,1,1,Fiber optic,1,1,1,1,1,1,Two year,1,Credit card (automatic),8078.1,0,113.7760563,114.729
3055-VTCGS,0,0,0,0,63,1,0,DSL,0,0,1,0,0,1,One year,0,Credit card (automatic),3503.5,0,55.61111111,58.55
3144-KMTWZ,1,0,1,0,71,1,1,Fiber optic,0,1,1,0,0,1,Month-to-month,1,Bank transfer (automatic),6669.45,0,93.93591549,93.25
7279-BUYWN,0,1,0,0,41,1,1,Fiber optic,1,1,1,0,1,1,Month-to-month,1,Electronic check,4689.5,1,114.3780488,113.2
7156-MHUGY,1,1,0,0,13,1,0,Fiber optic,0,0,0,0,1,1,Month-to-month,1,Electronic check,1201.15,1,92.39615385,90.5
7198-GLXTC,1,0,0,0,2,1,0,Fiber optic,0,0,0,0,1,0,Month-to-month,0,Electronic check,143.65,1,71.825,79
2007-QVGAW,0,0,1,1,68,1,0,No,0,0,0,0,0,0,Two year,1,Bank transfer (automatic),1292.65,0,19.00955882,19.35
5207-PLSTK,1,0,1,1,1,1,0,DSL,1,0,0,0,0,0,Month-to-month,1,Mailed check,48.75,0,48.75,48.75
2307-FYNNL,1,1,0,0,65,1,1,Fiber optic,1,0,1,1,1,1,Two year,1,Electronic check,7108.2,0,109.3569231,109.05
5605-XNWEN,1,1,1,0,72,1,1,No,0,0,0,0,0,0,Two year,1,Bank transfer (automatic),1802.55,0,25.03541667,25
2155-AMQRX,0,0,0,0,28,1,1,DSL,0,0,0,1,0,0,Month-to-month,1,Credit card (automatic),1505.15,0,53.75535714,54.9
6181-AXXYF,1,0,1,1,72,1,1,No,0,0,0,0,0,0,Two year,0,Credit card (automatic),1859.1,0,25.82083333,24.75
5091-HFAZW,0,0,0,0,2,1,0,Fiber optic,1,1,0,0,1,0,Month-to-month,1,Electronic check,168.5,0,84.25,91.15
0516-VRYBW,0,0,0,1,18,1,0,No,0,0,0,0,0,0,One year,0,Bank transfer (automatic),390.85,1,21.71388889,20.15
2519-LBNQL,1,1,1,0,60,1,1,Fiber optic,0,1,1,0,1,1,One year,1,Electronic check,6339.45,0,105.6575,104.35
8623-ULFNQ,0,1,0,0,26,1,1,DSL,0,0,0,1,0,1,Month-to-month,1,Electronic check,1652.4,0,63.55384615,66.05
8380-PEFPE,1,0,0,1,1,1,0,Fiber optic,0,0,0,0,0,0,Month-to-month,1,Electronic check,71.65,1,71.65,71.65
5687-DKDTV,0,0,0,0,4,1,0,No,0,0,0,0,0,0,Month-to-month,0,Mailed check,77.5,1,19.375,20.35
1568-LJSZU,1,0,1,1,68,1,1,DSL,1,1,1,1,1,1,Two year,1,Credit card (automatic),6392.85,0,94.0125,92.2
7530-HDYDS,0,0,0,0,38,1,0,Fiber optic,0,1,1,1,0,0,Month-to-month,1,Credit card (automatic),3264.5,1,85.90789474,84.25
7789-HKSBS,0,1,1,0,42,1,1,Fiber optic,1,0,1,0,1,1,One year,1,Bank transfer (automatic),4599.15,0,109.5035714,105.2
7416-CKTEP,0,0,1,0,57,1,0,No,0,0,0,0,0,0,Two year,1,Bank transfer (automatic),1134.25,0,19.89912281,19.6
2586-CWXVV,1,0,1,0,54,0,0,DSL,0,1,0,0,0,0,Month-to-month,0,Electronic check,1621.35,0,30.025,30.4
3096-IZETN,0,0,0,0,12,1,0,Fiber optic,0,0,0,0,0,1,Month-to-month,0,Bank transfer (automatic),947.3,1,78.94166667,78.1
2348-KCJLT,0,0,1,0,44,1,0,DSL,1,1,1,0,0,0,One year,1,Mailed check,2722.2,0,61.86818182,61.5
8401-EMUWF,1,0,1,1,42,1,1,DSL,1,1,0,0,1,0,Month-to-month,1,Bank transfer (automatic),3058.3,0,72.81666667,69.4
4193-IBKSW,1,0,1,1,72,1,1,No,0,0,0,0,0,0,Two year,0,Bank transfer (automatic),1769.6,0,24.57777778,24.75
5377-NDTOU,0,0,1,1,71,1,1,DSL,1,1,1,1,1,1,Two year,0,Mailed check,6293.75,0,88.6443662,91.05
5922-ABDVO,0,0,1,0,19,1,1,Fiber optic,0,0,1,0,0,1,Month-to-month,0,Mailed check,1761.05,1,92.68684211,89.65
2474-LCNUE,0,0,1,0,23,1,1,DSL,0,0,0,1,1,1,Month-to-month,1,Credit card (automatic),1642.75,0,71.42391304,73.65
0839-QNXME,0,0,0,0,30,1,0,No,0,0,0,0,0,0,Two year,0,Credit card (automatic),578.5,0,19.28333333,19.4
3506-OVLKD,1,0,0,0,35,1,1,No,0,0,0,0,0,0,One year,0,Bank transfer (automatic),954.9,0,27.28285714,26.2
9172-ANCRX,0,0,0,0,10,1,1,Fiber optic,1,0,0,0,1,1,Month-to-month,1,Electronic check,973.25,1,97.325,98.7
6650-VJONK,1,0,0,0,1,1,0,DSL,0,0,0,0,0,0,Month-to-month,1,Bank transfer (automatic),43.85,0,43.85,43.85
2178-PMGCJ,1,0,0,0,22,1,0,Fiber optic,0,0,0,0,0,0,Month-to-month,1,Mailed check,1490.4,0,67.74545455,69.7
7492-TAFJD,1,0,1,1,7,0,0,DSL,1,1,1,0,0,0,Two year,0,Mailed check,280,0,40,38.55
2773-MADBQ,0,0,0,0,36,0,0,DSL,1,1,1,1,0,1,Two year,1,Mailed check,1901.25,0,52.8125,53.1
6016-LVTJQ,0,0,1,1,34,1,0,No,0,0,0,0,0,0,Month-to-month,0,Mailed check,716.4,0,21.07058824,20.65
7860-KSUGX,1,0,1,1,72,1,1,DSL,1,1,1,0,0,0,Two year,0,Credit card (automatic),4720,0,65.55555556,64.45
8966-KZXXA,1,0,1,1,36,1,1,No,0,0,0,0,0,0,Two year,0,Credit card (automatic),930.95,0,25.85972222,25.1
6910-HADCM,0,0,0,0,1,1,0,Fiber optic,0,0,1,0,0,0,Month-to-month,0,Electronic check,76.35,1,76.35,76.35
4816-LXZYW,0,0,0,0,23,1,1,Fiber optic,0,1,0,0,0,0,Month-to-month,1,Electronic check,1676.95,1,72.91086957,79.15
9606-PBKBQ,1,1,1,0,32,1,1,Fiber optic,0,0,0,0,0,1,Month-to-month,1,Electronic check,2642.05,1,82.5640625,85
5149-QYTTU,0,0,1,1,71,1,1,Fiber optic,1,1,1,1,0,0,One year,1,Credit card (automatic),6770.85,0,95.36408451,95.15
2070-XYMFH,0,1,0,0,23,1,1,Fiber optic,0,0,1,0,0,0,Month-to-month,1,Mailed check,1835.3,0,79.79565217,79.35
2085-BOJKI,1,0,1,0,17,1,0,Fiber optic,0,0,1,0,1,1,One year,1,Bank transfer (automatic),1588.25,0,93.42647059,96.65
0817-HSUSE,1,0,0,0,1,1,0,DSL,0,0,1,1,1,1,Month-to-month,1,Electronic check,75.5,0,75.5,75.5
5442-PPTJY,1,0,1,1,12,1,0,No,0,0,0,0,0,0,Two year,0,Mailed check,258.35,0,21.52916667,19.7
1927-QEWMY,0,0,1,0,72,1,0,No,0,0,0,0,0,0,Two year,0,Credit card (automatic),1502.25,0,20.86458333,20.5
1663-MHLHE,1,0,0,0,1,1,0,No,0,0,0,0,0,0,Month-to-month,0,Mailed check,19.2,0,19.2,19.2
5663-QBGIS,1,1,1,0,72,1,1,Fiber optic,0,1,0,0,1,1,Two year,0,Bank transfer (automatic),6929.4,0,96.24166667,98.35
4450-MDZFX,1,0,1,1,60,1,1,Fiber optic,0,0,0,0,0,0,Month-to-month,0,Bank transfer (automatic),4453.3,0,74.22166667,74.35
6701-DHKWQ,0,0,1,1,61,0,0,DSL,0,1,1,1,1,0,Two year,0,Credit card (automatic),3244.4,0,53.18688525,51.35
7554-AKDQF,0,0,1,0,6,1,0,DSL,0,0,0,0,0,0,Month-to-month,0,Mailed check,323.45,0,53.90833333,45.65
3536-IQCTX,1,1,1,0,32,1,1,Fiber optic,0,0,0,0,0,1,Month-to-month,0,Electronic check,2661.1,1,83.159375,85.3
4911-BANWH,0,0,0,1,31,1,1,Fiber optic,0,0,0,0,1,0,Month-to-month,1,Credit card (automatic),2697.4,1,87.01290323,86.55
8496-EJAUI,1,0,0,0,19,1,0,Fiber optic,0,1,0,0,0,0,Month-to-month,1,Credit card (automatic),1424.5,1,74.97368421,73.85
0794-YVSGE,1,0,1,1,72,1,0,No,0,0,0,0,0,0,Two year,0,Bank transfer (automatic),1401.15,0,19.46041667,20.3
5423-BHIXO,0,0,0,0,32,1,1,DSL,0,1,0,0,0,0,Month-to-month,1,Electronic check,1739.6,0,54.3625,54.2
6908-VVYHM,1,0,1,0,65,1,1,Fiber optic,0,1,0,0,0,1,Month-to-month,1,Electronic check,5931,0,91.24615385,90.65
2959-EEXWB,0,0,1,1,45,0,0,DSL,1,0,0,0,1,1,Month-to-month,1,Bank transfer (automatic),2333.85,0,51.86333333,50.9
1839-UMACK,1,0,0,0,42,1,1,No,0,0,0,0,0,0,One year,0,Electronic check,949.85,0,22.61547619,25.05
3030-YDNRM,1,0,0,0,8,1,1,Fiber optic,0,0,0,0,0,0,Month-to-month,1,Electronic check,572.45,0,71.55625,74.85
7321-KKSDU,1,0,0,1,32,1,0,No,0,0,0,0,0,0,Two year,0,Mailed check,696.8,0,21.775,20.5
3402-XRIUO,0,1,1,0,22,1,1,DSL,1,1,0,1,0,0,Month-to-month,1,Mailed check,1381.8,0,62.80909091,63.55
3132-TVFDZ,1,1,1,0,57,0,0,DSL,0,0,0,0,1,1,Month-to-month,1,Electronic check,2572.95,1,45.13947368,44.85
8286-AFUYI,1,0,0,0,1,1,0,DSL,1,0,0,0,0,0,Month-to-month,0,Electronic check,47.95,0,47.95,47.95
8080-DDEMJ,1,1,0,0,1,1,0,DSL,0,0,0,0,0,0,Month-to-month,0,Electronic check,45.1,1,45.1,45.1
8356-WUAOJ,0,0,1,0,1,1,0,DSL,0,0,0,0,0,0,Month-to-month,1,Electronic check,45,0,45,45
6365-MTGZX,1,0,0,0,24,1,0,Fiber optic,0,0,0,1,1,1,Month-to-month,1,Electronic check,2122.45,1,88.43541667,96
1349-WXNGG,1,0,0,0,1,1,0,No,0,0,0,0,0,0,Month-to-month,0,Bank transfer (automatic),20.05,1,20.05,20.05
8058-DMYRU,1,1,0,0,54,1,1,Fiber optic,0,1,0,0,0,1,Month-to-month,1,Electronic check,4931.8,0,91.32962963,90.05
9350-ZXYJC,0,0,0,0,4,1,1,No,0,0,0,0,0,0,Two year,1,Credit card (automatic),116.95,0,29.2375,25.3
6990-YNRIO,1,0,1,1,65,1,1,Fiber optic,1,0,1,1,1,1,Two year,0,Bank transfer (automatic),6937.95,1,106.7376923,108.65
8958-JPTRR,0,0,1,0,56,1,1,No,0,0,0,0,0,0,One year,0,Electronic check,1261.7,0,22.53035714,24.3
6959-GQEGV,1,0,0,0,45,1,0,DSL,1,0,1,0,1,1,Month-to-month,1,Electronic check,3273.8,0,72.75111111,75.95
3173-WSSUE,0,0,1,1,71,1,0,No,0,0,0,0,0,0,Two year,0,Credit card (automatic),1415.85,0,19.9415493,19.7
1265-HVPZB,1,0,1,0,59,1,0,DSL,1,1,1,0,1,0,One year,0,Credit card (automatic),3958.2,0,67.08813559,66.4
4115-UMJFQ,1,0,0,0,69,0,0,DSL,0,1,1,0,0,0,One year,1,Bank transfer (automatic),2492.25,0,36.11956522,35.75
7369-TRPFD,1,0,0,0,19,1,0,No,0,0,0,0,0,0,One year,0,Mailed check,279.2,0,14.69473684,18.8
1098-KFQEC,0,0,1,1,55,1,0,No,0,0,0,0,0,0,Two year,0,Credit card (automatic),1083,0,19.69090909,19.4
7190-XHTWJ,0,0,0,0,38,1,0,No,0,0,0,0,0,0,One year,0,Mailed check,755.5,0,19.88157895,19.3
0621-TWIEM,1,0,0,0,10,1,0,DSL,0,0,0,0,0,0,Month-to-month,1,Electronic check,402.6,1,40.26,45.55
3537-RYBHH,0,1,1,0,47,1,1,DSL,1,1,1,0,0,0,Month-to-month,1,Credit card (automatic),3252,0,69.19148936,67.45
2485-ITVKB,0,0,1,0,2,0,0,DSL,0,0,0,0,0,1,Month-to-month,1,Electronic check,68.75,1,34.375,35.1
3669-OYSJI,1,0,0,0,1,1,0,DSL,0,0,0,0,0,0,Month-to-month,0,Credit card (automatic),46.2,1,46.2,46.2
1612-EOHDH,0,0,0,0,1,1,0,DSL,0,0,0,0,0,0,Month-to-month,0,Electronic check,45.15,1,45.15,45.15
6702-OHFWR,1,1,0,0,1,0,0,DSL,0,1,1,0,0,1,Month-to-month,1,Electronic check,43.3,1,43.3,43.3
5296-BFCYD,1,0,1,1,46,1,0,No,0,0,0,0,0,0,Two year,1,Mailed check,936.85,0,20.36630435,20.1
4510-PYUSH,0,1,0,0,38,1,0,DSL,1,1,0,0,0,0,Month-to-month,1,Credit card (automatic),2250.65,1,59.22763158,57.15
9359-JANWS,0,0,1,0,65,1,0,DSL,1,0,1,1,0,0,Two year,0,Credit card (automatic),3857.1,0,59.34,58.9
7517-SAWMO,0,0,1,0,19,1,0,Fiber optic,1,0,0,0,0,0,Month-to-month,1,Electronic check,1441.1,1,75.84736842,73.2
4143-HHPMK,1,0,0,0,52,1,0,Fiber optic,0,1,0,0,0,1,Month-to-month,1,Electronic check,4338.6,1,83.43461538,85.35
3279-DYZQM,1,0,1,1,71,1,0,No,0,0,0,0,0,0,Two year,0,Mailed check,1378.45,0,19.41478873,19.45
7054-LGEQW,0,0,0,0,1,1,0,DSL,0,0,0,0,0,0,Month-to-month,0,Mailed check,45.95,1,45.95,45.95
0523-VNGTF,0,1,0,0,52,0,0,DSL,0,1,1,1,1,0,Month-to-month,1,Electronic check,2566.3,0,49.35192308,50.5
9575-IWCAZ,1,0,1,0,6,1,1,No,0,0,0,0,0,0,One year,0,Mailed check,171,0,28.5,25.1
7105-MXJLL,0,1,1,0,26,1,0,DSL,0,0,1,0,0,1,One year,0,Mailed check,1597.4,0,61.43846154,60.7
7064-FRRSW,1,1,0,0,48,1,1,Fiber optic,0,1,0,0,1,1,One year,1,Electronic check,4744.35,0,98.840625,99
7940-UQQUG,0,0,1,1,64,1,1,Fiber optic,1,0,0,1,1,1,One year,1,Bank transfer (automatic),6721.6,0,105.025,104.4
0923-PNFUB,0,0,0,0,3,1,0,Fiber optic,0,1,0,0,1,0,Month-to-month,0,Electronic check,247.25,1,82.41666667,83.75
3961-SXAXY,1,0,0,0,1,1,0,DSL,0,0,0,0,0,0,Month-to-month,1,Bank transfer (automatic),44.05,0,44.05,44.05
7010-BRBUU,1,0,1,1,72,1,1,No,0,0,0,0,0,0,Two year,0,Credit card (automatic),1734.65,0,24.09236111,24.1
3566-HJGPK,1,0,0,0,1,1,0,DSL,0,0,0,0,0,0,Month-to-month,1,Mailed check,45.55,0,45.55,45.55
3062-ICYZQ,0,0,1,1,51,1,1,Fiber optic,1,1,0,0,0,1,Month-to-month,1,Electronic check,4539.35,0,89.00686275,93.8
9938-PRCVK,0,0,1,1,41,1,0,No,0,0,0,0,0,0,Two year,0,Bank transfer (automatic),804.25,0,19.61585366,19.7
0973-KYVNF,0,0,1,1,72,1,0,DSL,1,1,1,0,1,0,Two year,1,Credit card (automatic),5011.15,0,69.59930556,70.65
5129-HHMZC,0,0,1,0,43,1,1,DSL,1,1,0,1,1,1,Two year,0,Credit card (automatic),3574.5,0,83.12790698,86.45
9637-CDTKZ,1,0,1,0,72,1,1,Fiber optic,1,1,1,1,1,1,Two year,1,Credit card (automatic),8086.4,0,112.3111111,114.1
3946-JEWRQ,1,0,1,0,47,1,1,Fiber optic,0,0,0,0,1,1,One year,1,Credit card (automatic),4563,0,97.08510638,95.2
7873-CVMAW,1,0,0,0,72,1,1,DSL,1,1,1,1,1,1,Two year,0,Credit card (automatic),6362.35,0,88.36597222,88.55
0463-WZZKO,1,0,0,0,3,1,0,No,0,0,0,0,0,0,Month-to-month,1,Credit card (automatic),67.1,0,22.36666667,20.75
3494-JCHRQ,1,0,0,0,1,1,0,Fiber optic,0,0,0,0,0,0,Month-to-month,1,Electronic check,70.05,1,70.05,70.05
6474-FVJLC,1,0,0,0,2,1,1,Fiber optic,0,0,0,0,0,1,Month-to-month,1,Electronic check,165.45,1,82.725,86
4524-QCSSM,1,0,0,0,26,0,0,DSL,1,1,0,0,0,1,Month-to-month,1,Bank transfer (automatic),1156.55,0,44.48269231,44.65
5832-EXGTT,1,0,1,1,29,1,0,DSL,1,0,0,0,0,1,Month-to-month,1,Mailed check,1834.15,0,63.24655172,60.2
8840-DQLGN,0,1,1,0,35,1,1,Fiber optic,1,1,0,1,1,0,Month-to-month,1,Bank transfer (automatic),3653.35,1,104.3814286,100.5
2039-JONDJ,1,0,0,0,27,1,0,DSL,1,1,0,0,0,0,One year,0,Bank transfer (automatic),1477.65,0,54.72777778,55.45
7217-JYHOQ,1,0,1,1,24,1,0,DSL,1,1,0,1,0,1,Month-to-month,1,Credit card (automatic),1706.45,0,71.10208333,70.3
6695-FRVEC,1,0,1,1,67,1,0,DSL,1,0,1,1,0,0,Two year,1,Bank transfer (automatic),3953.7,0,59.01044776,60.4
4547-LYTDD,0,0,0,0,16,1,1,Fiber optic,0,0,0,0,0,0,Month-to-month,0,Electronic check,1194.3,1,74.64375,72.65
9894-QMIMJ,0,0,0,0,23,1,0,DSL,0,1,1,0,0,0,One year,0,Bank transfer (automatic),1327.85,0,57.7326087,55.8
8069-YQQAJ,1,0,0,0,14,0,0,DSL,0,1,0,0,0,0,Month-to-month,1,Mailed check,419.7,0,29.97857143,31.1
6770-XUAGN,0,0,1,1,1,1,0,No,0,0,0,0,0,0,Month-to-month,1,Electronic check,21,1,21,21
4193-ORFCL,0,1,0,0,1,1,0,DSL,0,0,0,0,0,0,Month-to-month,0,Mailed check,45.1,1,45.1,45.1
1636-NTNCO,1,1,0,0,4,0,0,DSL,0,1,0,0,1,1,Month-to-month,1,Credit card (automatic),207.35,0,51.8375,50.95
3466-WAESX,1,0,0,1,16,1,1,DSL,1,1,0,0,0,1,Month-to-month,1,Electronic check,1083.7,0,67.73125,69.1
9281-PKKZE,0,0,1,0,46,0,0,DSL,0,0,0,0,1,1,Month-to-month,1,Electronic check,2007.85,0,43.64891304,43.95
3638-VBZTA,1,0,0,1,68,1,1,DSL,1,1,0,1,1,1,Two year,1,Bank transfer (automatic),5882.75,0,86.51102941,86.5
7459-IMVYU,1,0,0,0,38,1,1,DSL,1,1,1,1,0,0,Month-to-month,0,Electronic check,2657.55,0,69.93552632,69.95
7776-QWNFX,1,1,1,0,30,1,0,DSL,0,1,0,0,0,0,Month-to-month,1,Bank transfer (automatic),1527.5,1,50.91666667,50.4
6689-TCZHQ,0,1,0,0,5,1,0,Fiber optic,0,0,0,0,0,1,Month-to-month,0,Electronic check,378.4,1,75.68,78.95
8563-OYMQY,1,0,0,0,17,1,0,Fiber optic,0,1,1,0,0,1,Month-to-month,1,Credit card (automatic),1612.2,0,94.83529412,90.95
0754-EEBDC,1,0,1,1,4,1,0,No,0,0,0,0,0,0,Two year,0,Mailed check,76.65,0,19.1625,19.9
5777-ZPQNC,0,0,0,0,12,1,0,No,0,0,0,0,0,0,One year,0,Electronic check,260.7,0,21.725,20.15
1951-IEYXM,1,0,1,1,72,1,1,DSL,1,1,1,1,1,1,Two year,1,Credit card (automatic),6441.85,0,89.47013889,90.6
3318-NMQXL,1,0,0,0,3,1,0,Fiber optic,0,0,0,0,1,1,Month-to-month,1,Electronic check,266.8,0,88.93333333,92
3143-ILDAL,1,0,0,0,56,1,1,Fiber optic,0,1,0,1,0,1,Month-to-month,1,Electronic check,5124.6,1,91.51071429,94.45
1022-RKXDR,0,0,0,0,41,1,1,No,0,0,0,0,0,0,One year,1,Mailed check,962.25,0,23.4695122,24.85
2361-FJWNO,1,0,0,0,40,0,0,DSL,0,1,0,1,0,0,One year,0,Credit card (automatic),1382.9,0,34.5725,36
2272-UOINI,0,0,0,0,7,1,0,DSL,1,1,0,1,1,1,Month-to-month,1,Electronic check,571.05,0,81.57857143,78.5
8232-UTFOZ,1,0,0,0,69,1,0,No,0,0,0,0,0,0,Two year,0,Credit card (automatic),1399.35,0,20.28043478,19.95
3750-YHRYO,1,0,1,1,7,1,0,No,0,0,0,0,0,0,One year,0,Mailed check,150,0,21.42857143,20.65
6637-KYRCV,0,0,1,1,5,0,0,DSL,0,1,0,0,0,0,Month-to-month,1,Electronic check,167.2,0,33.44,30.5
5668-MEISB,0,0,1,1,72,1,1,Fiber optic,1,1,1,1,1,0,Two year,0,Credit card (automatic),7657.4,0,106.3527778,106.1
0129-QMPDR,1,0,1,1,44,1,0,No,0,0,0,0,0,0,One year,1,Bank transfer (automatic),865.05,0,19.66022727,20.5
7188-CBBBA,0,0,0,0,65,1,1,Fiber optic,0,1,1,0,1,0,One year,1,Electronic check,6153.85,0,94.67461538,95.5
5356-CSVSQ,0,0,0,0,3,1,1,DSL,0,0,0,1,1,0,Month-to-month,0,Electronic check,174.2,0,58.06666667,64.6
3221-CJMSG,1,0,0,0,24,1,0,DSL,0,0,0,1,0,0,Month-to-month,1,Credit card (automatic),1269.6,0,52.9,51.1
4720-VSTSI,0,0,0,0,44,1,1,Fiber optic,0,1,1,0,0,0,Month-to-month,1,Bank transfer (automatic),3862.55,1,87.78522727,84.8
3219-JQRSL,0,1,1,0,72,1,1,DSL,1,1,1,1,1,1,Two year,0,Credit card (automatic),6352.4,0,88.22777778,89.1
2801-NISEI,1,0,0,0,24,1,0,DSL,1,0,0,1,0,0,Month-to-month,0,Electronic check,1348.5,0,56.1875,54.95
3946-MHCZW,1,0,0,0,1,1,0,DSL,0,0,1,0,0,0,Month-to-month,0,Mailed check,50.9,1,50.9,50.9
4623-ZKHLY,1,0,1,0,22,1,0,No,0,0,0,0,0,0,Month-to-month,1,Bank transfer (automatic),471.55,0,21.43409091,20.45
6732-VAILE,1,0,1,1,70,1,1,DSL,0,1,1,1,1,1,Two year,1,Credit card (automatic),5931.75,0,84.73928571,85.95
8201-AAXCB,1,0,1,1,25,1,1,DSL,0,0,0,0,1,0,Month-to-month,0,Electronic check,1404.65,0,56.186,60.35
7696-CFTAT,1,0,1,1,37,1,0,No,0,0,0,0,0,0,Two year,0,Bank transfer (automatic),726.1,0,19.62432432,19.8
1845-CSBRZ,0,1,1,1,22,1,1,Fiber optic,0,0,0,0,1,0,Month-to-month,0,Bank transfer (automatic),1961.6,0,89.16363636,85.35
2123-VSCOT,0,0,1,1,59,1,1,DSL,0,0,1,1,1,0,Two year,1,Bank transfer (automatic),4194.85,0,71.09915254,72.1
6651-AZVTJ,1,0,1,1,49,1,1,Fiber optic,0,0,1,0,1,1,Month-to-month,1,Electronic check,4872.45,1,99.4377551,99.8
4566-GOLUK,1,0,1,1,47,1,1,Fiber optic,0,0,1,1,1,1,Month-to-month,1,Bank transfer (automatic),5118.95,1,108.9138298,107.35
2484-DGXPZ,0,0,1,1,31,1,0,No,0,0,0,0,0,0,Month-to-month,1,Mailed check,658.95,1,21.25645161,19.55
2018-QKYGT,1,0,1,1,1,1,0,Fiber optic,0,0,0,0,0,1,Month-to-month,1,Electronic check,81.05,0,81.05,81.05
2792-VPPET,1,0,0,0,3,1,0,No,0,0,0,0,0,0,Month-to-month,1,Electronic check,76.95,0,25.65,20.5
7409-JURKQ,0,0,1,0,53,1,1,Fiber optic,0,1,1,1,1,1,One year,1,Bank transfer (automatic),5809.75,0,109.6179245,111.8
3247-MHJKM,1,0,0,0,1,1,0,No,0,0,0,0,0,0,Month-to-month,0,Mailed check,20.2,0,20.2,20.2
1964-SVLEA,1,0,0,0,20,1,0,No,0,0,0,0,0,0,One year,1,Mailed check,415.9,0,20.795,19.7
4587-NUKOX,0,0,0,0,3,1,0,Fiber optic,1,1,0,0,0,0,Month-to-month,1,Electronic check,246.5,1,82.16666667,79.1
7297-DVYGA,0,0,0,0,51,1,0,No,0,0,0,0,0,0,One year,1,Bank transfer (automatic),996.95,0,19.54803922,19.85
2239-CGBUZ,0,0,1,0,51,1,0,DSL,1,1,0,1,0,0,One year,1,Bank transfer (automatic),3145.15,0,61.66960784,60.5
0854-UYHZD,0,0,1,1,13,1,0,No,0,0,0,0,0,0,Two year,0,Mailed check,265.3,0,20.40769231,19.55
7243-LCGGZ,0,0,0,0,1,1,0,No,0,0,0,0,0,0,Month-to-month,0,Mailed check,20.9,0,20.9,20.9
8267-KFGYD,1,0,0,1,1,1,0,No,0,0,0,0,0,0,Month-to-month,1,Mailed check,21.05,0,21.05,21.05
4890-VMUAV,1,0,0,0,63,1,1,DSL,1,1,1,1,0,0,One year,0,Electronic check,4576.3,0,72.63968254,71.5
9261-WDCAF,1,0,0,0,3,1,0,DSL,0,0,0,0,0,1,Month-to-month,0,Mailed check,189.1,0,63.03333333,54.65
3764-MNMOI,1,0,0,0,46,1,0,No,0,0,0,0,0,0,Two year,0,Credit card (automatic),908.15,0,19.7423913,19.2
7442-YGZFK,1,0,0,0,1,1,1,DSL,0,0,0,0,0,0,Month-to-month,1,Credit card (automatic),49.8,0,49.8,49.8
0420-BWTPW,1,0,0,1,8,0,0,DSL,0,0,0,0,0,0,Month-to-month,0,Mailed check,215.2,1,26.9,25.5
8229-BUJHX,0,0,1,1,71,1,0,No,0,0,0,0,0,0,Two year,0,Bank transfer (automatic),1500.95,0,21.14014085,20.5
7449-HVPIV,1,0,1,1,55,1,1,Fiber optic,0,0,1,0,1,0,Month-to-month,1,Credit card (automatic),5099.15,0,92.71181818,90.4
5504-WSIUR,0,0,0,0,70,1,1,Fiber optic,0,1,1,1,0,0,One year,1,Bank transfer (automatic),6385.95,0,91.22785714,90.25
8183-ONMXC,0,0,0,0,2,1,0,Fiber optic,0,0,0,0,0,1,Month-to-month,0,Electronic check,159.45,1,79.725,80.75
8466-PZBLH,1,0,1,1,67,1,1,Fiber optic,1,0,0,1,1,1,Two year,0,Bank transfer (automatic),6885.75,0,102.7723881,104.6
9614-RMGHA,1,0,1,0,65,1,1,Fiber optic,0,1,0,0,1,0,Month-to-month,1,Bank transfer (automatic),5940.85,1,91.39769231,91.85
8735-IJJEG,1,0,1,0,14,1,0,DSL,0,0,1,0,0,0,Month-to-month,0,Credit card (automatic),668.85,0,47.775,50.2
0564-MUUQK,0,0,1,1,20,1,1,Fiber optic,0,0,1,1,0,1,Month-to-month,1,Bank transfer (automatic),1916.2,0,95.81,95.5
5054-IEXZT,1,0,0,1,1,1,0,Fiber optic,0,1,0,0,0,0,Month-to-month,1,Electronic check,75.35,1,75.35,75.35
5834-ASPWA,1,0,0,0,1,1,1,Fiber optic,0,0,0,0,0,0,Month-to-month,1,Electronic check,75.45,1,75.45,75.45
0701-RFGFI,0,0,1,1,49,1,1,Fiber optic,0,0,0,0,1,1,Month-to-month,1,Bank transfer (automatic),4613.95,0,94.1622449,95.4
0019-EFAEP,0,0,0,0,72,1,1,Fiber optic,1,1,1,0,1,0,Two year,1,Bank transfer (automatic),7261.25,0,100.8506944,101.3
5619-PTMIK,0,0,1,0,46,1,1,DSL,1,0,0,0,0,0,Month-to-month,0,Electronic check,2459.8,0,53.47391304,53.1
3737-XBQDD,1,0,0,0,24,1,1,Fiber optic,0,1,1,0,0,0,Month-to-month,1,Bank transfer (automatic),2048.8,0,85.36666667,84.85
5882-CMAZQ,0,0,1,1,5,0,0,DSL,0,1,0,1,0,0,Month-to-month,0,Electronic check,163.55,0,32.71,34.25
5846-QFDFI,0,0,1,1,33,1,1,Fiber optic,0,1,1,1,0,0,Month-to-month,0,Credit card (automatic),2888.7,0,87.53636364,88.6
4445-KWOKW,0,0,0,0,42,1,1,DSL,1,1,0,0,0,0,One year,1,Bank transfer (automatic),2421.6,0,57.65714286,60.15
3511-APPBJ,1,0,0,0,23,1,0,Fiber optic,1,0,1,0,1,1,One year,1,Credit card (automatic),2292.75,0,99.68478261,99.95
7967-HYCDE,1,0,0,0,8,1,0,Fiber optic,0,0,0,0,0,0,Month-to-month,0,Bank transfer (automatic),553.4,0,69.175,70.7
2430-RRYUW,1,0,0,0,66,1,0,DSL,1,1,0,0,0,0,One year,1,Mailed check,3465.7,0,52.51060606,54.8
3948-XHGNA,1,0,0,0,24,1,0,DSL,1,0,0,0,0,0,Month-to-month,1,Bank transfer (automatic),1210.4,1,50.43333333,49.55
3723-BFBGR,1,1,0,0,24,1,1,DSL,0,1,0,0,0,0,Month-to-month,0,Credit card (automatic),1291.3,0,53.80416667,54.8
0565-IYCGT,1,0,0,0,69,1,1,DSL,1,1,1,1,0,1,One year,1,Credit card (automatic),5356.45,1,77.62971014,78.6
5447-WZAFP,0,0,0,0,53,1,0,Fiber optic,0,1,1,0,1,1,One year,1,Mailed check,5200.8,0,98.12830189,100.3
5110-CHOPY,0,0,0,0,60,0,0,DSL,1,0,1,0,1,1,Two year,0,Electronic check,3237.05,0,53.95083333,53.6
5445-UTODQ,0,0,1,0,7,1,0,Fiber optic,0,0,0,0,1,0,Month-to-month,1,Electronic check,576.65,1,82.37857143,81.1
4425-OWHWB,0,0,0,0,20,1,0,No,0,0,0,0,0,0,One year,1,Credit card (automatic),433.75,0,21.6875,19.35
7892-QVYKW,0,0,1,1,23,1,1,Fiber optic,0,0,0,0,0,1,Month-to-month,0,Electronic check,1868.4,0,81.23478261,85.6
9675-ICXCT,1,0,1,1,72,1,0,DSL,1,0,1,1,1,1,Two year,1,Electronic check,5728.55,0,79.56319444,80.8
1024-VRZHF,1,0,1,0,11,1,1,Fiber optic,0,0,0,0,0,0,Month-to-month,1,Electronic check,825.7,1,75.06363636,74.95
4703-MQYKT,1,0,0,0,21,1,0,No,0,0,0,0,0,0,Two year,0,Mailed check,390.4,0,18.59047619,19.6
9497-QCMMS,1,1,0,0,1,1,1,Fiber optic,0,0,0,0,1,1,Month-to-month,1,Electronic check,93.55,1,93.55,93.55
5692-ICXLW,1,1,0,0,31,1,1,Fiber optic,0,1,0,0,1,0,Month-to-month,1,Electronic check,2845.15,0,91.77903226,90.7
0602-DDUML,0,0,0,0,57,1,0,DSL,0,1,1,1,1,0,Two year,0,Mailed check,3894.4,0,68.32280702,69.75
2208-MPXIO,0,0,1,1,45,1,0,No,0,0,0,0,0,0,Two year,1,Bank transfer (automatic),886.4,0,19.69777778,20
1960-UYCNN,1,0,0,0,10,1,1,Fiber optic,0,1,1,0,0,1,Month-to-month,1,Electronic check,1021.55,0,102.155,95.25
0348-SDKOL,0,0,1,0,58,1,1,Fiber optic,0,0,1,1,1,1,Month-to-month,1,Credit card (automatic),5885.4,1,101.4724138,102.1
3190-FZATL,1,0,0,1,14,1,0,No,0,0,0,0,0,0,Month-to-month,0,Mailed check,268.4,0,19.17142857,19.95
7336-RLLRH,1,0,1,0,27,1,1,DSL,1,0,0,1,1,1,One year,0,Mailed check,2204.35,0,81.64259259,80.85
4373-MAVJG,0,0,1,1,14,1,1,Fiber optic,0,1,0,0,0,1,Month-to-month,1,Bank transfer (automatic),1259,1,89.92857143,90.9
8901-HJXTF,0,0,1,1,12,0,0,DSL,0,1,0,0,0,0,Month-to-month,0,Mailed check,309.1,1,25.75833333,29.2
7710-JSYOA,0,0,1,1,69,1,1,Fiber optic,0,1,0,1,0,1,Two year,1,Bank transfer (automatic),6398.05,0,92.72536232,93.3
5419-KLXBN,0,0,1,1,25,1,0,Fiber optic,0,1,1,0,1,0,Month-to-month,1,Bank transfer (automatic),2257.75,1,90.31,89.15
3424-NMNBO,1,1,1,0,58,1,1,Fiber optic,1,1,1,0,1,1,One year,1,Electronic check,6287.25,1,108.4008621,108.85
9885-MFVSU,0,0,1,1,35,0,0,DSL,1,0,0,1,1,0,Two year,1,Credit card (automatic),1662.05,0,47.48714286,46.35
4514-GFCFI,0,1,0,0,16,1,1,Fiber optic,0,0,0,0,1,0,Month-to-month,1,Electronic check,1350.15,1,84.384375,84.75
0607-MVMGC,1,0,1,1,45,1,1,DSL,0,1,1,0,1,1,One year,0,Credit card (automatic),3600.65,0,80.01444444,78.75
3365-SAIGS,0,0,0,0,17,1,0,Fiber optic,0,1,0,0,1,0,Month-to-month,1,Electronic check,1329.15,0,78.18529412,83.55
9828-AOQLM,0,0,1,1,1,1,0,DSL,0,0,0,0,0,0,Month-to-month,1,Electronic check,45.7,1,45.7,45.7
8022-BECSI,1,0,0,0,22,1,0,No,0,0,0,0,0,0,One year,0,Mailed check,422.5,0,19.20454545,19.6
8000-REIQB,0,1,0,0,1,1,0,Fiber optic,0,0,0,0,0,0,Month-to-month,1,Electronic check,69.95,1,69.95,69.95
9993-LHIEB,1,0,1,1,67,1,0,DSL,1,0,1,1,0,1,Two year,0,Mailed check,4627.65,0,69.06940299,67.85
0266-CLZKZ,0,0,1,1,67,1,1,Fiber optic,0,0,1,1,1,1,Two year,1,Bank transfer (automatic),6717.9,0,100.2671642,105.65
7615-ESMYF,0,0,1,0,2,0,0,DSL,0,0,0,0,1,1,Month-to-month,0,Electronic check,97.1,1,48.55,44.6
3858-VOBET,1,0,0,0,23,1,1,Fiber optic,0,0,0,0,0,0,Month-to-month,1,Electronic check,1710.45,1,74.3673913,74.95
7020-OZKXZ,0,1,0,0,9,1,0,Fiber optic,0,0,1,0,0,0,Month-to-month,0,Credit card (automatic),637.4,0,70.82222222,75.5
3977-QCRSL,0,0,0,0,5,1,0,No,0,0,0,0,0,0,Month-to-month,0,Mailed check,117.95,0,23.59,20.15
0017-DINOC,1,0,0,0,54,0,0,DSL,1,0,0,1,1,0,Two year,0,Credit card (automatic),2460.55,0,45.56574074,45.2
1447-PJGGA,0,0,0,0,57,1,0,Fiber optic,0,0,1,0,1,1,Two year,1,Electronic check,5464.65,1,95.87105263,95.25
8565-CLBZW,1,0,0,0,24,1,1,Fiber optic,0,0,1,0,1,0,Month-to-month,1,Mailed check,2165.05,1,90.21041667,89.85
9139-WQQDY,0,0,1,1,49,1,1,Fiber optic,0,1,0,0,1,1,One year,0,Mailed check,4941.8,1,100.8530612,100.45
0224-HJAPT,1,0,0,0,5,1,1,DSL,0,0,0,0,0,0,Month-to-month,0,Electronic check,223.15,1,44.63,47.15
8086-OVPWV,1,0,0,0,2,1,0,Fiber optic,0,0,0,0,0,1,Month-to-month,1,Electronic check,181.1,1,90.55,80.2
9430-FRQOC,0,0,0,1,4,1,1,Fiber optic,0,0,1,1,0,0,Month-to-month,1,Mailed check,341.45,1,85.3625,87.1
7639-OPLNG,1,0,1,1,70,1,1,DSL,1,1,1,1,1,0,Two year,1,Bank transfer (automatic),5731.85,0,81.88357143,79.25
3074-GQWYX,1,0,0,0,5,1,1,Fiber optic,0,0,0,0,0,0,Month-to-month,1,Bank transfer (automatic),357.75,1,71.55,75.9
1492-QGCLU,1,0,1,1,53,1,1,DSL,1,0,1,1,1,1,Month-to-month,0,Electronic check,4616.1,0,87.09622642,85.7
6845-RGTYS,0,0,1,0,47,1,1,Fiber optic,1,1,1,0,1,0,Month-to-month,1,Electronic check,4533.7,1,96.46170213,98.75
7328-OWMOM,0,0,0,1,31,1,0,No,0,0,0,0,0,0,One year,0,Credit card (automatic),589.25,0,19.00806452,20.1
4418-LZMSV,1,0,1,1,13,1,0,DSL,0,1,1,1,0,0,Month-to-month,0,Bank transfer (automatic),750.1,0,57.7,61.8
5155-AZQPB,0,0,1,1,28,1,1,DSL,0,0,0,0,0,0,Month-to-month,0,Mailed check,1410.25,0,50.36607143,49.9
8861-HGGKB,0,0,0,0,10,1,1,Fiber optic,0,0,0,0,0,1,Month-to-month,0,Electronic check,830.85,1,83.085,86.45
1087-GRUYI,1,0,1,0,38,1,0,No,0,0,0,0,0,0,Two year,0,Bank transfer (automatic),743.5,0,19.56578947,20.4
7065-YUNRY,0,0,0,0,1,1,0,DSL,0,0,0,0,0,0,Month-to-month,1,Mailed check,45.3,1,45.3,45.3
7694-VLBWQ,1,0,1,0,67,1,1,Fiber optic,0,1,1,0,1,1,One year,0,Electronic check,7040.85,1,105.0873134,104.1
2546-KZAAT,1,0,1,0,52,1,0,DSL,1,1,0,0,1,1,One year,1,Mailed check,3865.45,0,74.33557692,75.4
0181-RITDD,1,0,1,1,62,1,0,Fiber optic,1,1,1,1,1,1,Two year,0,Mailed check,6825.65,0,110.091129,108.15
5989-PGKJB,0,0,0,0,16,1,0,Fiber optic,0,1,0,0,0,1,Month-to-month,1,Electronic check,1340.1,0,83.75625,86.25
4795-KTRTH,0,1,1,0,5,1,1,Fiber optic,0,1,0,0,0,0,Month-to-month,1,Electronic check,371.65,1,74.33,81
8272-ONJLV,1,0,0,0,12,1,0,Fiber optic,0,0,1,0,1,1,One year,0,Electronic check,1184,0,98.66666667,95.7
1488-PBLJN,0,0,1,1,72,1,1,Fiber optic,1,1,1,1,1,1,Two year,1,Bank transfer (automatic),8477.7,0,117.7458333,114.729
0308-GIQJT,1,1,0,0,71,1,1,Fiber optic,0,1,0,1,1,1,One year,0,Bank transfer (automatic),7382.85,0,103.9838028,105.75
3778-FOAQW,0,0,1,0,24,1,0,No,0,0,0,0,0,0,One year,0,Mailed check,456.85,0,19.03541667,20.15
4452-ROHMO,0,0,0,0,15,1,0,No,0,0,0,0,0,0,Two year,0,Mailed check,331.6,0,22.10666667,19.6
6481-OGDOO,1,0,1,0,67,1,0,Fiber optic,1,1,0,0,0,1,One year,1,Credit card (automatic),6056.15,1,90.39029851,90.6
3090-LETTY,1,0,0,1,2,1,1,DSL,1,1,0,0,0,0,Month-to-month,0,Bank transfer (automatic),134.6,0,67.3,60.95
5349-AZPEW,0,0,1,1,5,0,0,DSL,0,0,0,0,0,0,Month-to-month,0,Mailed check,125.5,0,25.1,25.05
3753-TSEMP,0,0,1,0,15,1,0,Fiber optic,0,0,0,0,1,1,Month-to-month,0,Electronic check,1390.6,1,92.70666667,88.15
8305-VHZBZ,1,0,0,0,1,1,0,No,0,0,0,0,0,0,Month-to-month,1,Mailed check,20.2,1,20.2,20.2
9720-JJJOR,1,0,1,1,41,1,0,DSL,1,1,1,0,0,0,One year,1,Bank transfer (automatic),2511.3,0,61.25121951,60.3
8100-HZZLJ,0,0,0,1,43,1,0,DSL,1,1,0,0,0,1,Month-to-month,1,Electronic check,2737.05,0,63.65232558,63.95
8775-ERLNB,1,1,1,0,1,1,1,Fiber optic,0,0,0,0,0,0,Month-to-month,0,Electronic check,74.3,0,74.3,74.3
8309-IEYJD,0,1,0,0,1,1,0,Fiber optic,0,0,0,0,0,0,Month-to-month,1,Mailed check,70.6,0,70.6,70.6
9172-JITSM,0,0,1,1,26,1,0,Fiber optic,0,0,0,0,1,1,Month-to-month,1,Electronic check,2361.8,1,90.83846154,90.8
6298-QDFNH,1,0,0,0,22,1,1,Fiber optic,0,1,0,0,0,0,Month-to-month,1,Electronic check,1730.35,1,78.65227273,79.35
7398-HPYZQ,1,0,1,0,71,1,1,DSL,1,1,1,1,1,1,Two year,0,Bank transfer (automatic),6404,0,90.1971831,90.55
3546-GHEAE,1,0,0,0,7,1,0,No,0,0,0,0,0,0,Two year,0,Mailed check,165.35,0,23.62142857,19.45
7361-YPXFS,0,1,0,0,28,1,1,DSL,0,1,1,1,0,0,Month-to-month,0,Bank transfer (automatic),1867.6,0,66.7,64.45
6557-BZXLQ,1,1,0,0,16,1,0,Fiber optic,0,0,0,0,0,0,Month-to-month,0,Electronic check,1043.3,0,65.20625,69.65
2550-QHZGP,1,0,0,0,7,1,0,No,0,0,0,0,0,0,One year,0,Mailed check,128.6,0,18.37142857,19.5
7519-JTWQH,0,0,0,0,69,1,1,Fiber optic,0,1,1,1,1,1,Two year,1,Bank transfer (automatic),7455.45,0,108.05,110.5
2538-OIMXF,0,0,0,1,1,0,0,DSL,0,0,0,0,0,0,Month-to-month,0,Mailed check,24.7,0,24.7,24.7
8543-MSDMF,1,0,0,0,3,1,0,DSL,1,0,1,0,1,1,Month-to-month,1,Electronic check,206.15,0,68.71666667,77.4
9961-JBNMK,1,1,0,0,21,1,0,Fiber optic,0,0,1,0,1,1,Month-to-month,1,Bank transfer (automatic),2030.3,1,96.68095238,96.8
1170-SASML,0,0,1,0,69,1,1,Fiber optic,0,1,1,0,0,0,Month-to-month,1,Bank transfer (automatic),5869.4,0,85.06376812,85.4
4872-JCVCA,0,0,1,0,71,0,0,DSL,1,1,1,1,0,0,Two year,1,Bank transfer (automatic),3377.8,0,47.57464789,47.6
5346-BZCHP,0,0,1,1,69,1,0,No,0,0,0,0,0,0,Two year,0,Mailed check,1346.2,0,19.51014493,19.4
2038-LLMLM,0,0,0,0,48,1,1,Fiber optic,0,0,1,1,1,1,Month-to-month,1,Electronic check,4946.05,0,103.0427083,103.85
6173-ITPWD,1,0,1,0,47,1,1,Fiber optic,0,1,1,0,0,0,Month-to-month,1,Bank transfer (automatic),4065,1,86.4893617,83.35
9734-UYXQI,0,0,0,0,2,1,1,DSL,0,0,0,0,0,0,Month-to-month,1,Electronic check,106.55,1,53.275,49.4
1216-BGTSP,1,0,0,0,45,1,1,Fiber optic,1,0,1,1,1,1,Month-to-month,1,Credit card (automatic),4964.7,0,110.3266667,108.45
4138-NAXED,1,0,0,0,51,1,1,Fiber optic,0,1,0,0,0,0,Month-to-month,0,Bank transfer (automatic),4085.75,0,80.1127451,81
2189-UXTKY,0,0,1,0,22,1,1,DSL,1,0,0,1,1,1,Month-to-month,1,Electronic check,1742.75,1,79.21590909,79.2
0744-BIKKF,1,0,0,0,72,1,1,DSL,1,1,1,1,1,1,Two year,0,Bank transfer (automatic),6224.8,0,86.45555556,86.65
7483-IQWIB,1,0,1,1,37,1,1,Fiber optic,0,1,1,0,1,0,Month-to-month,1,Electronic check,3415.25,0,92.30405405,92.95
5248-KWLAR,1,0,1,1,71,1,1,DSL,1,1,1,1,1,1,Two year,0,Electronic check,6325.25,0,89.08802817,90.35
4958-GZWIY,1,0,1,1,7,1,0,DSL,0,0,1,0,0,0,Month-to-month,0,Electronic check,340.25,1,48.60714286,48.7
7996-MHXLW,0,0,0,0,66,1,1,No,0,0,0,0,0,0,Two year,1,Credit card (automatic),1683.6,0,25.50909091,25.15
7833-PKIHD,1,0,1,1,51,1,0,DSL,1,0,0,1,1,1,One year,1,Bank transfer (automatic),3966.3,0,77.77058824,76.4
7061-OVMIM,0,0,1,1,30,1,0,No,0,0,0,0,0,0,One year,0,Bank transfer (automatic),608.5,0,20.28333333,19.55
5153-RTHKF,0,0,0,0,34,1,1,Fiber optic,0,0,0,0,1,0,Month-to-month,0,Electronic check,2896.6,0,85.19411765,85.35
1852-QSWCD,1,0,1,1,64,1,1,No,0,0,0,0,0,0,Two year,1,Mailed check,1514.85,0,23.66953125,24.8
4832-VRBMR,1,1,1,0,65,1,1,Fiber optic,0,1,1,0,1,1,One year,1,Bank transfer (automatic),6792.45,0,104.4992308,103.15
9079-LWTFD,1,0,0,0,47,1,1,Fiber optic,1,1,0,1,1,0,Month-to-month,0,Mailed check,4669.2,0,99.34468085,100.75
6356-ELRKD,0,0,0,0,1,1,0,Fiber optic,1,0,0,0,1,1,Month-to-month,1,Electronic check,95.6,1,95.6,95.6
8624-GIOUT,0,0,0,0,49,1,1,DSL,1,1,0,0,0,0,Month-to-month,1,Credit card (automatic),2934.3,1,59.88367347,59.75
3392-EHMNK,0,0,1,1,67,1,1,Fiber optic,0,1,0,1,1,0,Two year,0,Credit card (automatic),6302.8,0,94.07164179,94.1
5986-WWXDV,1,0,0,1,39,1,0,No,0,0,0,0,0,0,One year,0,Bank transfer (automatic),779.2,0,19.97948718,19.35
3061-BCKYI,1,0,0,0,14,1,0,No,0,0,0,0,0,0,Month-to-month,0,Mailed check,283.75,0,20.26785714,19.9
6179-GJPSO,0,1,0,0,43,1,0,Fiber optic,1,1,0,1,1,1,Month-to-month,1,Credit card (automatic),4600.7,1,106.9930233,108.15
7901-TBKJX,1,1,0,0,56,1,1,Fiber optic,0,0,1,0,1,1,Month-to-month,1,Electronic check,5594,0,99.89285714,101.05
7228-PAQPD,0,0,0,0,14,1,0,DSL,0,0,0,1,0,1,One year,0,Credit card (automatic),772.85,0,55.20357143,59.1
3177-LASXD,0,0,0,0,1,1,0,Fiber optic,0,0,0,0,0,0,Month-to-month,0,Electronic check,71.35,1,71.35,71.35
7746-QYVCO,1,0,1,1,16,1,0,DSL,1,1,0,0,0,0,One year,1,Mailed check,857.8,0,53.6125,55.85
5804-HYIEZ,1,0,1,1,70,1,1,Fiber optic,1,1,0,0,1,1,Month-to-month,1,Electronic check,7554.05,0,107.915,106.05
9919-FZDED,1,1,1,0,72,1,1,DSL,1,1,1,0,1,1,Two year,1,Credit card (automatic),5981.65,0,83.07847222,84.1
5934-TSSAU,0,0,1,1,23,1,0,Fiber optic,0,0,1,0,0,0,Month-to-month,1,Credit card (automatic),1702.9,0,74.03913043,75.3
3486-KHMLI,1,0,0,1,21,1,1,No,0,0,0,0,0,0,Month-to-month,0,Mailed check,467.15,0,22.2452381,24.7
4897-QSUYC,0,0,0,0,1,1,0,No,0,0,0,0,0,0,Month-to-month,1,Mailed check,20.15,1,20.15,20.15
1084-UQCHV,1,0,0,1,1,1,0,Fiber optic,0,0,0,0,0,0,Month-to-month,0,Bank transfer (automatic),69.75,1,69.75,69.75
8290-YWKHZ,0,1,1,0,32,1,1,Fiber optic,0,0,0,0,1,1,Month-to-month,1,Electronic check,2931,1,91.59375,93.2
2955-BJZHG,1,0,1,1,17,1,0,Fiber optic,0,0,0,0,1,0,Month-to-month,0,Electronic check,1400.85,1,82.40294118,80.85
3806-DXQOM,0,0,0,0,4,0,0,DSL,1,1,0,0,0,0,Month-to-month,1,Electronic check,137.85,1,34.4625,33.65
6784-XYJAE,0,0,0,0,36,1,1,DSL,0,0,1,0,0,0,One year,0,Electronic check,1941.5,0,53.93055556,55.8
3933-DQPWX,0,0,0,0,50,0,0,DSL,0,1,1,1,0,0,Two year,0,Credit card (automatic),1932.75,0,38.655,39.7
6661-EIPZC,0,0,1,1,48,0,0,DSL,0,0,0,1,0,0,Month-to-month,1,Credit card (automatic),1423.05,0,29.646875,29.5
8957-THMOA,0,0,0,1,50,1,0,No,0,0,0,0,0,0,Two year,0,Credit card (automatic),970.85,0,19.417,20.15
2251-PYLPB,1,0,1,0,72,1,1,DSL,1,1,1,1,0,1,Two year,0,Credit card (automatic),5810.9,0,80.70694444,79.55
5555-RNPGT,1,0,0,1,10,1,1,No,0,0,0,0,0,0,Month-to-month,0,Credit card (automatic),223.9,0,22.39,24.8
1057-FOGLZ,0,0,0,0,18,1,0,No,0,0,0,0,0,0,Month-to-month,0,Mailed check,391.7,0,21.76111111,19.65
9300-RENDD,1,0,0,0,1,1,0,Fiber optic,0,0,0,0,1,0,Month-to-month,1,Electronic check,79.95,1,79.95,79.95
0761-AETCS,0,0,0,0,1,1,0,No,0,0,0,0,0,0,Month-to-month,0,Electronic check,19.3,1,19.3,19.3
8087-LGYHQ,1,0,0,0,9,1,0,Fiber optic,0,0,1,0,1,1,Month-to-month,1,Electronic check,811.65,0,90.18333333,94.05
4137-BTIKL,1,0,0,0,2,1,1,Fiber optic,1,0,0,0,0,1,Month-to-month,0,Mailed check,174.75,0,87.375,90.75
2190-BCXEC,0,0,1,0,40,1,1,Fiber optic,0,0,0,1,0,0,Month-to-month,1,Credit card (automatic),3126.85,0,78.17125,78.85
6227-FBDXH,1,0,1,0,69,1,1,Fiber optic,0,0,1,0,1,1,One year,0,Bank transfer (automatic),6841.45,0,99.15144928,99.5
2153-MREFK,0,0,1,0,37,1,1,Fiber optic,1,0,1,1,0,1,One year,1,Electronic check,3754.6,1,101.4756757,99.2
2911-WDXMV,1,0,0,1,18,1,1,Fiber optic,0,0,1,0,0,0,Month-to-month,1,Credit card (automatic),1406.65,0,78.14722222,80.55
7206-PQBBZ,1,1,1,0,11,1,0,Fiber optic,0,0,0,0,0,0,Month-to-month,1,Electronic check,834.7,0,75.88181818,70.2
3106-ULWFW,0,0,1,0,8,1,1,Fiber optic,0,0,0,0,0,1,Month-to-month,1,Credit card (automatic),627.4,1,78.425,85.2
0925-VYDLG,0,0,0,0,3,1,1,Fiber optic,0,0,0,0,0,0,Month-to-month,0,Electronic check,242,1,80.66666667,75.25
4547-FZJWE,1,0,1,1,55,1,0,DSL,1,0,0,0,0,1,One year,0,Credit card (automatic),3157,0,57.4,59.45
7422-WNBTY,1,0,1,0,33,1,1,Fiber optic,0,1,1,0,0,1,Month-to-month,1,Electronic check,3092,0,93.6969697,93.35
0842-IWYCP,0,0,0,0,46,1,0,DSL,0,0,0,0,0,0,Month-to-month,0,Bank transfer (automatic),2168.9,0,47.15,44.95
3521-HTQTV,1,0,0,0,34,1,1,No,0,0,0,0,0,0,Two year,0,Bank transfer (automatic),980.35,0,28.83382353,26.1
3744-ZBHON,0,0,0,0,3,1,0,No,0,0,0,0,0,0,Month-to-month,0,Electronic check,65.95,0,21.98333333,20.2
3373-DIUUN,1,0,1,1,30,1,0,No,0,0,0,0,0,0,Two year,0,Mailed check,711.9,0,23.73,21.25
8383-SGHJU,0,0,0,0,33,1,1,DSL,1,0,0,1,0,0,One year,0,Electronic check,1952.8,0,59.17575758,59.4
7607-QKKTJ,1,0,1,1,45,1,1,Fiber optic,0,1,1,0,0,1,One year,1,Credit card (automatic),4368.85,0,97.08555556,95
7707-PYBBH,1,0,0,0,40,1,0,DSL,1,1,0,1,0,0,Month-to-month,1,Mailed check,2647.1,0,66.1775,61.9
8984-HPEMB,0,0,0,0,71,1,1,Fiber optic,1,1,1,1,1,1,Two year,1,Electronic check,8477.6,0,119.4028169,114.729
4349-GFQHK,1,0,0,0,1,1,1,DSL,0,0,1,0,0,0,Month-to-month,0,Electronic check,54.35,1,54.35,54.35
4139-DETXS,0,0,1,1,72,0,0,DSL,1,1,1,1,1,1,Two year,0,Bank transfer (automatic),4528,0,62.88888889,64.45
9779-DPNEJ,0,0,1,1,22,1,0,Fiber optic,0,0,0,0,0,1,Month-to-month,1,Electronic check,1790.65,0,81.39318182,80.15
9805-FILKB,1,0,1,1,46,1,0,No,0,0,0,0,0,0,One year,1,Bank transfer (automatic),845.6,0,18.3826087,20.2
5793-YOLJN,0,0,1,1,55,1,0,No,0,0,0,0,0,0,Two year,0,Mailed check,1210.3,0,22.00545455,21
0673-IGUQO,1,0,0,0,1,1,0,No,0,0,0,0,0,0,Month-to-month,0,Mailed check,20.45,0,20.45,20.45
4123-FCVCB,0,0,0,0,12,1,1,DSL,0,0,0,1,1,1,One year,1,Mailed check,854.45,0,71.20416667,75.85
8819-IMISP,1,0,0,0,31,1,1,Fiber optic,0,1,0,0,0,0,Month-to-month,1,Electronic check,2429.1,0,78.35806452,80.45
7802-EFKNY,1,0,1,0,5,0,0,DSL,0,0,0,0,0,0,Month-to-month,1,Electronic check,100.4,1,20.08,24.95
8311-UEUAB,0,0,1,1,67,1,1,DSL,1,0,0,0,1,1,Two year,1,Electronic check,5229.45,0,78.05149254,75.5
5858-EAFCZ,1,0,0,0,1,1,0,DSL,0,0,0,0,0,0,Month-to-month,0,Mailed check,44.45,0,44.45,44.45
8035-BUYVG,1,0,1,0,40,0,0,DSL,1,1,1,0,0,0,One year,1,Electronic check,1716.45,1,42.91125,42.35
1163-ONYEY,1,0,1,1,41,1,1,DSL,1,1,1,0,1,0,Month-to-month,1,Credit card (automatic),3023.55,0,73.74512195,74.55
9787-XVQIU,1,0,0,0,1,1,1,Fiber optic,0,0,0,0,0,0,Month-to-month,1,Electronic check,75.3,1,75.3,75.3
8945-MUQUF,1,0,0,0,51,1,1,Fiber optic,1,1,0,0,1,0,One year,1,Electronic check,4837.6,1,94.85490196,94.8
5656-MJEFC,1,0,1,1,42,0,0,DSL,1,0,1,1,1,0,Two year,0,Credit card (automatic),2032.3,0,48.38809524,48.15
6082-OQFBA,1,0,1,1,23,1,0,No,0,0,0,0,0,0,One year,0,Mailed check,436.9,0,18.99565217,19.65
8051-HJRLT,0,1,0,0,1,1,0,Fiber optic,0,0,0,0,0,0,Month-to-month,1,Electronic check,70.55,1,70.55,70.55
8974-OVACP,0,0,0,0,1,1,0,No,0,0,0,0,0,0,Month-to-month,0,Mailed check,20.15,0,20.15,20.15
4010-YLMVT,0,0,0,0,56,1,1,Fiber optic,1,1,0,0,1,1,Month-to-month,1,Credit card (automatic),5893.95,0,105.2491071,106.6
1379-FRVEB,1,0,0,1,15,1,1,Fiber optic,0,1,0,0,1,0,Month-to-month,1,Electronic check,1430.05,0,95.33666667,91
8612-GXIDD,1,0,1,1,12,1,1,No,0,0,0,0,0,0,Two year,1,Bank transfer (automatic),313,0,26.08333333,25.4
6288-CHQJB,0,0,1,1,54,1,0,DSL,1,0,1,1,0,1,Two year,0,Bank transfer (automatic),3871.85,0,71.70092593,69.95
8160-HOWOX,0,0,0,0,7,1,0,DSL,0,0,0,0,1,1,Month-to-month,1,Electronic check,458.1,0,65.44285714,66.85
3023-GFLBR,0,0,1,1,33,1,1,Fiber optic,0,0,0,0,0,1,Month-to-month,0,Credit card (automatic),2745.7,1,83.2030303,86.15
6648-INWPS,1,0,1,1,16,1,0,No,0,0,0,0,0,0,Month-to-month,0,Electronic check,341.35,0,21.334375,20.15
4223-BKEOR,0,0,0,1,21,1,0,DSL,1,0,1,0,0,1,One year,0,Mailed check,1336.8,0,63.65714286,64.85
4079-VTGLK,1,1,1,0,30,1,1,DSL,0,0,1,0,1,1,Two year,0,Electronic check,2181.75,0,72.725,74.85
1763-WQFUK,1,0,0,0,3,1,0,DSL,0,0,0,1,0,0,Month-to-month,1,Mailed check,147.75,0,49.25,50.5
1391-UBDAR,1,0,0,0,11,1,0,Fiber optic,0,0,1,0,0,0,Month-to-month,0,Electronic check,818.45,0,74.40454545,72.9
8894-JVDCV,0,0,0,0,62,1,1,Fiber optic,1,1,1,1,1,1,One year,1,Credit card (automatic),7133.45,0,115.0556452,114.729
2023-VQFDL,1,0,0,0,18,1,0,No,0,0,0,0,0,0,Month-to-month,0,Electronic check,348.8,0,19.37777778,19
1345-GKDZZ,1,0,0,1,6,1,0,No,0,0,0,0,0,0,Month-to-month,0,Mailed check,128.6,0,21.43333333,19.55
2014-MKGMH,0,0,0,0,46,1,1,Fiber optic,0,0,1,0,1,1,One year,1,Electronic check,4674.4,0,101.6173913,101.1
5628-FCGYG,1,0,0,0,21,1,1,Fiber optic,0,0,0,0,0,1,Month-to-month,1,Electronic check,1737.45,0,82.73571429,84.1
2560-WBWXF,1,0,0,0,68,1,1,No,0,0,0,0,0,0,Two year,1,Bank transfer (automatic),1498.85,0,22.04191176,24.15
0248-IPDFW,0,0,0,0,1,1,1,DSL,0,0,0,0,0,0,Month-to-month,1,Electronic check,50.1,0,50.1,50.1
7978-DKUQH,0,0,1,0,25,1,0,Fiber optic,0,0,1,0,0,0,Month-to-month,1,Electronic check,1797.75,0,71.91,74.6
4335-UPJSI,0,0,0,1,24,1,0,No,0,0,0,0,0,0,Two year,0,Mailed check,498.1,0,20.75416667,19.75
0524-IAVZO,0,0,1,0,30,1,1,Fiber optic,0,0,0,0,0,1,Month-to-month,1,Electronic check,2624.25,1,87.475,85
2737-YNGYW,0,0,0,0,2,1,0,Fiber optic,0,0,0,0,0,1,Month-to-month,0,Electronic check,184.1,1,92.05,80.55
1784-EZDKJ,1,0,1,0,51,1,1,Fiber optic,0,1,1,0,1,1,One year,1,Bank transfer (automatic),5498.8,0,107.8196078,106.8
9297-FVVDH,0,0,1,1,57,1,1,DSL,1,0,1,1,1,1,Two year,1,Electronic check,4845.4,0,85.00701754,84.5
8007-YYPWD,0,0,0,0,15,1,1,No,0,0,0,0,0,0,Two year,0,Bank transfer (automatic),369.1,0,24.60666667,25.05
7101-HRBLJ,0,0,1,1,72,1,0,DSL,1,1,1,1,1,1,Two year,1,Bank transfer (automatic),6096.9,0,84.67916667,83.7
5159-YFPKQ,0,0,0,0,2,1,0,Fiber optic,0,0,1,0,0,0,Month-to-month,1,Electronic check,160.75,1,80.375,75.8
6635-CPNUN,1,0,1,0,28,1,1,Fiber optic,0,1,1,0,1,0,Month-to-month,0,Credit card (automatic),2684.35,0,95.86964286,96.6
4021-RQSNY,1,1,1,0,29,1,1,Fiber optic,0,0,1,0,1,1,Month-to-month,1,Electronic check,3004.15,1,103.5913793,98.5
5453-YBTWV,1,0,1,1,70,1,0,Fiber optic,1,1,1,1,1,0,Two year,1,Credit card (automatic),6994.8,0,99.92571429,101.1
5039-LZRQT,0,0,0,0,13,1,0,No,0,0,0,0,0,0,One year,0,Mailed check,273.25,0,21.01923077,20.2
2931-VUVJN,0,1,1,0,59,1,1,Fiber optic,1,1,1,1,0,0,One year,1,Electronic check,5483.9,0,92.94745763,94.05
9061-TIHDA,1,1,1,0,13,1,1,Fiber optic,0,0,0,0,1,1,Month-to-month,1,Electronic check,1233.65,1,94.89615385,95.25
8699-ASUFO,1,1,1,0,7,1,1,Fiber optic,0,0,0,0,0,0,Month-to-month,1,Mailed check,527.9,1,75.41428571,74.4
6418-PIQSP,0,0,1,0,62,1,0,DSL,1,0,1,1,1,1,Two year,0,Mailed check,4985.9,0,80.41774194,81
8220-OCUFY,0,0,0,0,21,1,0,DSL,1,0,1,1,0,0,One year,1,Electronic check,1258.35,0,59.92142857,60.25
3995-WFCSM,0,0,0,0,2,1,0,DSL,0,0,1,0,0,1,Month-to-month,0,Electronic check,111.4,0,55.7,60.85
1895-QTKDO,0,0,0,0,1,1,0,DSL,0,0,0,0,0,0,Month-to-month,0,Credit card (automatic),43.95,0,43.95,43.95
2038-OEQZH,1,0,0,0,4,1,0,Fiber optic,0,0,1,0,0,1,Month-to-month,0,Electronic check,308.1,0,77.025,86.05
1178-PZGAB,0,0,0,0,19,1,0,No,0,0,0,0,0,0,One year,0,Credit card (automatic),383.65,0,20.19210526,20.25
7927-AUXBZ,0,0,0,0,30,1,0,Fiber optic,0,0,0,1,1,0,Month-to-month,0,Electronic check,2555.9,1,85.19666667,85.15
2626-VEEWG,1,0,1,1,67,1,0,No,0,0,0,0,0,0,Two year,1,Credit card (automatic),1284.2,0,19.16716418,19.4
2878-RMWXY,1,1,1,0,72,1,1,Fiber optic,1,1,1,0,0,1,Two year,1,Credit card (automatic),7550.3,0,104.8652778,102.65
1657-DYMBM,1,0,1,0,53,1,0,No,0,0,0,0,0,0,Two year,0,Credit card (automatic),1110.05,0,20.94433962,19.9
7311-MQJCH,0,0,0,0,5,1,0,No,0,0,0,0,0,0,One year,0,Electronic check,99.6,0,19.92,19.55
7375-WMVMT,1,1,1,0,71,1,0,Fiber optic,0,1,1,1,0,1,Two year,1,Credit card (automatic),6707.15,0,94.46690141,95.5
1136-XGEQU,0,0,1,1,50,1,1,DSL,0,1,1,1,1,1,One year,1,Credit card (automatic),4164.4,0,83.288,84.15
2530-FMFXO,1,0,1,1,56,1,1,Fiber optic,0,0,1,1,1,1,Two year,1,Electronic check,5873.75,0,104.8883929,103.2
6844-DZKRF,1,0,0,0,2,1,0,DSL,0,0,0,1,0,0,Month-to-month,1,Credit card (automatic),109.25,0,54.625,50.2
4695-WJZUE,0,1,0,0,2,1,1,Fiber optic,0,0,1,0,0,1,Month-to-month,1,Electronic check,179.25,1,89.625,88.55
7619-ODSGN,1,0,1,1,24,1,1,DSL,1,0,0,0,0,0,Month-to-month,0,Electronic check,1338.15,1,55.75625,54.75
5970-GHJAW,1,0,1,1,46,1,0,No,0,0,0,0,0,0,Two year,0,Credit card (automatic),862.4,0,18.74782609,19.95
8879-XUAHX,1,0,1,0,71,1,1,Fiber optic,1,1,1,1,1,1,Two year,1,Electronic check,8564.75,0,120.6302817,114.729
3689-MOZGR,0,0,0,0,29,0,0,DSL,0,0,0,1,0,0,Month-to-month,1,Electronic check,926.2,0,31.93793103,31.2
4195-PNGZS,1,0,1,1,69,1,1,No,0,0,0,0,0,0,Two year,0,Bank transfer (automatic),1718.2,0,24.90144928,24.45
5003-XZWWO,1,0,1,0,71,1,1,DSL,0,1,1,1,1,1,Two year,0,Credit card (automatic),5956.85,0,83.89929577,84.2
3988-RQIXO,0,1,0,0,1,1,0,Fiber optic,0,0,0,0,1,1,Month-to-month,1,Electronic check,91.3,1,91.3,91.3
7622-FWGEW,1,1,1,0,56,1,0,DSL,1,1,1,1,1,1,Two year,1,Bank transfer (automatic),4824.45,0,86.15089286,85.65
6922-NCEDI,1,0,0,1,56,1,0,No,0,0,0,0,0,0,One year,1,Mailed check,1238.65,0,22.11875,21.2
2514-GINMM,1,0,0,0,1,1,0,Fiber optic,0,0,0,0,1,0,Month-to-month,1,Electronic check,79.5,1,79.5,79.5
9891-NQDBD,0,0,1,0,28,1,1,No,0,0,0,0,0,0,One year,0,Mailed check,672.2,0,24.00714286,25.55
6131-IUNXN,0,0,1,1,19,1,0,No,0,0,0,0,0,0,Month-to-month,0,Mailed check,382.2,0,20.11578947,20.2
8548-AWOFC,1,0,1,0,66,1,1,DSL,0,0,0,1,0,1,Month-to-month,0,Electronic check,4264.6,0,64.61515152,63.85
9798-DRYDS,0,0,1,1,17,1,1,DSL,0,0,1,1,0,0,One year,1,Mailed check,1070.7,0,62.98235294,61.95
8532-UEFWH,1,0,1,1,52,1,1,No,0,0,0,0,0,0,Two year,0,Mailed check,1345.85,0,25.88173077,25.75
6296-DDOOR,0,0,0,0,19,1,0,DSL,0,1,0,0,1,0,One year,0,Electronic check,1045.25,0,55.01315789,58.2
7951-VRDVK,0,0,0,0,36,1,0,DSL,1,1,1,1,1,1,One year,0,Bank transfer (automatic),3003.55,0,83.43194444,85.85
5931-FLJJF,1,1,1,0,7,1,0,Fiber optic,0,0,0,0,0,0,Month-to-month,1,Mailed check,467.55,1,66.79285714,70.1
4815-YOSUK,1,0,1,1,72,1,1,Fiber optic,1,1,1,1,0,1,One year,1,Credit card (automatic),7537.5,0,104.6875,104.9
2659-VXMWZ,1,0,1,1,67,1,1,Fiber optic,1,1,1,0,1,1,One year,1,Electronic check,7482.1,1,111.6731343,111.3
0380-NEAVX,1,1,0,0,34,1,0,Fiber optic,0,1,1,0,1,1,One year,1,Electronic check,3343.15,0,98.32794118,99.85
3207-OYBWH,1,1,1,0,57,1,1,Fiber optic,0,1,1,0,0,1,Month-to-month,1,Bank transfer (automatic),5427.05,1,95.21140351,95.25
4285-GYRQC,0,0,1,0,7,1,0,Fiber optic,0,0,1,0,1,0,Month-to-month,1,Electronic check,587.1,1,83.87142857,86.25
7216-EWTRS,0,1,1,0,1,1,1,Fiber optic,0,0,1,0,1,1,Month-to-month,1,Electronic check,100.8,1,100.8,100.8
4365-MSDYN,1,0,1,0,8,1,0,No,0,0,0,0,0,0,Month-to-month,1,Bank transfer (automatic),161.15,0,20.14375,19.55
7036-TYDEC,0,0,0,0,69,1,1,Fiber optic,0,0,1,1,1,1,Two year,0,Electronic check,7028.5,0,101.8623188,104
5802-ADBRC,0,0,1,0,50,1,1,Fiber optic,1,0,1,0,1,1,One year,1,Mailed check,5232.9,0,104.658,104.4
8076-FEZKJ,1,0,0,0,10,1,0,No,0,0,0,0,0,0,One year,0,Mailed check,225.85,0,22.585,19.5
5197-YPYBZ,0,0,1,1,12,1,1,No,0,0,0,0,0,0,Two year,0,Credit card (automatic),274.7,0,22.89166667,25.25
8337-MSSXB,0,0,0,0,14,1,0,Fiber optic,0,1,0,0,0,1,Month-to-month,1,Electronic check,1180.95,1,84.35357143,86.3
4312-GVYNH,0,0,1,0,70,0,0,DSL,1,0,1,1,0,1,Two year,1,Bank transfer (automatic),3370.2,0,48.14571429,49.85
8495-LJDFO,0,1,0,0,64,1,1,Fiber optic,1,0,1,1,1,1,Month-to-month,1,Bank transfer (automatic),7111.3,0,111.1140625,108.95
0839-JTCUD,0,0,1,1,66,1,1,DSL,1,1,1,1,1,1,Two year,0,Credit card (automatic),5958.85,0,90.28560606,89.9
5494-WOZRZ,0,0,1,1,71,1,0,DSL,1,0,1,1,1,1,Two year,1,Credit card (automatic),5999.85,0,84.50492958,82
1302-UHBDD,1,1,0,0,20,1,0,Fiber optic,0,0,0,0,1,1,Month-to-month,0,Electronic check,1648.45,0,82.4225,89.95
2234-EOFPT,1,0,1,0,72,1,0,DSL,1,1,0,1,1,1,Two year,1,Bank transfer (automatic),5753.25,0,79.90625,79.35
8619-IJNDK,0,0,1,1,71,1,0,DSL,1,1,1,1,0,0,Two year,0,Credit card (automatic),4492.9,0,63.28028169,64.05
8378-LKJAF,1,0,1,1,38,1,1,Fiber optic,0,0,1,0,1,1,Month-to-month,1,Credit card (automatic),3956.7,0,104.1236842,101.15
8182-BJDSI,0,0,0,0,28,1,1,Fiber optic,0,1,0,0,0,1,Month-to-month,1,Electronic check,2625.55,1,93.76964286,89.95
2528-HFYZX,1,1,1,0,17,1,0,Fiber optic,0,1,0,0,0,0,Month-to-month,1,Electronic check,1233.4,1,72.55294118,76.45
1153-GNOLC,1,0,0,0,33,0,0,DSL,0,1,0,0,1,0,One year,1,Electronic check,1309,0,39.66666667,39.1
3298-QEICA,0,0,1,1,23,0,0,DSL,1,0,0,1,0,0,Two year,0,Mailed check,813.45,0,35.3673913,34.6
0788-DXBFY,1,0,1,1,58,1,0,No,0,0,0,0,0,0,One year,1,Electronic check,1108.8,0,19.11724138,19.55
3597-YASZG,0,1,1,0,70,1,1,Fiber optic,0,1,0,1,1,1,Two year,1,Bank transfer (automatic),7349.35,0,104.9907143,104.45
3496-LFSZU,1,0,1,0,4,1,0,Fiber optic,0,0,0,0,0,0,Month-to-month,0,Electronic check,294.2,0,73.55,70.5
5242-UOWHD,1,0,1,1,45,1,0,No,0,0,0,0,0,0,Two year,0,Mailed check,929.2,0,20.64888889,20.35
2482-CZGBB,1,0,0,0,10,1,0,Fiber optic,0,0,0,0,0,0,Month-to-month,1,Electronic check,740,1,74,70
6479-SZPLM,1,0,1,1,36,1,0,No,0,0,0,0,0,0,Two year,0,Credit card (automatic),754.5,0,20.95833333,19.45
8097-VBQTZ,1,0,0,0,54,1,0,DSL,1,1,0,1,1,0,Month-to-month,1,Mailed check,3883.3,0,71.91296296,69.9
4500-HKANN,1,0,1,1,23,1,1,DSL,0,1,0,1,0,0,Two year,0,Mailed check,1414.2,0,61.48695652,59.7
9917-KWRBE,0,0,1,1,41,1,1,DSL,1,1,1,0,1,0,One year,1,Credit card (automatic),3211.2,0,78.32195122,78.35
3420-ZDBMA,1,1,0,0,5,1,0,Fiber optic,0,0,0,0,0,0,Month-to-month,1,Mailed check,371.6,0,74.32,71.45
2212-LYASK,1,0,1,1,27,0,0,DSL,0,1,1,0,0,1,One year,1,Credit card (automatic),1246.4,0,46.16296296,45.85
1393-IMKZG,0,0,0,0,1,1,0,Fiber optic,0,0,0,1,1,1,Month-to-month,1,Electronic check,95.85,0,95.85,95.85
8069-RHUXK,0,0,1,1,67,0,0,DSL,1,0,0,1,0,0,Two year,0,Credit card (automatic),2545.7,0,37.99552239,35.7
3398-GCPMU,0,1,1,1,72,1,1,DSL,1,1,1,1,1,1,Two year,1,Credit card (automatic),6448.85,0,89.56736111,89.55
2908-WGAXL,0,0,1,1,56,1,1,No,0,0,0,0,0,0,Two year,1,Credit card (automatic),1468.9,0,26.23035714,24.95
3378-AJRAO,1,0,1,1,44,1,1,No,0,0,0,0,0,0,One year,0,Electronic check,1013.6,0,23.03636364,24.85
1013-QCWAM,0,1,1,0,66,1,1,Fiber optic,0,1,0,0,1,1,Month-to-month,1,Electronic check,6690.75,0,101.375,100.8
0866-QLSIR,0,0,0,0,34,1,1,DSL,1,1,0,1,0,0,One year,1,Mailed check,2088.75,1,61.43382353,64.4
6050-FFXES,0,0,1,0,69,1,1,Fiber optic,0,0,1,1,1,1,Two year,0,Bank transfer (automatic),7240.65,0,104.9369565,105.35
7181-BQYBV,0,0,1,1,1,1,1,Fiber optic,1,0,1,0,1,1,Month-to-month,1,Electronic check,102.45,1,102.45,102.45
0362-RAOQO,0,0,0,0,40,1,0,No,0,0,0,0,0,0,Two year,0,Credit card (automatic),830.25,0,20.75625,19.65
9554-DFKIC,1,0,1,1,30,1,1,DSL,1,0,0,0,0,0,Month-to-month,1,Bank transfer (automatic),1588.7,0,52.95666667,54.45
5527-ACHSO,0,0,0,0,11,1,0,DSL,0,0,0,1,1,1,Month-to-month,0,Mailed check,829.3,0,75.39090909,70.5
0829-DDVLK,0,0,0,0,15,1,0,No,0,0,0,0,0,0,One year,0,Credit card (automatic),302.45,0,20.16333333,20.1
1399-UBQIU,1,0,0,0,11,1,0,DSL,0,0,1,0,1,1,Month-to-month,1,Electronic check,712.25,0,64.75,69.35
1813-JLKWR,0,0,1,1,64,1,0,No,0,0,0,0,0,0,One year,0,Bank transfer (automatic),1336.65,0,20.88515625,19.8
0336-PIKEI,1,1,1,0,72,1,0,DSL,1,1,1,1,1,0,Two year,0,Bank transfer (automatic),5360.75,0,74.45486111,74.4
7322-OCWHC,1,1,1,0,72,1,1,Fiber optic,1,1,1,1,0,0,Two year,1,Bank transfer (automatic),6735.05,0,93.54236111,93.05
9537-VHDTA,0,0,0,1,1,1,0,DSL,1,0,0,0,0,0,Month-to-month,0,Mailed check,51.2,0,51.2,51.2
4957-TIALW,0,0,0,1,15,1,0,DSL,1,1,1,1,0,0,One year,0,Credit card (automatic),1010,0,67.33333333,65.6
2054-PJOCK,0,0,0,0,60,1,1,DSL,0,0,1,1,1,1,One year,0,Credit card (automatic),4847.05,0,80.78416667,80.55
9150-HEPMB,1,0,0,0,56,1,0,DSL,1,0,1,0,0,0,One year,0,Mailed check,3019.7,0,53.92321429,52.7
9030-QGZNL,0,0,0,0,8,1,0,No,0,0,0,0,0,0,Two year,0,Mailed check,161.65,0,20.20625,20.85
6204-IEUXJ,0,0,0,0,3,1,0,Fiber optic,0,0,1,1,0,0,Month-to-month,0,Credit card (automatic),217.55,1,72.51666667,80.1
3126-WQMGH,0,0,1,0,49,1,1,DSL,0,0,0,0,0,0,Month-to-month,1,Credit card (automatic),2583.75,0,52.72959184,52.15
4529-CKBCL,0,0,0,0,2,1,0,Fiber optic,0,0,0,0,1,0,Month-to-month,1,Electronic check,146.05,1,73.025,80.2
2506-CLAKW,0,0,0,0,6,1,0,Fiber optic,1,1,1,1,0,1,Month-to-month,1,Bank transfer (automatic),567.45,1,94.575,98.15
7176-WRTNX,1,0,0,0,70,1,1,Fiber optic,1,1,1,1,1,1,Two year,1,Bank transfer (automatic),7711.25,0,110.1607143,114.729
1583-IHQZE,1,0,0,0,12,1,1,Fiber optic,0,1,1,1,1,1,Month-to-month,1,Mailed check,1384.75,1,115.3958333,112.95
5732-IKGQH,1,1,1,0,52,1,0,Fiber optic,1,0,1,1,1,1,One year,1,Bank transfer (automatic),5481.25,0,105.4086538,104.45
9239-GZHZE,0,0,1,0,72,1,1,Fiber optic,1,1,1,1,1,1,Two year,1,Credit card (automatic),8124.2,0,112.8361111,113.65
7205-BAIAD,0,0,0,0,40,1,0,No,0,0,0,0,0,0,Two year,1,Bank transfer (automatic),827.3,0,20.6825,20.6
0151-ONTOV,0,0,0,0,1,1,0,Fiber optic,0,0,0,0,0,0,Month-to-month,0,Mailed check,70.9,1,70.9,70.9
4140-MUHUG,0,1,0,0,3,1,0,Fiber optic,0,0,1,0,1,0,Month-to-month,1,Electronic check,220.95,1,73.65,86.85
0093-EXYQL,0,1,0,0,40,1,0,Fiber optic,0,0,0,0,1,1,Month-to-month,1,Electronic check,3673.6,0,91.84,91.55
8064-RAVOH,1,0,0,1,1,1,0,DSL,0,0,1,0,0,0,Month-to-month,1,Electronic check,49.85,0,49.85,49.85
0219-QAERP,1,0,1,0,30,1,0,No,0,0,0,0,0,0,One year,0,Credit card (automatic),576.65,0,19.22166667,19.8
0320-JDNQG,1,0,1,1,23,1,0,Fiber optic,1,0,0,1,1,1,Month-to-month,1,Electronic check,2331.3,1,101.3608696,99.85
7180-PISOG,1,0,1,1,1,1,1,Fiber optic,0,0,0,0,0,0,Month-to-month,1,Electronic check,74.5,1,74.5,74.5
9168-INPSZ,0,1,1,0,44,1,1,Fiber optic,0,0,1,1,1,1,Month-to-month,0,Electronic check,4495.65,0,102.1738636,104.15
3571-RFHAR,1,0,0,0,65,1,1,Fiber optic,0,1,1,1,1,1,Month-to-month,1,Electronic check,6941.2,1,106.7876923,109.15
0015-UOCOJ,0,1,0,0,7,1,0,DSL,1,0,0,0,0,0,Month-to-month,1,Electronic check,340.35,0,48.62142857,48.2
5334-AFQJB,1,1,0,0,72,1,1,No,0,0,0,0,0,0,Two year,1,Credit card (automatic),1789.9,0,24.85972222,25.1
2754-SDJRD,0,1,0,0,8,1,1,Fiber optic,0,0,0,1,1,1,Month-to-month,1,Credit card (automatic),908.55,0,113.56875,100.15
9578-VRMNM,0,0,0,0,16,1,1,DSL,0,0,1,0,0,1,Month-to-month,1,Credit card (automatic),1043.35,1,65.209375,65.2
1587-FKLZB,1,1,1,1,66,1,1,Fiber optic,0,0,1,0,1,1,Month-to-month,1,Credit card (automatic),6822.15,1,103.3659091,99.5
6140-QNRQQ,1,0,0,0,1,1,0,Fiber optic,0,0,0,0,0,0,Month-to-month,1,Mailed check,71.55,1,71.55,71.55
8963-JLGJT,1,0,0,1,3,1,0,DSL,1,0,1,0,0,0,Month-to-month,0,Mailed check,157.55,0,52.51666667,55.9
4307-KTUMW,1,0,1,0,53,1,1,Fiber optic,1,0,1,0,0,1,Month-to-month,0,Electronic check,5029.2,1,94.89056604,93.9
1465-LNTLJ,1,1,1,0,8,1,0,DSL,0,0,1,1,0,1,Month-to-month,1,Credit card (automatic),581.7,0,72.7125,64.4
5440-FLBQG,1,1,1,0,69,1,1,Fiber optic,0,1,1,1,1,1,Two year,1,Bank transfer (automatic),7318.2,1,106.0608696,108.4
2135-DQWAQ,0,0,0,0,5,1,0,Fiber optic,0,1,0,0,1,0,Month-to-month,1,Mailed check,420.45,0,84.09,85.3
4056-QHXHZ,0,0,1,1,72,1,1,Fiber optic,1,0,1,1,1,1,Two year,0,Mailed check,7576.7,0,105.2319444,107.45
7470-MCQTK,0,0,1,0,13,0,0,DSL,0,0,1,0,1,1,Month-to-month,1,Bank transfer (automatic),633.4,1,48.72307692,48.75
7488-MXJIV,0,0,0,0,4,1,1,Fiber optic,0,0,0,0,1,0,Month-to-month,1,Electronic check,321.65,1,80.4125,85.65
7401-JIXNM,0,0,1,1,54,1,1,DSL,1,1,1,1,1,1,Two year,0,Credit card (automatic),4965,0,91.94444444,91.3
9339-FIIJL,1,0,1,0,72,1,1,DSL,0,1,1,1,1,1,Two year,0,Bank transfer (automatic),6151.9,0,85.44305556,85.95
2027-FECZV,1,0,0,0,12,1,1,Fiber optic,0,1,1,0,1,1,Month-to-month,1,Electronic check,1253.9,1,104.4916667,106.7
2672-DZUOY,1,0,0,0,1,0,0,DSL,0,0,0,0,0,0,Month-to-month,1,Electronic check,25.15,1,25.15,25.15
4706-DGAHW,1,1,0,0,1,1,0,DSL,0,0,0,0,0,0,Month-to-month,0,Electronic check,45.2,0,45.2,45.2
3870-MQAMG,0,0,1,0,54,1,1,Fiber optic,0,1,1,1,1,1,One year,0,Electronic check,5893.15,1,109.1324074,110.35
6670-MFRPK,1,0,1,1,69,1,1,Fiber optic,0,0,1,0,0,0,Two year,1,Credit card (automatic),5420.65,0,78.56014493,79.2
6177-PEVRA,0,0,0,0,48,1,0,DSL,1,1,0,0,0,0,Two year,0,Credit card (automatic),2627.35,0,54.73645833,55.5
4800-CZMPC,0,0,1,1,48,1,1,Fiber optic,1,1,0,0,1,1,One year,1,Credit card (automatic),5037.55,1,104.9489583,103.25
4813-HQMGZ,0,0,1,0,8,1,1,Fiber optic,0,0,0,1,0,1,Month-to-month,1,Electronic check,743.75,0,92.96875,90.25
7579-KKLOE,1,0,1,1,71,1,1,DSL,1,1,1,1,1,1,Two year,1,Mailed check,6589.6,0,92.81126761,91.25
7377-DMMRI,1,0,0,0,2,1,0,DSL,1,0,0,0,0,0,Month-to-month,1,Electronic check,92.45,1,46.225,47.8
8402-EIVQS,1,0,1,0,67,1,0,Fiber optic,1,1,0,0,1,1,One year,1,Credit card (automatic),6733.15,0,100.4947761,100.9
4947-DSMXK,1,0,1,1,34,1,1,Fiber optic,0,1,0,0,1,1,Month-to-month,1,Bank transfer (automatic),3410,0,100.2941176,97.7
7245-NIIWQ,0,0,0,0,3,1,0,Fiber optic,0,0,0,0,0,0,Month-to-month,1,Electronic check,199.85,0,66.61666667,69.85
0002-ORFBO,0,0,1,1,9,1,0,DSL,0,1,0,1,1,0,One year,1,Mailed check,593.3,0,65.92222222,65.6
3324-OIRTO,1,0,1,1,71,1,0,Fiber optic,1,1,1,0,1,1,One year,1,Bank transfer (automatic),7288.4,0,102.6535211,104.65
5414-OFQCB,1,0,0,0,57,1,1,Fiber optic,0,0,0,1,1,0,Two year,1,Credit card (automatic),5229.8,0,91.75087719,90.45
4967-WPNCF,1,0,0,0,72,0,0,DSL,1,1,1,1,1,1,Two year,1,Bank transfer (automatic),4464.8,0,62.01111111,63.7
8552-OBVRU,0,1,1,1,48,1,0,Fiber optic,1,0,1,1,1,1,Month-to-month,1,Electronic check,5068.05,0,105.584375,104.5
8499-BRXTD,1,0,0,0,18,1,0,No,0,0,0,0,0,0,One year,0,Mailed check,401.85,0,22.325,20.1
9154-QDGTH,1,0,1,1,43,1,1,Fiber optic,0,0,1,1,1,1,One year,1,Credit card (automatic),4451.85,0,103.5313953,104.3
8197-BFWVU,0,0,1,1,72,1,1,DSL,1,1,1,1,1,1,Two year,1,Bank transfer (automatic),6688.95,0,92.90208333,93.25
2577-GVSIL,1,0,1,1,35,1,1,DSL,0,0,0,1,1,1,One year,1,Bank transfer (automatic),2661.1,0,76.03142857,73.45
9367-OIUXP,1,0,0,0,4,1,0,No,0,0,0,0,0,0,Month-to-month,0,Mailed check,73.05,0,18.2625,20.7
6770-UAYGJ,0,0,1,1,49,1,1,No,0,0,0,0,0,0,Two year,0,Mailed check,1211.65,0,24.72755102,25.25
6463-HHXJR,0,0,1,1,71,1,1,Fiber optic,1,1,1,0,1,0,Two year,0,Bank transfer (automatic),7030.65,0,99.02323944,100.5
7928-VJYAB,1,0,1,1,11,1,0,Fiber optic,0,0,0,0,1,1,Month-to-month,0,Electronic check,1020.2,0,92.74545455,90.6
1187-WILMM,1,0,1,1,63,1,1,DSL,1,1,1,1,1,1,Two year,1,Credit card (automatic),5597.65,0,88.8515873,89.4
9776-OJUZI,0,1,0,0,65,1,1,Fiber optic,0,1,1,0,1,0,Month-to-month,1,Bank transfer (automatic),6223.3,0,95.74307692,95.45
1306-RPWXZ,0,0,0,1,49,1,0,No,0,0,0,0,0,0,Two year,0,Credit card (automatic),1024.65,0,20.91122449,20.45
8949-JTMAY,0,0,0,0,29,1,1,Fiber optic,0,0,1,0,1,1,Month-to-month,1,Credit card (automatic),2933.2,1,101.1448276,98.6
2774-LVQUS,0,1,1,0,15,1,1,Fiber optic,0,0,1,1,0,0,Month-to-month,1,Electronic check,1258.3,1,83.88666667,83.05
3097-PYWXL,0,0,1,1,4,1,0,No,0,0,0,0,0,0,Month-to-month,1,Electronic check,82.9,0,20.725,19.95
2266-SJNAT,0,0,1,0,72,1,1,Fiber optic,0,1,1,1,1,1,One year,0,Credit card (automatic),7789.6,0,108.1888889,109.15
0869-PAPRP,0,1,1,0,26,1,0,Fiber optic,0,0,1,0,1,0,Month-to-month,1,Credit card (automatic),2067,0,79.5,85.7
4238-JSSWH,0,1,1,0,35,1,1,Fiber optic,0,0,1,0,1,1,Month-to-month,0,Bank transfer (automatic),3452.55,0,98.64428571,102.05
2972-YDYUW,0,0,0,0,57,1,1,Fiber optic,0,1,0,1,0,1,One year,0,Electronic check,5468.95,0,95.94649123,94.7
1104-FEJAM,1,0,1,1,28,1,1,DSL,0,1,0,0,0,1,Month-to-month,0,Electronic check,1802.15,0,64.3625,64.4
2809-ILCYT,0,0,1,0,25,1,1,No,0,0,0,0,0,0,One year,1,Mailed check,733.55,0,29.342,26.8
5499-ECUTN,0,0,1,0,47,1,0,DSL,1,0,1,0,1,0,One year,1,Credit card (automatic),3021.45,0,64.28617021,66.05
4981-FLTMF,0,0,1,1,57,1,1,DSL,1,1,0,1,0,0,Month-to-month,0,Bank transfer (automatic),3687.85,0,64.69912281,65.2
9121-PHQSR,1,1,1,0,16,1,1,Fiber optic,0,0,0,0,1,0,Month-to-month,1,Credit card (automatic),1391.15,0,86.946875,85.05
3113-IWHLC,1,0,0,0,5,1,0,DSL,1,0,1,0,0,0,Month-to-month,1,Mailed check,274.35,0,54.87,55.8
3211-ILJTT,1,0,1,0,17,1,0,Fiber optic,0,0,0,0,0,0,Month-to-month,1,Bank transfer (automatic),1214.05,1,71.41470588,70.4
4612-THJBS,0,1,0,0,56,1,1,Fiber optic,0,1,1,0,1,1,One year,1,Bank transfer (automatic),5510.65,1,98.40446429,104.75
4277-BWBML,1,0,1,1,72,1,0,No,0,0,0,0,0,0,Two year,0,Bank transfer (automatic),1322.85,0,18.37291667,19.95
4094-NSEDU,0,1,0,0,21,1,1,Fiber optic,0,0,0,0,1,1,Month-to-month,1,Electronic check,1973.75,1,93.98809524,94.25
0234-TEVTT,0,0,1,1,48,0,0,DSL,1,0,1,0,0,1,One year,0,Credit card (automatic),2196.3,0,45.75625,45
4304-TSPVK,0,0,1,0,68,1,1,Fiber optic,1,1,1,1,1,1,Two year,0,Bank transfer (automatic),7843.55,0,115.3463235,114.729
1552-AAGRX,0,0,0,0,30,1,1,Fiber optic,1,0,0,1,1,1,Month-to-month,0,Bank transfer (automatic),3211.9,0,107.0633333,106.4
2637-FKFSY,0,0,1,0,3,1,0,DSL,0,0,0,0,0,0,Month-to-month,1,Mailed check,130.15,0,43.38333333,46.1
9796-MVYXX,0,1,0,0,14,0,0,DSL,1,0,1,1,0,0,Two year,0,Mailed check,692.35,0,49.45357143,39.7
7874-ECPQJ,0,0,0,1,4,1,0,No,0,0,0,0,0,0,Month-to-month,1,Bank transfer (automatic),85.5,0,21.375,20.05
0020-INWCK,0,0,1,1,71,1,1,Fiber optic,0,1,1,0,0,1,Two year,1,Credit card (automatic),6849.4,0,96.47042254,95.75
7089-RKVSZ,1,0,1,1,8,1,1,No,0,0,0,0,0,0,One year,0,Mailed check,203.95,0,25.49375,24.4
2683-JXWQQ,1,0,1,1,61,0,0,DSL,1,0,1,0,0,0,Month-to-month,0,Bank transfer (automatic),2117.2,0,34.70819672,33.6
9548-ZMVTX,1,0,1,1,72,1,1,Fiber optic,0,1,1,1,0,0,Two year,0,Bank transfer (automatic),6565.85,0,91.19236111,90.45
8739-XNIKG,0,0,0,0,5,1,1,Fiber optic,0,0,0,0,1,0,Month-to-month,1,Electronic check,424.75,0,84.95,84
9755-JHNMN,0,0,0,0,49,1,0,DSL,1,1,1,1,0,0,Two year,0,Bank transfer (automatic),3306.85,0,67.48673469,67.4
3981-QSVQI,1,0,0,0,8,1,0,No,0,0,0,0,0,0,Month-to-month,1,Bank transfer (automatic),168.9,0,21.1125,19.7
2789-HQBOU,1,0,0,0,3,1,0,Fiber optic,0,0,0,0,0,1,Month-to-month,1,Electronic check,253.8,0,84.6,80.35
9424-CMPOG,1,0,1,1,9,1,0,No,0,0,0,0,0,0,Two year,0,Mailed check,197.4,0,21.93333333,19.6
5067-WJEUN,1,0,1,1,67,1,0,DSL,1,1,0,0,0,0,Two year,1,Bank transfer (automatic),3838.2,0,57.28656716,54.2
3450-WXOAT,1,0,0,0,46,1,0,DSL,0,0,0,0,0,0,Month-to-month,1,Credit card (automatic),2065.15,0,44.89456522,45.2
9251-WNSOD,0,0,1,0,67,1,1,DSL,1,1,1,0,0,1,One year,0,Mailed check,5064.45,0,75.58880597,75.1
6974-DAFLI,0,0,1,0,55,1,0,No,0,0,0,0,0,0,One year,0,Electronic check,1140.05,0,20.72818182,19.7
2616-UUTFK,1,0,1,0,33,1,1,DSL,1,1,1,0,1,0,Month-to-month,1,Bank transfer (automatic),2447.45,0,74.16515152,72.75
7064-JHXCE,1,0,1,1,62,1,0,No,0,0,0,0,0,0,Two year,0,Credit card (automatic),1263.9,0,20.38548387,20.05
5103-MHMHY,0,0,0,1,1,1,0,DSL,0,0,0,0,0,0,Month-to-month,0,Mailed check,45.95,1,45.95,45.95
7989-AWGEH,1,0,1,1,49,0,0,DSL,1,0,0,0,0,1,Month-to-month,1,Electronic check,1838.15,0,37.51326531,39.2
4373-VVHQL,1,0,0,0,1,1,0,DSL,0,0,0,0,0,0,Month-to-month,1,Electronic check,44.75,0,44.75,44.75
4559-UWIHT,1,0,1,0,14,1,1,Fiber optic,0,1,1,0,0,0,Month-to-month,1,Electronic check,1185,0,84.64285714,82.65
7268-IGMFD,1,1,0,0,18,1,1,Fiber optic,0,0,1,1,1,0,Month-to-month,0,Bank transfer (automatic),1743.9,0,96.88333333,93.9
1846-XWOQN,0,1,0,0,1,1,0,Fiber optic,0,0,0,0,0,0,Month-to-month,1,Electronic check,70.15,1,70.15,70.15
0235-KGSLC,0,0,0,0,1,1,0,Fiber optic,0,0,1,0,1,0,Month-to-month,1,Credit card (automatic),85.55,1,85.55,85.55
6650-BWFRT,0,0,1,0,72,1,1,Fiber optic,1,1,1,1,1,1,Two year,1,Credit card (automatic),8529.5,0,118.4652778,114.729
9570-KYEUA,1,0,0,0,64,1,1,Fiber optic,1,0,1,1,0,1,Two year,0,Credit card (automatic),6549.45,0,102.3351563,99.25
6993-YGFJV,1,0,1,0,69,1,1,Fiber optic,1,1,1,1,1,1,Two year,1,Bank transfer (automatic),7806.5,0,113.1376812,112.55
2712-SYWAY,0,0,0,0,1,1,1,No,0,0,0,0,0,0,Month-to-month,1,Electronic check,25.7,0,25.7,25.7
0730-BGQGF,1,0,1,1,71,1,1,DSL,1,1,1,1,1,1,Two year,0,Credit card (automatic),6287.3,0,88.55352113,90.3
5498-IBWPI,0,0,1,1,66,1,0,DSL,0,0,0,1,0,0,One year,1,Credit card (automatic),3251.85,0,49.27045455,49.4
9101-NTIXF,1,0,0,0,2,1,0,No,0,0,0,0,0,0,Month-to-month,0,Mailed check,50.6,0,25.3,19.4
0013-SMEOE,0,1,1,0,71,1,0,Fiber optic,1,1,1,1,1,1,Two year,1,Bank transfer (automatic),7904.25,0,111.3274648,109.7
9314-QDMDW,1,0,0,0,11,1,0,DSL,0,1,0,0,1,0,One year,1,Electronic check,729.95,0,66.35909091,61.25
9308-ANMVE,1,0,0,1,47,1,0,DSL,1,1,0,0,0,0,Month-to-month,1,Electronic check,2654.05,0,56.46914894,55.3
2884-GBPFB,0,0,1,0,35,1,0,Fiber optic,0,0,0,0,0,0,Month-to-month,1,Electronic check,2416.55,1,69.04428571,70.3
3757-NJYBX,1,1,1,0,32,1,1,Fiber optic,0,1,1,0,1,1,Month-to-month,0,Bank transfer (automatic),3520.75,1,110.0234375,106.35
3413-DHLPB,1,0,1,1,60,1,1,Fiber optic,0,1,0,1,1,1,Month-to-month,1,Bank transfer (automatic),5969.95,0,99.49916667,103.75
7649-PHJVR,1,0,0,0,11,1,0,No,0,0,0,0,0,0,One year,0,Mailed check,226.8,0,20.61818182,19.5
6114-TCFID,0,0,0,0,29,0,0,DSL,1,1,0,1,0,0,One year,0,Credit card (automatic),1082.75,0,37.3362069,39.5
3787-TRIAL,1,0,1,1,21,0,0,DSL,0,0,0,0,0,0,Month-to-month,1,Electronic check,565.75,0,26.94047619,26.05
2573-GYRUU,1,1,1,0,48,1,1,Fiber optic,0,0,1,0,0,1,Month-to-month,1,Credit card (automatic),4370.75,0,91.05729167,91.05
5156-UMKOW,0,0,0,1,3,0,0,DSL,0,1,0,0,0,0,Month-to-month,0,Mailed check,90.05,0,30.01666667,29.65
1247-QBVSH,0,0,1,1,43,1,0,DSL,0,1,0,0,0,0,Month-to-month,0,Mailed check,2169.4,0,50.45116279,50.2
6734-GMPVK,1,0,0,0,5,1,1,Fiber optic,0,1,1,0,1,1,Month-to-month,0,Electronic check,550.6,0,110.12,105.3
9822-OAOVB,0,0,0,0,1,1,0,DSL,0,0,0,0,0,1,Month-to-month,1,Electronic check,55.45,0,55.45,55.45
6161-ERDGD,1,0,1,1,71,1,1,DSL,1,0,1,1,1,1,One year,0,Electronic check,6300.85,0,88.7443662,85.45
1226-JZNKR,0,0,1,1,8,1,0,No,0,0,0,0,0,0,One year,0,Electronic check,160.05,0,20.00625,19.8
7318-EIVKO,1,0,0,0,8,1,1,DSL,0,0,0,0,1,0,Month-to-month,1,Electronic check,436.6,0,54.575,59.25
3771-PZOBW,1,0,0,0,20,1,1,Fiber optic,0,0,1,0,1,0,Month-to-month,1,Credit card (automatic),1781.35,0,89.0675,90.7
5136-KCKGI,0,0,1,1,33,1,1,Fiber optic,1,0,1,0,1,1,One year,1,Mailed check,3467,1,105.0606061,103.7
8231-BSWXX,1,0,0,0,71,1,1,Fiber optic,0,1,0,0,0,0,One year,1,Credit card (automatic),5552.5,0,78.20422535,79.05
6486-LHTMA,0,1,1,0,31,1,1,Fiber optic,0,0,1,0,1,0,One year,1,Electronic check,2835.5,0,91.46774194,90.7
4083-BFNYK,0,1,1,0,38,1,1,Fiber optic,1,1,0,0,0,1,One year,0,Credit card (automatic),3591.25,0,94.50657895,95
3722-WPXTK,1,0,0,0,1,1,0,Fiber optic,0,0,0,0,1,1,Month-to-month,1,Electronic check,88.35,1,88.35,88.35
7389-KBFIT,0,0,1,1,2,0,0,DSL,0,1,0,0,0,0,Month-to-month,1,Mailed check,63.75,0,31.875,30.25
7176-WIONM,0,0,1,0,12,0,0,DSL,0,0,1,0,1,1,Month-to-month,1,Bank transfer (automatic),617.15,0,51.42916667,49.85
5141-ZUVBH,0,0,0,1,9,1,0,Fiber optic,1,0,1,1,0,1,Month-to-month,0,Bank transfer (automatic),870.25,0,96.69444444,93
1089-HDMKP,1,1,0,1,11,1,0,DSL,0,1,0,1,0,0,Month-to-month,1,Electronic check,601.25,0,54.65909091,54.55
7623-HKYRK,1,0,0,1,6,1,0,No,0,0,0,0,0,0,Month-to-month,0,Mailed check,111.65,0,18.60833333,19.7
0310-SUCIN,0,0,1,0,71,1,0,DSL,1,1,1,1,1,1,One year,1,Bank transfer (automatic),6046.1,0,85.15633803,84.8
5197-PYEPU,0,0,1,1,42,1,1,Fiber optic,1,1,0,0,1,0,One year,1,Credit card (automatic),3923.8,0,93.42380952,94.45
2929-ERCFZ,0,0,1,1,8,1,0,Fiber optic,0,0,1,0,1,1,Month-to-month,1,Electronic check,777.3,1,97.1625,94.2
7548-SEPYI,0,0,0,0,5,1,0,Fiber optic,0,1,0,0,1,1,Month-to-month,1,Electronic check,512.45,1,102.49,96.25
8835-VSDSE,0,0,1,0,2,1,0,Fiber optic,0,0,0,0,0,0,Month-to-month,1,Electronic check,141.45,1,70.725,70.7
6619-RPLQZ,0,0,1,1,45,1,0,No,0,0,0,0,0,0,Two year,0,Mailed check,892.15,0,19.82555556,20.85
3275-RHRNE,1,0,1,1,28,0,0,DSL,0,1,1,1,1,1,One year,1,Credit card (automatic),1682.05,0,60.07321429,60
3503-TYDAY,0,0,1,0,43,1,1,Fiber optic,0,1,0,0,0,0,Month-to-month,0,Electronic check,3398.9,0,79.04418605,80.45
6901-GOGZG,1,0,0,1,60,1,1,DSL,1,0,1,1,1,1,Two year,1,Electronic check,4984.85,0,83.08083333,84.95
1623-NLDOT,0,0,1,0,42,0,0,DSL,0,1,0,1,0,0,One year,0,Mailed check,1445.3,1,34.41190476,33.55
7021-XSNYE,1,0,1,1,7,0,0,DSL,1,0,1,1,0,1,Two year,0,Credit card (automatic),305.55,0,43.65,49.65
9621-OUPYD,0,0,1,0,25,1,0,No,0,0,0,0,0,0,One year,1,Bank transfer (automatic),507.9,0,20.316,20.2
9898-KZQDZ,0,1,1,1,40,1,1,Fiber optic,0,0,0,0,1,1,Month-to-month,1,Credit card (automatic),3640.45,1,91.01125,94.55
8982-NHAVY,1,0,0,0,27,1,1,Fiber optic,0,0,1,0,1,1,One year,1,Bank transfer (automatic),2673.45,0,99.01666667,100.5
4307-KWMXE,1,0,0,0,10,0,0,DSL,0,1,0,1,0,0,Month-to-month,0,Electronic check,389.8,0,38.98,35.75
0141-YEAYS,0,1,0,0,27,1,1,Fiber optic,0,1,1,0,0,0,Month-to-month,1,Bank transfer (automatic),2401.05,0,88.92777778,86.45
2450-ZKEED,0,0,0,0,11,1,0,DSL,0,0,1,1,0,0,One year,0,Bank transfer (automatic),651.55,0,59.23181818,53.8
3694-DELSO,1,0,1,1,4,0,0,DSL,1,0,0,0,1,0,Month-to-month,0,Credit card (automatic),156.1,0,39.025,38.55
3893-JRNFS,1,0,0,0,68,0,0,DSL,0,0,1,0,0,1,Month-to-month,1,Bank transfer (automatic),2796.35,0,41.12279412,39.9
9603-OAIHC,1,1,0,0,1,1,0,Fiber optic,0,0,0,0,0,0,Month-to-month,1,Electronic check,70.05,0,70.05,70.05
1133-KXCGE,0,0,0,0,18,1,0,No,0,0,0,0,0,0,One year,0,Mailed check,407.05,0,22.61388889,20.1
5236-PERKL,0,0,0,0,57,1,1,Fiber optic,1,1,1,0,1,1,Two year,1,Bank transfer (automatic),6465,1,113.4210526,112.95
0142-GVYSN,1,0,0,0,26,1,0,No,0,0,0,0,0,0,Month-to-month,1,Electronic check,511.25,0,19.66346154,20.3
1049-FYSYG,0,0,1,0,17,0,0,DSL,0,1,1,0,0,0,Month-to-month,1,Credit card (automatic),646.05,0,38.00294118,35.65
7854-FOKSF,1,0,0,0,1,0,0,DSL,0,0,0,0,0,1,Month-to-month,0,Electronic check,35.9,1,35.9,35.9
2519-FAKOD,1,0,0,1,38,1,1,Fiber optic,0,0,1,0,1,1,Month-to-month,1,Bank transfer (automatic),3777.15,1,99.39868421,99.25
8406-LNMHF,1,1,1,0,59,1,0,Fiber optic,1,1,1,0,0,0,One year,1,Credit card (automatic),4903.15,0,83.10423729,82.95
1821-BUCWY,1,0,0,0,30,1,0,DSL,1,0,1,0,0,0,Two year,1,Mailed check,1653.85,0,55.12833333,55.65
8263-JQAIK,1,1,0,0,2,0,0,DSL,0,0,0,0,0,0,Month-to-month,1,Mailed check,47.5,1,23.75,24.45
0023-UYUPN,0,1,1,0,50,1,1,No,0,0,0,0,0,0,One year,0,Electronic check,1306.3,0,26.126,25.2
8314-DPQHL,1,0,0,0,9,0,0,DSL,1,0,1,1,0,1,One year,0,Mailed check,463.6,0,51.51111111,50.8
1465-WCZVT,0,0,1,1,3,1,0,No,0,0,0,0,0,0,Month-to-month,0,Mailed check,60.65,0,20.21666667,19.65
9481-SFCQY,0,0,0,1,14,1,0,DSL,0,0,1,0,1,0,Month-to-month,1,Credit card (automatic),824.85,0,58.91785714,59.8
6360-SVNWV,0,1,0,0,31,1,0,Fiber optic,1,0,0,0,0,0,Month-to-month,1,Credit card (automatic),2094.65,0,67.56935484,73.55
0567-GGCAC,0,0,0,0,7,1,0,DSL,1,1,1,0,0,0,Month-to-month,0,Electronic check,438.9,0,62.7,61.4
7089-IVVAZ,0,0,0,0,8,1,1,Fiber optic,1,0,0,1,1,1,Month-to-month,1,Bank transfer (automatic),847.3,1,105.9125,103.35
8884-MRNSU,1,0,1,1,17,1,0,No,0,0,0,0,0,0,One year,0,Bank transfer (automatic),329.75,0,19.39705882,19.9
2171-UDMFD,1,0,1,1,32,1,0,No,0,0,0,0,0,0,Month-to-month,1,Credit card (automatic),674.55,0,21.0796875,19.45
9050-IKDZA,0,1,0,0,2,1,0,Fiber optic,0,0,0,0,1,0,Month-to-month,0,Mailed check,162.55,0,81.275,81.5
2205-YMZZJ,1,1,0,0,7,1,1,Fiber optic,0,0,0,0,1,0,Month-to-month,1,Electronic check,546.95,1,78.13571429,84.8
9802-CAQUT,0,0,1,1,72,1,1,Fiber optic,1,1,1,0,1,1,Two year,0,Credit card (automatic),7887.25,0,109.5451389,109.55
1254-IZEYF,0,1,0,0,31,1,1,Fiber optic,0,1,0,0,1,1,Month-to-month,1,Electronic check,3186.65,1,102.7951613,99.95
0187-WZNAB,0,0,1,1,27,1,0,Fiber optic,1,0,0,0,0,0,Month-to-month,0,Mailed check,1972.35,0,73.05,74.4
9492-TOKRI,0,0,0,0,18,1,1,Fiber optic,0,1,0,0,1,0,Month-to-month,1,Credit card (automatic),1527.35,1,84.85277778,90
1475-VWVDO,1,0,0,0,7,1,0,Fiber optic,0,0,1,0,0,0,Month-to-month,1,Electronic check,490.55,0,70.07857143,74.9
9221-OTIVJ,0,1,0,0,14,1,1,Fiber optic,0,1,1,0,1,1,Month-to-month,1,Electronic check,1531.4,1,109.3857143,104.85
1357-MVDOZ,1,0,1,1,11,1,0,DSL,0,0,1,0,1,0,Month-to-month,1,Bank transfer (automatic),683.25,0,62.11363636,59.65
7602-MVRMB,0,0,1,1,72,1,1,Fiber optic,1,0,1,1,1,1,Two year,1,Bank transfer (automatic),8058.85,0,111.9284722,110.45
3325-FUYCG,1,0,1,1,28,1,1,Fiber optic,1,1,0,0,1,1,One year,0,Electronic check,2847.4,1,101.6928571,106.1
5908-QMGOE,1,1,0,0,15,1,1,Fiber optic,0,0,0,0,0,0,Month-to-month,1,Credit card (automatic),1133.9,1,75.59333333,74.2
1197-BVMVG,0,1,0,0,4,1,1,Fiber optic,0,0,0,0,0,0,Month-to-month,1,Electronic check,294.45,0,73.6125,74.45
5406-KGRMX,0,0,0,0,71,1,1,No,0,0,0,0,0,0,Two year,0,Electronic check,1719.15,0,24.21338028,24.55
8481-YYXWG,0,0,0,0,5,1,0,Fiber optic,0,1,0,1,0,1,Month-to-month,1,Electronic check,461.7,1,92.34,89.35
5968-HYJRZ,1,0,1,1,47,1,1,No,0,0,0,0,0,0,Two year,0,Mailed check,1160.45,0,24.69042553,24.55
5198-EFNBM,1,1,1,0,57,1,0,Fiber optic,0,1,1,0,1,0,One year,1,Electronic check,5199.8,0,91.2245614,90.65
7516-GMHUV,1,1,1,0,50,1,1,Fiber optic,1,0,1,0,1,1,Two year,1,Credit card (automatic),5163.3,0,103.266,105.05
7140-ADSMJ,1,0,0,0,8,1,0,No,0,0,0,0,0,0,Month-to-month,1,Credit card (automatic),162.3,0,20.2875,20.45
2230-XTUWL,0,0,1,1,48,1,0,No,0,0,0,0,0,0,Two year,0,Mailed check,883.35,0,18.403125,19.55
7706-YLMQA,0,0,0,0,70,1,0,No,0,0,0,0,0,0,One year,0,Bank transfer (automatic),1341.5,0,19.16428571,19.7
2585-KTFRE,1,0,0,1,1,1,0,DSL,1,1,0,1,0,1,Month-to-month,1,Bank transfer (automatic),70.45,0,70.45,70.45
7994-UYIVZ,1,0,1,0,8,1,1,Fiber optic,0,0,0,0,0,1,Month-to-month,1,Bank transfer (automatic),659.45,0,82.43125,85.65
2609-IAICY,0,0,0,0,1,1,1,Fiber optic,0,0,0,0,0,0,Month-to-month,1,Electronic check,77.15,1,77.15,77.15
1740-CSDJP,1,0,0,0,1,0,0,DSL,0,0,0,0,0,1,Month-to-month,1,Bank transfer (automatic),35.25,1,35.25,35.25
7717-BICXI,1,0,1,1,60,1,0,No,0,0,0,0,0,0,Two year,0,Mailed check,1205.05,0,20.08416667,20.55
6559-RAKOZ,1,0,1,1,49,1,1,Fiber optic,0,0,0,1,1,1,One year,1,Electronic check,4917.9,0,100.3653061,97.95
2636-OHFMN,1,0,1,0,4,0,0,DSL,0,1,0,0,1,1,Month-to-month,1,Electronic check,201,1,50.25,48.55
4716-MRVEN,0,0,0,0,29,1,0,No,0,0,0,0,0,0,One year,0,Mailed check,599.3,0,20.66551724,20
2143-LJULT,0,0,1,0,67,1,1,No,0,0,0,0,0,0,Two year,1,Credit card (automatic),1733.15,0,25.86791045,25.25
1323-OOEPC,0,0,1,0,53,1,1,Fiber optic,0,1,0,0,1,1,Month-to-month,1,Credit card (automatic),5149.5,1,97.16037736,98.4
3200-MNQTF,1,0,1,0,67,1,1,DSL,1,1,1,1,0,0,Two year,0,Credit card (automatic),4677.1,0,69.80746269,70.9
6164-HXUGH,0,0,1,1,6,1,0,No,0,0,0,0,0,0,Month-to-month,0,Mailed check,119.3,0,19.88333333,19.85
5630-IXDXV,0,0,0,0,47,1,1,Fiber optic,0,1,1,0,1,1,Month-to-month,1,Electronic check,4849.1,0,103.1723404,106.35
0320-DWVTU,0,0,0,0,53,1,0,Fiber optic,1,1,1,1,0,1,Two year,0,Mailed check,5424.25,0,102.3443396,99.5
9135-MGVPY,1,0,1,0,69,1,0,DSL,1,1,1,1,1,1,Two year,1,Mailed check,5878.9,0,85.20144928,84.7
1212-GLHMD,1,0,0,0,3,1,0,Fiber optic,1,0,0,0,0,1,Month-to-month,1,Mailed check,244.85,0,81.61666667,86.05
7878-JGDKK,1,0,0,0,4,1,0,DSL,0,0,0,0,0,0,Month-to-month,0,Mailed check,220.75,0,55.1875,44.55
1088-AUUZZ,1,0,1,1,56,1,1,DSL,1,1,0,1,0,1,Two year,1,Credit card (automatic),4261.2,0,76.09285714,75.85
0397-GZBBC,1,1,1,0,59,1,1,Fiber optic,0,0,0,0,1,1,Month-to-month,1,Bank transfer (automatic),5574.75,1,94.48728814,93.85
6614-YWYSC,1,1,1,0,61,1,1,No,0,0,0,0,0,0,Two year,0,Bank transfer (automatic),1501.75,0,24.61885246,25
9588-OZDMQ,0,0,1,0,2,1,0,DSL,0,0,0,0,0,0,Month-to-month,1,Electronic check,89.75,0,44.875,45
7641-EUYET,1,1,1,1,46,1,1,Fiber optic,1,1,1,0,1,0,Month-to-month,1,Electronic check,4541.2,1,98.72173913,100.7
6476-EPYZR,1,0,1,1,12,1,0,No,0,0,0,0,0,0,Month-to-month,0,Mailed check,255.5,0,21.29166667,20.5
9921-ZVRHG,0,0,0,0,14,1,1,Fiber optic,0,0,1,0,0,0,Month-to-month,1,Electronic check,1072,1,76.57142857,80.45
1174-FGIFN,0,0,1,1,28,1,1,Fiber optic,0,0,0,1,0,1,One year,1,Electronic check,2509.25,0,89.61607143,90.45
6620-HVDUJ,1,0,0,0,24,1,0,DSL,1,1,0,1,0,0,Month-to-month,0,Bank transfer (automatic),1440.75,0,60.03125,60.45
4701-MLJPN,1,0,0,0,31,1,0,DSL,0,0,1,1,0,0,Month-to-month,1,Electronic check,1715.65,1,55.34354839,55.25
1032-MAELW,0,0,1,1,68,1,1,DSL,1,1,1,1,0,1,One year,1,Electronic check,5333.35,0,78.43161765,78.45
7641-TQFHN,1,0,0,1,39,1,1,Fiber optic,0,0,0,1,1,1,Two year,0,Mailed check,3895.35,0,99.88076923,100.55
1552-TKMXS,0,0,1,0,42,1,0,No,0,0,0,0,0,0,Month-to-month,0,Credit card (automatic),869.9,0,20.71190476,20.35
9206-GVPEQ,1,0,1,0,13,0,0,DSL,1,0,0,1,1,1,Month-to-month,1,Electronic check,706.85,1,54.37307692,54.45
8622-ZLFKO,0,0,1,0,6,1,1,Fiber optic,0,1,0,0,0,1,Month-to-month,1,Electronic check,512.25,0,85.375,90.75
1596-BBVTG,1,0,0,0,35,1,1,Fiber optic,0,0,0,0,0,0,Month-to-month,0,Credit card (automatic),2636.05,1,75.31571429,75.35
6188-UXBBR,0,0,1,0,38,1,0,No,0,0,0,0,0,0,One year,1,Credit card (automatic),814.75,0,21.44078947,20.25
2333-KWEWW,1,0,0,0,18,1,0,No,0,0,0,0,0,0,Two year,0,Credit card (automatic),388.6,0,21.58888889,20.05
5702-SKUOB,0,0,1,0,4,1,0,No,0,0,0,0,0,0,Month-to-month,0,Mailed check,93.45,0,23.3625,19.6
1134-YWTYF,1,0,1,0,27,1,0,DSL,0,1,0,1,0,0,Month-to-month,1,Electronic check,1389.85,0,51.47592593,53.8
6061-GWWAV,1,0,0,1,41,1,0,DSL,1,1,1,0,1,0,One year,0,Mailed check,2894.55,0,70.59878049,70.2
0679-TDGAK,1,0,1,1,50,1,0,DSL,1,0,0,1,1,1,One year,0,Electronic check,4025.6,0,80.512,75.5
6585-WCEWR,1,0,1,1,72,1,0,No,0,0,0,0,0,0,Two year,0,Electronic check,1354.4,0,18.81111111,20.35
9067-YGSCA,0,0,0,0,70,1,1,No,0,0,0,0,0,0,One year,0,Credit card (automatic),1856.4,0,26.52,26.05
9067-SQTNS,1,0,1,1,44,1,0,No,0,0,0,0,0,0,One year,0,Bank transfer (automatic),926,0,21.04545455,20.6
8433-WXGNA,1,0,0,0,2,1,0,Fiber optic,1,0,0,0,0,0,Month-to-month,1,Electronic check,189.2,1,94.6,75.7
1776-SPBWV,0,0,1,1,34,1,0,No,0,0,0,0,0,0,One year,1,Bank transfer (automatic),682.1,0,20.06176471,20.1
8735-SDUFN,0,1,1,0,72,1,1,No,0,0,0,0,0,0,Two year,0,Bank transfer (automatic),1778.7,0,24.70416667,24.3
9668-PUGNU,1,0,1,0,71,1,1,No,0,0,0,0,0,0,Two year,1,Electronic check,1816.2,0,25.58028169,24.5
9405-GPBBG,0,0,0,0,64,1,1,Fiber optic,0,1,1,1,1,1,Two year,1,Credit card (automatic),7069.25,0,110.4570313,110.5
1926-QUZNN,0,0,1,0,72,1,1,No,0,0,0,0,0,0,Two year,1,Bank transfer (automatic),1841.2,0,25.57222222,25.25
3707-GNWHM,1,0,0,0,1,1,1,Fiber optic,0,0,0,0,0,0,Month-to-month,1,Mailed check,74.25,1,74.25,74.25
7016-NVRIC,1,1,1,0,29,1,0,Fiber optic,1,0,1,0,0,1,One year,0,Bank transfer (automatic),2656.7,0,91.61034483,90.1
5829-NVSQN,0,0,1,0,23,1,0,DSL,1,0,1,1,0,1,One year,1,Bank transfer (automatic),1689.45,0,73.45434783,68.75
9565-AXSMR,1,0,1,1,52,1,0,No,0,0,0,0,0,0,Two year,0,Mailed check,1054.75,0,20.28365385,19.2
8922-LIEGH,0,1,0,0,25,1,1,Fiber optic,0,1,0,0,0,1,Month-to-month,1,Electronic check,2187.55,1,87.502,89.7
8869-LIHMK,0,0,0,0,64,1,1,Fiber optic,1,1,1,1,1,1,Two year,1,Bank transfer (automatic),7334.05,0,114.5945313,114.729
8245-UMPYT,0,1,0,0,16,1,1,Fiber optic,0,0,0,0,1,1,Month-to-month,1,Electronic check,1581.2,1,98.825,96.4
5186-SAMNZ,1,1,0,0,1,1,0,Fiber optic,0,0,0,0,0,0,Month-to-month,1,Bank transfer (automatic),69.5,1,69.5,69.5
0447-RXSGD,1,0,0,0,24,1,1,Fiber optic,0,1,0,0,1,1,Month-to-month,1,Bank transfer (automatic),2404.85,0,100.2020833,99.65
4927-WWOOZ,1,0,1,0,2,1,1,Fiber optic,0,0,1,0,1,0,Month-to-month,1,Electronic check,171.45,0,85.725,91.45
5788-YPOEG,0,0,1,1,34,1,0,DSL,1,1,1,1,1,1,Two year,0,Mailed check,2839.45,0,83.51323529,84.75
5373-SFODM,1,1,1,0,36,1,1,Fiber optic,0,0,0,0,0,1,Month-to-month,1,Credit card (automatic),3132.75,1,87.02083333,85.25
0661-KBKPA,1,0,1,1,53,1,1,DSL,0,0,1,1,1,1,One year,1,Mailed check,3942.45,0,74.38584906,78.75
9081-WWXKP,0,0,1,1,47,1,0,No,0,0,0,0,0,0,Two year,0,Credit card (automatic),873.4,0,18.58297872,20.25
0784-ZQJZX,1,0,0,1,72,1,0,No,0,0,0,0,0,0,Two year,0,Credit card (automatic),1529.65,0,21.24513889,19.9
3133-PZNSR,1,0,1,1,72,1,1,Fiber optic,1,1,0,1,0,1,Two year,1,Credit card (automatic),6991.6,0,97.10555556,97.75
5766-ZJYBB,1,0,0,0,1,1,0,No,0,0,0,0,0,0,Month-to-month,0,Mailed check,19.4,1,19.4,19.4
8931-GJJIQ,0,0,0,0,9,1,1,Fiber optic,0,0,0,0,0,1,Month-to-month,1,Electronic check,803.3,1,89.25555556,83.3
4277-PVRAN,0,0,0,0,8,1,0,Fiber optic,0,0,0,0,1,0,Month-to-month,1,Bank transfer (automatic),679.3,1,84.9125,80.1
0022-TCJCI,1,1,0,0,45,1,0,DSL,1,0,1,0,0,1,One year,0,Credit card (automatic),2791.5,1,62.03333333,62.7
0722-SVSFK,0,0,0,0,7,1,0,Fiber optic,0,0,1,1,1,1,Month-to-month,1,Electronic check,715,0,102.1428571,100.4
3612-YVGSJ,0,0,1,0,71,1,1,No,0,0,0,0,0,0,Two year,1,Credit card (automatic),1681.6,0,23.68450704,24.45
9825-YCXWZ,0,1,0,0,41,1,0,Fiber optic,0,0,1,1,1,1,One year,1,Bank transfer (automatic),4016.2,0,97.95609756,101.1
5397-NSKQG,1,0,1,1,67,0,0,DSL,1,0,0,0,1,1,Two year,0,Credit card (automatic),3281.65,0,48.97985075,50.9
8565-HBFNN,1,0,1,0,69,1,1,Fiber optic,1,1,1,1,0,1,One year,1,Credit card (automatic),7317.1,0,106.0449275,107.2
2000-DHJUY,0,1,1,0,70,1,1,DSL,1,1,1,1,1,1,Two year,1,Bank transfer (automatic),6474.45,0,92.49214286,92.2
0203-HHYIJ,1,0,0,0,25,1,1,No,0,0,0,0,0,0,One year,0,Bank transfer (automatic),676.35,1,27.054,25.3
8670-ERCJH,1,0,0,0,72,1,1,Fiber optic,1,1,1,1,1,1,Two year,0,Bank transfer (automatic),8164.1,0,113.3902778,113.4
7758-UJWYS,1,0,1,1,34,0,0,DSL,0,0,0,1,1,0,Two year,1,Electronic check,1325.85,0,38.99558824,40.55
2050-ONYDQ,0,0,1,1,65,1,1,No,0,0,0,0,0,0,Two year,0,Credit card (automatic),1654.85,0,25.45923077,26
7055-JCGNI,0,0,0,0,70,1,1,Fiber optic,1,1,1,1,1,1,Two year,1,Credit card (automatic),7795.95,0,111.3707143,111.95
0739-UUAJR,0,0,1,1,72,0,0,DSL,1,0,1,0,1,1,Two year,1,Credit card (automatic),3952.45,0,54.89513889,53.8
4826-DXMUP,1,0,0,1,35,1,0,DSL,0,0,0,1,1,1,One year,1,Mailed check,2495.15,0,71.29,72.1
0952-KMEEH,1,0,0,0,13,1,1,Fiber optic,1,0,0,0,1,1,Month-to-month,0,Mailed check,1230.25,1,94.63461538,98.15
7285-KLOTR,0,0,1,0,12,1,1,DSL,1,0,1,0,1,1,One year,0,Electronic check,876.75,0,73.0625,78.85
0654-PQKDW,0,0,1,1,62,1,0,DSL,1,0,1,1,1,0,One year,1,Bank transfer (automatic),4263.45,0,68.76532258,70.75
7175-NTIXE,0,0,0,0,25,1,0,DSL,1,0,0,1,1,1,Month-to-month,1,Credit card (automatic),1992.95,0,79.718,76.15
7963-SHNDT,0,0,0,0,52,0,0,DSL,1,1,0,1,0,0,Two year,0,Mailed check,1982.1,0,38.11730769,39.1
9796-BPKIW,1,1,0,0,8,1,0,Fiber optic,0,0,0,0,0,0,Month-to-month,1,Credit card (automatic),562.7,0,70.3375,69.95
0188-GWFLE,1,0,0,0,2,1,0,No,0,0,0,0,0,0,Month-to-month,0,Mailed check,33.7,0,16.85,20.05
8129-GMVGI,0,0,1,1,56,1,0,No,0,0,0,0,0,0,Two year,0,Mailed check,1090.1,0,19.46607143,20.05
2882-DDZPG,0,0,0,0,12,1,0,No,0,0,0,0,0,0,Month-to-month,0,Bank transfer (automatic),227.45,0,18.95416667,19.45
3547-LQRIK,0,0,1,0,47,1,1,No,0,0,0,0,0,0,One year,0,Electronic check,1250.85,0,26.61382979,26.9
9137-NOQKA,1,1,0,0,2,1,0,No,0,0,0,0,0,0,Month-to-month,0,Electronic check,37.2,0,18.6,19.2
5843-TTHGI,0,0,0,0,18,1,0,DSL,0,0,1,0,0,0,Month-to-month,1,Mailed check,892.7,0,49.59444444,50
1849-RJYIG,0,0,0,0,8,1,0,DSL,1,0,0,0,1,0,Month-to-month,1,Electronic check,487.75,0,60.96875,60
8868-GAGIO,1,0,1,0,45,1,1,Fiber optic,1,0,1,0,0,0,Month-to-month,1,Mailed check,3713.95,0,82.53222222,84.55
4061-UKJWL,1,0,0,0,3,1,0,DSL,0,0,0,0,0,0,Month-to-month,0,Mailed check,141.7,0,47.23333333,45.45
5380-XPJNZ,0,0,0,0,38,1,0,No,0,0,0,0,0,0,One year,0,Mailed check,678.2,0,17.84736842,20.05
8263-QMNTJ,1,0,1,0,72,1,1,Fiber optic,1,1,1,1,1,1,Two year,1,Electronic check,8425.3,0,117.0180556,114.729
8178-EYZUO,1,0,0,0,46,1,1,Fiber optic,1,1,0,0,0,1,Month-to-month,1,Electronic check,4154.8,1,90.32173913,93.7
3230-JCNZS,0,0,1,1,71,1,1,Fiber optic,1,1,1,0,1,0,Two year,1,Credit card (automatic),7061.65,0,99.45985915,99
0277-ORXQS,1,0,1,1,66,0,0,DSL,0,0,0,1,1,1,Two year,0,Bank transfer (automatic),3364.55,0,50.9780303,50.55
5130-IEKQT,1,1,0,0,25,1,1,Fiber optic,0,1,1,0,1,1,Month-to-month,0,Mailed check,2655.25,1,106.21,105.95
3230-WYKIR,1,0,0,0,18,1,1,DSL,0,0,1,1,1,1,One year,1,Credit card (automatic),1425.45,1,79.19166667,82
7996-BPXHY,0,0,1,1,13,1,1,No,0,0,0,0,0,0,Two year,1,Bank transfer (automatic),332.5,0,25.57692308,25
3227-WLKLI,0,0,1,1,65,1,1,DSL,1,1,1,1,1,1,Two year,0,Bank transfer (automatic),5963.95,0,91.75307692,91.55
0407-BDJKB,1,0,1,0,60,1,1,Fiber optic,0,1,1,0,1,0,Month-to-month,1,Electronic check,5742.9,1,95.715,95.75
2266-FUBDZ,1,0,1,1,15,1,0,No,0,0,0,0,0,0,Two year,0,Mailed check,278.85,0,18.59,19.35
8237-ULIXL,0,0,1,0,72,1,1,No,0,0,0,0,0,0,Two year,0,Credit card (automatic),1871.85,0,25.99791667,24.85
9600-UDOPK,1,0,1,0,30,1,1,Fiber optic,0,0,0,0,1,1,Month-to-month,1,Credit card (automatic),2866.45,1,95.54833333,94.05
8216-AZUUZ,0,0,1,1,42,1,0,Fiber optic,0,0,1,1,1,1,Two year,1,Electronic check,4303.65,0,102.4678571,100.4
9153-BTBVV,0,0,1,0,71,1,1,No,0,0,0,0,0,0,Two year,0,Bank transfer (automatic),1753,0,24.69014085,25
4074-SJFFA,0,0,0,0,1,1,0,DSL,0,0,0,0,0,1,Month-to-month,1,Mailed check,54.75,1,54.75,54.75
3269-ATYWD,1,1,0,0,39,1,1,Fiber optic,0,0,0,0,1,1,Month-to-month,1,Bank transfer (automatic),3759.05,1,96.38589744,95.65
5186-PEIZU,0,0,0,0,35,1,0,No,0,0,0,0,0,0,Month-to-month,0,Bank transfer (automatic),617.65,0,17.64714286,19.25
1074-AMIOH,0,0,1,1,53,1,0,Fiber optic,0,1,1,1,1,1,Month-to-month,1,Bank transfer (automatic),5935.1,0,111.9830189,108.25
4910-GMJOT,0,0,0,0,1,1,1,Fiber optic,0,0,0,0,1,1,Month-to-month,1,Electronic check,94.6,1,94.6,94.6
0354-WYROK,0,1,1,1,31,1,0,Fiber optic,0,0,1,1,1,1,Month-to-month,1,Electronic check,2911.3,1,93.91290323,98.9
4361-FEBGN,1,0,0,0,48,1,0,No,0,0,0,0,0,0,Two year,0,Credit card (automatic),982.95,0,20.478125,20.15
7748-UMTRK,0,1,0,1,30,1,1,Fiber optic,0,0,0,1,1,1,Month-to-month,1,Electronic check,2974.5,0,99.15,101.3
0380-ZCSBI,1,0,0,0,10,1,0,No,0,0,0,0,0,0,Month-to-month,0,Credit card (automatic),198.7,0,19.87,20
7145-FEJWU,0,0,0,1,12,1,1,Fiber optic,0,1,1,0,1,1,Month-to-month,1,Electronic check,1275.65,0,106.3041667,105.3
6463-MVYRY,0,1,0,0,57,1,0,DSL,1,0,1,1,1,0,Two year,0,Bank transfer (automatic),4003,0,70.22807018,69.85
3969-JQABI,0,0,1,0,58,1,0,DSL,1,1,0,0,1,0,Month-to-month,1,Credit card (automatic),3791.6,0,65.37241379,65.25
9624-EGDEQ,0,0,0,0,37,1,0,No,0,0,0,0,0,0,Two year,0,Mailed check,813.3,0,21.98108108,19.8
1051-EQPZR,0,0,1,1,44,1,0,No,0,0,0,0,0,0,Month-to-month,0,Mailed check,780.25,0,17.73295455,19.6
5849-ASHZJ,1,0,0,1,27,1,0,No,0,0,0,0,0,0,One year,0,Credit card (automatic),552.9,0,20.47777778,20.05
5780-INQIK,0,0,0,0,8,1,0,DSL,0,0,0,1,0,0,Month-to-month,0,Electronic check,408.25,0,51.03125,49.4
7576-OYWBN,1,1,0,0,3,1,1,Fiber optic,0,0,0,0,0,0,Month-to-month,1,Electronic check,231.8,1,77.26666667,76.05
4526-ZJJTM,0,1,1,0,25,1,0,Fiber optic,0,1,1,0,0,1,Month-to-month,0,Bank transfer (automatic),2191.15,0,87.646,88.4
8384-FZBJK,0,0,1,1,57,1,1,Fiber optic,0,1,0,0,1,1,Month-to-month,1,Electronic check,5611.7,0,98.45087719,100.6
3750-RNQKR,0,0,0,0,12,1,0,No,0,0,0,0,0,0,Month-to-month,0,Mailed check,246.25,0,20.52083333,19.45
0962-CQPWQ,0,0,1,1,62,1,0,No,0,0,0,0,0,0,Two year,0,Bank transfer (automatic),1296.15,0,20.90564516,20.3
3096-YXENJ,0,0,1,0,65,1,1,Fiber optic,0,1,1,1,1,1,Two year,1,Bank transfer (automatic),7082.85,0,108.9669231,107.65
1265-BCFEO,0,0,1,0,71,1,1,DSL,0,0,1,1,1,1,Two year,1,Bank transfer (automatic),5662.25,0,79.75,80.45
5837-LXSDN,0,0,1,1,21,1,0,DSL,0,1,0,0,1,0,One year,1,Credit card (automatic),1215.45,0,57.87857143,58.85
5945-AZYHT,1,0,1,0,71,1,1,Fiber optic,1,1,1,0,1,1,One year,1,Electronic check,7854.15,0,110.621831,109.6
8325-QRPZR,0,0,0,0,7,1,0,Fiber optic,0,0,1,0,0,0,Month-to-month,1,Electronic check,525,0,75,75.15
6384-VMJHP,0,0,0,0,72,1,0,DSL,1,1,1,1,0,1,Two year,1,Credit card (automatic),5265.2,0,73.12777778,73
2262-SLNVK,0,0,0,0,1,1,0,Fiber optic,0,0,0,0,0,0,Month-to-month,0,Electronic check,70.1,0,70.1,70.1
7730-CLDSV,0,0,1,1,72,1,1,Fiber optic,0,1,1,1,0,1,Two year,1,Bank transfer (automatic),7129.45,0,99.02013889,98.65
1135-HIORI,0,0,1,1,64,1,1,Fiber optic,0,1,1,1,1,1,One year,1,Electronic check,7266.95,0,113.5460938,111.45
0164-APGRB,0,0,0,0,72,1,1,Fiber optic,1,1,1,1,1,1,Two year,1,Electronic check,8496.7,0,118.0097222,114.729
6481-ESCNL,0,0,0,0,29,1,1,Fiber optic,0,0,1,0,1,1,Month-to-month,0,Bank transfer (automatic),2878.75,0,99.26724138,100.55
1790-NESIO,0,0,0,0,13,1,0,No,0,0,0,0,0,0,Two year,1,Mailed check,261.3,0,20.1,20.4
1550-EENBN,0,0,0,0,31,1,1,Fiber optic,1,1,0,0,1,1,Month-to-month,0,Electronic check,3205.6,0,103.4064516,104.35
5539-TMZLF,1,1,0,0,1,1,0,Fiber optic,0,0,0,0,0,0,Month-to-month,1,Electronic check,69.75,1,69.75,69.75
4323-SADQS,1,0,1,1,7,0,0,DSL,1,0,0,1,0,0,Month-to-month,1,Electronic check,279.25,1,39.89285714,34.5
4446-BZKHU,1,0,1,0,61,1,1,Fiber optic,0,1,1,0,1,1,Month-to-month,1,Electronic check,6281.45,1,102.9745902,105.55
5202-IVJNU,0,0,0,1,39,0,0,DSL,0,0,1,0,0,0,Month-to-month,0,Credit card (automatic),1131.3,1,29.00769231,30.1
5976-JCJRH,1,0,1,0,10,1,0,Fiber optic,0,0,0,0,0,0,Month-to-month,1,Electronic check,738.2,1,73.82,70.3
8198-RKSZG,0,0,1,1,14,1,1,DSL,0,1,0,1,1,1,Month-to-month,0,Credit card (automatic),1137.05,0,81.21785714,80.45
0137-OCGAB,0,0,0,0,1,1,1,Fiber optic,0,1,0,0,0,0,Month-to-month,1,Mailed check,80.2,1,80.2,80.2
3351-NQLDI,0,0,1,1,67,1,1,Fiber optic,1,0,0,1,0,1,One year,1,Credit card (automatic),6341.45,1,94.64850746,94.35
9297-EONCV,0,0,0,0,72,1,1,DSL,1,1,1,1,1,1,Two year,1,Bank transfer (automatic),6697.2,0,93.01666667,91.35
7593-JNWRU,1,0,1,1,6,1,0,DSL,0,0,0,0,0,0,Month-to-month,1,Bank transfer (automatic),260.8,1,43.46666667,44.6
4588-YBNIB,0,0,0,0,1,1,0,No,0,0,0,0,0,0,Month-to-month,1,Mailed check,19.6,1,19.6,19.6
1069-QJOEE,1,0,1,1,25,1,0,No,0,0,0,0,0,0,One year,0,Electronic check,505.45,0,20.218,19.9
3336-JORSO,0,1,0,0,33,1,1,Fiber optic,0,1,1,1,1,1,Month-to-month,1,Electronic check,3655.45,1,110.7712121,110.45
7799-DSEWS,1,0,0,0,18,1,0,DSL,1,0,1,1,1,0,Month-to-month,1,Electronic check,1299.8,0,72.21111111,68.35
8766-PAFNE,1,0,1,0,71,1,0,DSL,0,1,1,1,1,1,Two year,1,Credit card (automatic),5564.85,0,78.37816901,79.1
5315-CKEQK,1,1,1,1,28,1,1,DSL,0,0,0,0,0,0,One year,1,Electronic check,1381.8,0,49.35,51
3130-ICDUP,0,0,0,1,2,1,1,Fiber optic,1,0,0,0,0,0,Month-to-month,0,Credit card (automatic),188.1,0,94.05,80.55
0820-FNRNX,1,0,1,1,17,1,1,DSL,0,1,1,1,0,0,Month-to-month,1,Mailed check,1077.05,0,63.35588235,66.7
0880-FVFWF,1,0,0,0,56,1,1,Fiber optic,1,1,0,0,0,0,Month-to-month,1,Electronic check,4922.4,0,87.9,86.4
4611-ANLQC,0,0,1,0,60,0,0,DSL,1,1,1,0,0,1,One year,0,Electronic check,2911.5,0,48.525,50.05
4213-HKBJO,0,0,0,0,33,1,1,No,0,0,0,0,0,0,Two year,0,Credit card (automatic),826.1,0,25.03333333,25.7
2792-LSHWX,0,0,0,0,1,1,0,Fiber optic,1,1,0,1,0,0,Month-to-month,1,Mailed check,83.4,0,83.4,83.4
5028-GZLDO,1,0,0,0,2,1,0,Fiber optic,0,0,0,0,0,0,Month-to-month,0,Credit card (automatic),140.7,1,70.35,70.7
0014-BMAQU,1,0,1,0,63,1,1,Fiber optic,1,0,0,1,0,0,Two year,1,Credit card (automatic),5377.8,0,85.36190476,84.65
6861-XWTWQ,1,1,1,0,7,1,1,Fiber optic,0,0,1,0,1,1,Month-to-month,1,Electronic check,665.45,1,95.06428571,99.25
9018-PCIOK,0,0,0,0,55,1,0,DSL,0,1,1,0,0,1,Two year,1,Mailed check,3617.1,0,65.76545455,64.75
4837-QUSFT,0,0,1,0,65,1,1,Fiber optic,1,1,0,1,1,0,One year,1,Bank transfer (automatic),6643.5,0,102.2076923,100.15
6877-TJMBR,1,0,1,0,1,1,0,Fiber optic,0,0,0,1,1,0,Month-to-month,1,Electronic check,84.8,1,84.8,84.8
9953-ZMKSM,1,0,0,0,63,1,1,No,0,0,0,0,0,0,Two year,0,Mailed check,1559.3,0,24.75079365,25.25
0907-HQNTS,0,1,1,0,70,1,1,Fiber optic,1,1,1,1,1,1,Two year,1,Credit card (automatic),7987.6,0,114.1085714,113
7665-NKLAV,0,0,1,1,36,0,0,DSL,1,0,1,1,0,0,Two year,0,Credit card (automatic),1547.35,0,42.98194444,40.65
6769-DCQLI,1,0,0,0,52,1,0,Fiber optic,0,1,1,1,1,1,One year,1,Bank transfer (automatic),5426.85,1,104.3625,105
2433-KMEAS,1,0,0,0,22,1,1,DSL,1,0,0,0,0,0,Month-to-month,1,Electronic check,1127.35,1,51.24318182,54.45
4391-LNRXK,1,0,0,0,22,1,0,Fiber optic,0,1,1,1,0,1,Month-to-month,1,Bank transfer (automatic),2142.8,0,97.4,94.95
8250-ZNGGW,0,1,0,0,5,1,0,DSL,1,1,0,1,0,0,Month-to-month,0,Credit card (automatic),287.85,0,57.57,59.9
2195-ZRVAX,0,0,1,0,47,1,0,Fiber optic,0,0,1,0,0,1,Month-to-month,1,Electronic check,4045.65,1,86.07765957,85.3
3550-SAHFP,0,0,0,0,33,1,1,Fiber optic,0,0,0,0,0,1,Month-to-month,1,Electronic check,2757.85,1,83.57121212,83.35
2011-TRQYE,1,0,0,0,18,0,0,DSL,0,1,1,0,0,0,Month-to-month,1,Credit card (automatic),600,1,33.33333333,33.5
8562-GHPPI,0,0,0,0,1,1,0,No,0,0,0,0,0,0,Month-to-month,0,Credit card (automatic),19.8,0,19.8,19.8
5893-PYOLZ,1,0,0,0,56,1,0,DSL,0,1,1,1,1,1,Two year,1,Credit card (automatic),4534.45,0,80.97232143,81.8
4986-MXSFP,0,0,0,0,2,1,0,No,0,0,0,0,0,0,Month-to-month,1,Mailed check,40.9,0,20.45,20
6131-FOYAS,1,0,0,0,35,1,1,DSL,1,0,1,0,0,0,Month-to-month,1,Electronic check,2094.9,0,59.85428571,59.6
3027-YNWZU,0,0,1,0,64,1,1,No,0,0,0,0,0,0,Two year,0,Credit card (automatic),1584.8,0,24.7625,25
5609-IMCGG,0,0,0,0,15,1,1,Fiber optic,1,0,1,0,0,0,Month-to-month,1,Credit card (automatic),1302.65,0,86.84333333,84.35
4873-ILOLJ,1,0,0,0,24,1,0,Fiber optic,0,0,0,0,1,1,Month-to-month,1,Electronic check,2238.5,1,93.27083333,90.35
4727-MCYZG,1,0,0,0,1,1,0,DSL,0,0,0,0,0,1,Month-to-month,0,Mailed check,55.55,0,55.55,55.55
9481-WHGWY,0,0,1,1,70,1,0,DSL,1,0,0,1,1,1,Two year,0,Credit card (automatic),5437.75,0,77.68214286,75.35
2725-KXXWT,1,0,1,0,1,1,0,Fiber optic,0,0,0,0,1,1,Month-to-month,1,Electronic check,90.75,1,90.75,90.75
9565-DJPIB,0,0,0,1,4,1,1,Fiber optic,0,1,0,0,1,0,Month-to-month,0,Mailed check,365.65,1,91.4125,89.6
4328-VUFWD,0,0,0,0,39,1,0,DSL,0,0,0,1,0,1,One year,0,Electronic check,2209.15,0,56.64487179,59.3
3301-LSLWQ,0,0,0,0,29,1,1,DSL,1,0,0,0,0,1,Month-to-month,1,Electronic check,1912.15,0,65.9362069,66.1
7473-ZBDSN,0,0,1,1,14,1,0,No,0,0,0,0,0,0,Two year,0,Mailed check,255.55,0,18.25357143,18.8
3166-PNEOF,0,0,0,0,61,1,1,DSL,1,0,1,1,1,1,Two year,0,Credit card (automatic),5175.3,0,84.84098361,86.45
5639-NTUPK,1,0,0,1,13,1,0,DSL,1,0,0,0,0,0,Month-to-month,1,Credit card (automatic),670.65,0,51.58846154,52.1
8780-YRMTT,0,0,0,0,66,0,0,DSL,1,1,1,1,0,0,Two year,1,Mailed check,3177.25,0,48.14015152,47.4
8348-HFYIV,1,0,0,0,2,0,0,DSL,0,0,1,0,1,1,Month-to-month,1,Electronic check,90.35,1,45.175,49.25
5140-FOMCQ,0,0,1,0,59,1,1,Fiber optic,1,1,1,0,1,1,One year,1,Credit card (automatic),6557.75,0,111.1483051,109.15
6242-SGYTS,1,0,1,1,62,1,1,Fiber optic,1,1,0,0,1,0,One year,1,Credit card (automatic),5791.85,0,93.41693548,94.95
8166-ORCHU,1,1,1,0,33,1,0,Fiber optic,1,1,0,1,0,1,One year,1,Electronic check,3055.5,0,92.59090909,93.55
8414-OOEEL,1,0,0,1,66,1,0,DSL,0,1,1,1,1,1,Two year,1,Credit card (automatic),5196.1,0,78.72878788,79.5
8454-AATJP,0,0,0,0,72,1,1,Fiber optic,1,1,1,1,1,1,Two year,0,Credit card (automatic),8405,0,116.7361111,114.729
6849-WLEYG,1,0,0,1,1,1,0,No,0,0,0,0,0,0,Month-to-month,0,Mailed check,19.75,1,19.75,19.75
4659-NZRUF,0,0,0,0,19,1,1,Fiber optic,1,1,0,0,0,1,Month-to-month,1,Electronic check,1789.25,1,94.17105263,95.15
4531-AUZNK,0,0,1,1,51,1,1,Fiber optic,1,0,0,1,1,0,One year,1,Mailed check,5000.05,0,98.04019608,95.15
4191-XOVOM,1,0,0,0,63,1,1,Fiber optic,0,1,0,1,1,1,Month-to-month,0,Electronic check,6713.2,0,106.5587302,105.4
2150-OEGBV,1,0,0,0,27,1,0,No,0,0,0,0,0,0,One year,0,Bank transfer (automatic),562.6,0,20.83703704,20.1
8429-XIBUM,1,0,0,0,22,1,1,Fiber optic,1,0,0,0,1,1,Month-to-month,1,Bank transfer (automatic),2317.1,1,105.3227273,101.35
1855-CFULU,0,1,0,0,4,1,0,No,0,0,0,0,0,0,Month-to-month,0,Mailed check,91.45,0,22.8625,20.05
4878-BUNFV,1,0,1,1,42,1,0,No,0,0,0,0,0,0,Two year,0,Mailed check,828.85,0,19.73452381,20.7
1872-EBWSC,0,0,0,0,29,1,0,No,0,0,0,0,0,0,One year,0,Mailed check,617.35,0,21.28793103,20.35
2608-BHKFN,0,0,0,0,4,1,0,Fiber optic,0,0,0,0,0,0,Month-to-month,1,Credit card (automatic),266.9,1,66.725,70.05
7026-YMSBE,1,0,0,0,30,1,0,No,0,0,0,0,0,0,One year,0,Mailed check,625.05,0,20.835,19.7
7341-LXCAF,1,0,1,0,4,1,1,Fiber optic,0,0,0,0,0,0,Month-to-month,1,Electronic check,301.4,1,75.35,74.65
6997-UVGOX,1,0,1,1,71,1,0,DSL,1,1,1,1,1,1,Two year,0,Bank transfer (automatic),6029.9,0,84.92816901,85.45
9674-EHPPG,1,0,1,0,46,0,0,DSL,1,0,1,1,0,0,Two year,0,Credit card (automatic),1842.7,0,40.05869565,40.4
9462-MJUAW,1,0,0,0,4,1,1,DSL,0,0,0,0,0,0,Month-to-month,0,Mailed check,206.6,1,51.65,50.4
8128-YVJRG,0,0,0,0,7,1,1,Fiber optic,1,0,0,0,0,0,Month-to-month,1,Mailed check,604.7,1,86.38571429,79.65
5440-VHLUL,1,0,0,0,69,1,1,Fiber optic,0,1,0,1,1,1,One year,1,Bank transfer (automatic),7386.05,0,107.0442029,105.2
5781-BKHOP,0,0,1,0,72,1,1,Fiber optic,1,1,1,0,1,0,Two year,0,Bank transfer (automatic),7334.05,0,101.8618056,100.65
4283-FUTGF,1,1,0,0,19,1,1,Fiber optic,0,0,1,0,0,0,Month-to-month,1,Electronic check,1471.75,1,77.46052632,79.85
5213-TWWJU,1,0,0,0,28,1,0,Fiber optic,0,0,1,1,0,1,Month-to-month,0,Electronic check,2626.15,0,93.79107143,91
1569-TTNYJ,1,0,1,0,5,1,1,Fiber optic,0,1,0,0,0,0,Month-to-month,1,Electronic check,412.1,1,82.42,78.75
8628-MFKAX,0,1,1,0,72,1,1,Fiber optic,1,1,1,1,1,1,Two year,1,Credit card (automatic),8277.05,0,114.9590278,114.729
2397-BRLOM,1,1,1,1,8,1,0,Fiber optic,0,0,0,0,1,0,Month-to-month,1,Credit card (automatic),583.45,1,72.93125,80.45
7629-WIXZF,0,0,0,0,7,1,0,DSL,1,0,0,0,0,1,One year,1,Electronic check,369.25,0,52.75,59.1
5445-GLVOT,0,0,0,0,22,1,0,DSL,1,0,0,0,0,0,Month-to-month,1,Electronic check,1049.05,0,47.68409091,49.8
3976-HXHCE,1,0,0,0,72,1,0,No,0,0,0,0,0,0,Two year,0,Bank transfer (automatic),1414.8,0,19.65,19.3
2466-NEJOJ,1,0,1,1,8,1,0,No,0,0,0,0,0,0,Month-to-month,0,Credit card (automatic),169.75,0,21.21875,19.65
0254-KCJGT,1,0,1,0,52,1,1,DSL,1,1,1,1,0,1,One year,1,Credit card (automatic),4354.45,0,83.73942308,81.4
5472-CVMDX,0,0,0,0,68,0,0,DSL,1,0,1,1,0,0,Two year,0,Mailed check,2719.2,0,39.98823529,38.9
6461-SZMCV,0,0,1,0,71,1,1,DSL,1,1,1,1,1,1,Two year,0,Bank transfer (automatic),6365.35,0,89.6528169,87.95
8150-QUDFX,1,0,0,0,2,1,0,No,0,0,0,0,0,0,Month-to-month,0,Mailed check,51.6,0,25.8,19.85
9508-ILZDG,0,1,0,0,34,1,1,Fiber optic,0,1,0,1,1,0,Month-to-month,1,Electronic check,3190.25,0,93.83088235,96.35
2346-DJQTB,0,0,0,0,35,0,0,DSL,0,0,0,0,0,0,Month-to-month,0,Electronic check,812.5,0,23.21428571,24.15
1697-LYYYX,0,0,1,1,61,1,0,No,0,0,0,0,0,0,One year,0,Credit card (automatic),1143.8,0,18.75081967,19.1
1942-OQFRW,1,0,0,0,1,1,0,DSL,0,0,0,0,0,0,Month-to-month,0,Electronic check,44,0,44,44
4749-VFKVB,0,0,0,0,1,1,1,DSL,0,0,0,0,0,0,Month-to-month,1,Mailed check,50.1,1,50.1,50.1
9640-ZSLDC,0,0,1,1,53,1,0,DSL,0,0,1,0,0,1,One year,0,Credit card (automatic),3297,0,62.20754717,60.6
4231-LZUYM,0,0,1,0,72,1,1,No,0,0,0,0,0,0,Two year,0,Bank transfer (automatic),1887,0,26.20833333,25.65
7598-UAASY,1,0,1,0,2,1,0,Fiber optic,0,0,1,0,0,0,Month-to-month,0,Electronic check,151.8,1,75.9,76.4
7938-OUHIO,1,0,0,0,3,1,0,Fiber optic,0,0,1,1,1,1,Month-to-month,1,Electronic check,293.65,1,97.88333333,98.7
8510-AWCXC,0,1,0,0,13,1,1,Fiber optic,1,0,0,0,1,1,Month-to-month,1,Electronic check,1308.1,1,100.6230769,100.8
6128-AQBMT,1,1,1,0,41,0,0,DSL,0,1,1,0,1,1,Month-to-month,1,Electronic check,2215.4,0,54.03414634,53.95
3594-BDSOA,0,0,1,0,24,1,0,No,0,0,0,0,0,0,One year,0,Credit card (automatic),482.8,0,20.11666667,20.4
0431-APWVY,0,0,1,1,28,1,0,Fiber optic,0,0,0,0,1,1,One year,1,Bank transfer (automatic),2598.95,1,92.81964286,90.1
5133-VRSAB,1,0,0,0,8,0,0,DSL,1,0,0,0,0,0,Month-to-month,0,Mailed check,216.45,0,27.05625,29.35
5996-DAOQL,1,0,0,0,1,1,0,No,0,0,0,0,0,0,Month-to-month,1,Mailed check,20.45,0,20.45,20.45
6838-YAUVY,0,0,0,0,54,1,1,Fiber optic,0,0,1,1,0,1,Two year,1,Bank transfer (automatic),5064.85,0,93.79351852,95.1
0484-JPBRU,1,0,0,0,41,1,1,No,0,0,0,0,0,0,Month-to-month,1,Bank transfer (automatic),996.45,0,24.30365854,25.25
7883-ROJOC,0,0,1,0,19,1,0,DSL,0,0,0,0,0,0,Month-to-month,0,Mailed check,839.65,0,44.19210526,44.9
0244-LGNFY,0,0,1,1,72,1,1,DSL,1,1,1,1,1,1,Two year,0,Bank transfer (automatic),6733,0,93.51388889,92.65
7274-CGTOD,1,0,0,0,62,0,0,DSL,1,1,1,1,0,0,Two year,1,Bank transfer (automatic),2618.3,0,42.23064516,43.7
4295-YURET,0,1,1,1,56,1,0,DSL,1,0,0,1,1,1,Two year,1,Credit card (automatic),4084.35,0,72.93482143,72.6
3426-NIYYL,1,0,0,0,15,1,1,DSL,0,0,0,0,0,0,Month-to-month,0,Electronic check,765.5,1,51.03333333,51.55
8225-BTJAU,1,1,0,0,10,1,0,Fiber optic,0,0,0,0,0,1,Month-to-month,1,Electronic check,793.55,1,79.355,79.25
4635-EJYPD,1,0,1,1,32,1,0,No,0,0,0,0,0,0,Two year,0,Mailed check,613.95,0,19.1859375,18.95
1866-ZSLJM,1,0,0,0,21,1,0,No,0,0,0,0,0,0,Month-to-month,0,Credit card (automatic),402.85,0,19.18333333,20.5
4636-TVXVG,1,0,1,1,62,1,0,No,0,0,0,0,0,0,One year,0,Bank transfer (automatic),1244.8,0,20.07741935,19.95
4236-UJPWO,0,0,0,0,2,0,0,DSL,0,0,0,0,0,0,Month-to-month,0,Electronic check,46.4,0,23.2,24.5
9392-XBGTD,1,0,0,1,27,1,0,No,0,0,0,0,0,0,Two year,0,Mailed check,581.85,0,21.55,20.6
3387-VATUS,1,0,0,0,5,1,1,Fiber optic,0,0,0,0,1,1,Month-to-month,1,Bank transfer (automatic),462.8,1,92.56,94.85
6402-SSEJG,0,0,0,0,25,0,0,DSL,1,1,1,0,1,1,One year,0,Electronic check,1540.2,0,61.608,61.05
1143-NMNQJ,0,0,0,0,2,1,1,Fiber optic,0,0,0,0,0,1,Month-to-month,1,Electronic check,169.8,1,84.9,85.7
1169-SAOCL,1,0,0,0,49,1,1,Fiber optic,0,1,0,1,1,1,One year,1,Bank transfer (automatic),5168.1,0,105.4714286,106.65
1110-KYLGQ,0,0,0,0,63,1,1,Fiber optic,1,1,1,0,1,1,Month-to-month,0,Credit card (automatic),6780.1,0,107.6206349,108.25
9929-PLVPA,0,0,0,1,4,1,0,No,0,0,0,0,0,0,Month-to-month,0,Credit card (automatic),94.5,0,23.625,20.4
3518-PZXZQ,0,0,1,0,1,1,0,DSL,0,0,0,0,1,0,Month-to-month,1,Mailed check,55.3,0,55.3,55.3
2371-JUNGC,1,0,0,0,11,1,0,No,0,0,0,0,0,0,Month-to-month,0,Mailed check,208,0,18.90909091,20.25
7693-QPEFS,1,1,0,0,52,1,1,Fiber optic,0,0,0,0,0,0,Month-to-month,1,Bank transfer (automatic),3829.75,0,73.64903846,72.95
0924-BJCRC,0,1,1,0,60,1,1,Fiber optic,0,1,0,0,0,1,Month-to-month,0,Electronic check,5294.6,0,88.24333333,89.45
5074-FBGHB,1,0,0,0,64,1,1,Fiber optic,0,0,1,1,1,1,One year,1,Credit card (automatic),6889.8,0,107.653125,104.65
2351-BKRZW,0,0,1,1,43,1,0,DSL,1,0,1,0,1,1,Two year,0,Bank transfer (automatic),3254.35,0,75.68255814,75.2
4455-BFSPD,0,0,1,0,61,1,1,Fiber optic,0,0,0,1,1,1,One year,0,Bank transfer (automatic),6383.9,0,104.6540984,101.15
0415-MOSGF,0,0,0,0,1,1,0,DSL,0,0,0,0,0,0,Month-to-month,0,Mailed check,44.4,1,44.4,44.4
1724-BQUHA,1,1,0,0,5,1,0,Fiber optic,0,0,0,0,1,1,Month-to-month,1,Electronic check,477.7,1,95.54,89.5
3948-KXDUF,1,0,0,0,66,1,1,DSL,1,1,1,1,0,0,Two year,0,Bank transfer (automatic),4447.55,0,67.38712121,68.75
2323-ARSVR,1,0,1,0,67,1,0,Fiber optic,1,1,1,1,1,1,Two year,1,Electronic check,7321.05,0,109.269403,111.05
0815-MFZGM,0,0,1,0,42,1,0,Fiber optic,0,0,1,1,1,1,Two year,1,Credit card (automatic),4135,0,98.45238095,99
4826-XTSOH,1,1,1,0,1,1,1,Fiber optic,0,0,0,0,1,0,Month-to-month,1,Electronic check,86.05,1,86.05,86.05
5480-XTFFL,0,0,1,1,31,1,0,No,0,0,0,0,0,0,Two year,0,Mailed check,697.7,0,22.50645161,21
8295-FHIVV,1,0,0,0,7,1,0,No,0,0,0,0,0,0,Month-to-month,1,Mailed check,168.65,0,24.09285714,19.4
2495-INZWQ,1,0,0,0,4,0,0,DSL,0,0,0,0,1,1,Month-to-month,1,Electronic check,174.3,1,43.575,44.55
9086-YJYXS,1,0,1,1,34,1,1,DSL,0,0,1,0,1,1,One year,0,Bank transfer (automatic),2753.8,0,80.99411765,77.2
1179-INLAT,1,0,0,0,3,1,0,No,0,0,0,0,0,0,One year,1,Mailed check,69.25,0,23.08333333,19.45
7909-FIOIY,0,0,1,1,19,0,0,DSL,0,0,0,0,0,0,Month-to-month,1,Mailed check,434.8,0,22.88421053,24.85
4139-SUGLD,1,0,1,1,31,0,0,DSL,1,0,0,1,0,0,Month-to-month,0,Bank transfer (automatic),1077.5,1,34.75806452,35.4
6857-VWJDT,0,0,0,0,1,1,1,Fiber optic,0,0,0,0,1,1,Month-to-month,0,Mailed check,95.65,1,95.65,95.65
6351-SCJKT,1,0,0,0,3,0,0,DSL,1,0,1,1,0,0,Month-to-month,0,Mailed check,107.25,0,35.75,41.35
5468-BPMMO,1,0,1,0,46,1,0,No,0,0,0,0,0,0,Month-to-month,0,Electronic check,851.2,0,18.50434783,19.6
5624-BQSSA,0,0,0,0,1,1,0,No,0,0,0,0,0,0,Month-to-month,0,Mailed check,20.95,1,20.95,20.95
0197-PNKNK,0,0,1,1,69,1,1,Fiber optic,1,0,1,0,0,0,One year,0,Bank transfer (automatic),5848.6,0,84.76231884,84.45
2439-QKJUL,1,0,0,0,5,1,0,No,0,0,0,0,0,0,Month-to-month,0,Mailed check,109.8,0,21.96,20.25
1194-SPVSP,1,0,0,0,1,1,0,No,0,0,0,0,0,0,Month-to-month,0,Bank transfer (automatic),19.65,0,19.65,19.65
9534-NSXEM,1,0,0,0,26,1,0,No,0,0,0,0,0,0,One year,1,Credit card (automatic),595.5,0,22.90384615,20.65
2408-WITXK,0,1,0,0,10,0,0,DSL,0,0,0,0,0,1,Month-to-month,1,Electronic check,329.8,1,32.98,34.7
8929-KSWIH,1,0,0,0,25,1,0,Fiber optic,0,0,1,1,1,1,Two year,0,Bank transfer (automatic),2513.5,0,100.54,99.3
2250-IVBWA,1,0,1,1,64,1,0,Fiber optic,1,1,0,0,0,0,Month-to-month,0,Electronic check,5135.35,0,80.23984375,81.05
1810-MVMAI,1,0,1,1,30,1,1,DSL,1,1,1,1,0,0,Month-to-month,0,Electronic check,2000.2,0,66.67333333,67.6
9506-UXUSK,1,0,0,0,13,1,0,Fiber optic,0,0,0,0,0,0,Month-to-month,1,Electronic check,931.75,0,71.67307692,70.15
1229-RCALF,0,0,1,0,64,1,1,Fiber optic,1,1,1,1,1,1,One year,1,Electronic check,7396.15,0,115.5648438,114.729
3572-UOLYZ,0,0,0,1,46,1,1,Fiber optic,0,0,1,1,0,0,Month-to-month,1,Bank transfer (automatic),3958.85,0,86.06195652,84.8
1429-UYJSV,0,0,0,0,12,1,0,No,0,0,0,0,0,0,One year,0,Mailed check,260.9,0,21.74166667,19.7
5577-OTWWW,0,0,0,0,15,1,0,No,0,0,0,0,0,0,Month-to-month,0,Bank transfer (automatic),297.3,1,19.82,19.75
6100-QQHEB,1,0,1,1,17,1,1,Fiber optic,0,0,0,0,1,1,Month-to-month,1,Electronic check,1515.1,1,89.12352941,92.55
6366-XIVKZ,0,0,1,1,13,1,0,DSL,1,0,1,0,0,1,Month-to-month,1,Mailed check,816.8,0,62.83076923,63.15
3470-OBUET,0,0,1,1,67,1,1,DSL,1,1,0,1,1,0,Two year,0,Credit card (automatic),4868.4,0,72.66268657,74
2770-NSVDG,1,0,1,0,24,0,0,DSL,0,0,1,0,0,0,Month-to-month,0,Electronic check,688,0,28.66666667,29.1
9375-MHRRS,1,0,0,0,6,1,0,DSL,0,0,0,1,0,0,Month-to-month,0,Mailed check,288.35,0,48.05833333,50.05
2634-HCZGT,1,1,1,0,53,1,1,DSL,1,0,0,1,0,0,One year,1,Electronic check,3229.65,1,60.93679245,60.05
7503-QQRVF,1,1,1,0,16,1,0,Fiber optic,0,1,0,0,0,0,Month-to-month,1,Credit card (automatic),1178.25,1,73.640625,74.3
4860-YZGZM,1,0,0,0,10,1,0,No,0,0,0,0,0,0,Month-to-month,0,Electronic check,185.4,0,18.54,20
6599-GZWCM,0,0,0,0,13,1,0,Fiber optic,0,1,0,0,0,0,One year,1,Mailed check,966.25,0,74.32692308,74.65
2691-NZETQ,1,0,0,0,9,1,1,Fiber optic,0,0,0,0,1,0,Month-to-month,1,Electronic check,758.6,1,84.28888889,85.35
4404-HIBDJ,0,0,0,0,25,1,0,DSL,1,1,1,1,1,0,One year,0,Mailed check,1863.8,1,74.552,74.3
5533-NHFRF,1,1,0,0,7,0,0,DSL,0,1,0,1,0,1,Month-to-month,1,Electronic check,265.8,0,37.97142857,44.4
7037-MTYVW,1,0,1,1,38,1,1,DSL,1,0,1,1,1,1,Two year,1,Bank transfer (automatic),3297,0,86.76315789,85.4
4760-THGOT,0,0,1,0,43,1,1,Fiber optic,1,1,0,0,0,1,Month-to-month,1,Electronic check,4107.3,0,95.51860465,94.1
7295-JOMMD,0,0,0,1,4,1,0,Fiber optic,0,0,1,1,1,1,Month-to-month,1,Bank transfer (automatic),396.3,1,99.075,98.1
4016-BJKTZ,0,0,0,0,25,1,1,Fiber optic,0,1,1,1,1,1,Two year,0,Electronic check,2809.05,0,112.362,108.9
6584-VQMYT,1,0,0,1,27,1,0,DSL,1,1,0,0,0,0,One year,0,Mailed check,1567.55,0,58.05740741,56.2
9838-BFCQT,1,0,1,1,72,1,1,No,0,0,0,0,0,0,Two year,0,Mailed check,1851.45,0,25.71458333,26.1
2790-XUYMV,1,0,0,1,71,1,1,Fiber optic,1,1,0,0,0,0,One year,1,Credit card (automatic),6028.95,0,84.91478873,85.45
0581-MDMPW,0,0,0,0,24,1,1,Fiber optic,0,0,1,0,1,0,Month-to-month,1,Credit card (automatic),2072.75,0,86.36458333,88.95
5013-SBUIH,0,0,0,0,50,1,1,Fiber optic,1,1,0,1,1,1,Two year,1,Electronic check,5551.15,1,111.023,109.65
1023-BQXZE,1,0,0,0,57,1,0,DSL,1,0,1,0,1,1,Two year,1,Bank transfer (automatic),4317.35,0,75.74298246,74.35
9163-GHAYE,0,0,0,0,15,1,0,DSL,0,1,0,0,0,0,Month-to-month,0,Electronic check,736.8,0,49.12,48.85
3904-UKFRE,1,0,0,0,4,1,1,Fiber optic,1,0,0,0,0,0,Month-to-month,1,Electronic check,336.15,0,84.0375,80.1
5353-WILCI,0,0,0,0,28,1,0,DSL,1,1,0,0,0,0,Month-to-month,0,Electronic check,1522.65,0,54.38035714,56.05
0709-TVGUR,0,1,0,0,9,1,1,Fiber optic,0,0,0,0,0,0,Month-to-month,1,Electronic check,622.9,1,69.21111111,74.55
0058-EVZWM,0,0,1,0,55,1,1,Fiber optic,1,0,0,0,1,0,Month-to-month,1,Bank transfer (automatic),4959.6,0,90.17454545,89.8
6023-YEBUP,1,0,0,0,3,1,1,Fiber optic,0,0,1,0,1,1,Month-to-month,1,Electronic check,329.95,1,109.9833333,100.95
7209-JCUDS,1,0,0,0,10,1,0,Fiber optic,0,0,1,0,1,1,Month-to-month,1,Electronic check,1048.85,1,104.885,94.9
7009-PCARS,1,0,0,1,55,1,0,No,0,0,0,0,0,0,One year,0,Bank transfer (automatic),1001.5,0,18.20909091,19.1
0519-DRGTI,0,0,1,1,20,1,0,No,0,0,0,0,0,0,Month-to-month,0,Mailed check,442.6,0,22.13,20.35
1017-FBQMM,0,0,1,1,62,1,1,Fiber optic,0,1,0,1,1,1,One year,1,Credit card (automatic),6703.5,0,108.1209677,106.05
3001-CBHLQ,1,1,1,0,32,1,1,Fiber optic,0,0,1,1,1,1,Month-to-month,1,Electronic check,3351.55,1,104.7359375,104.9
1985-MBRYP,0,0,0,0,43,1,0,No,0,0,0,0,0,0,Two year,1,Bank transfer (automatic),779.25,0,18.12209302,19.65
6158-DWPZT,1,0,1,0,9,0,0,DSL,0,0,0,0,0,0,One year,0,Bank transfer (automatic),259.8,1,28.86666667,24.1
9372-TXXPS,0,0,1,0,60,1,0,DSL,1,1,0,1,0,0,Two year,0,Bank transfer (automatic),3483.45,0,58.0575,59.85
3259-QMXUN,1,0,1,0,58,1,1,DSL,1,1,1,0,1,1,Two year,1,Electronic check,4890.5,0,84.31896552,86.1
1015-JPFYW,1,0,0,1,7,1,0,No,0,0,0,0,0,0,One year,0,Mailed check,136.75,0,19.53571429,19.45
6645-MXQJT,1,0,1,1,2,1,0,Fiber optic,1,0,0,0,1,1,Month-to-month,0,Electronic check,184.15,0,92.075,97.1
4360-QRAVE,1,1,0,0,37,0,0,DSL,0,1,1,0,0,0,Month-to-month,0,Electronic check,1315,0,35.54054054,36.65
8433-WPJTV,0,1,1,1,65,1,1,Fiber optic,0,0,1,1,1,1,One year,1,Bank transfer (automatic),6767.1,0,104.1092308,103.9
5804-JMYIO,0,0,1,1,39,1,0,No,0,0,0,0,0,0,Two year,0,Mailed check,757.95,0,19.43461538,19.75
3763-GCZHZ,1,0,1,0,66,1,1,Fiber optic,0,1,0,1,1,1,One year,1,Electronic check,6890,1,104.3939394,104.05
6484-LATFU,1,0,0,0,68,1,1,No,0,0,0,0,0,0,Two year,0,Mailed check,1657.4,0,24.37352941,24.55
7599-NTMDP,0,0,1,1,62,0,0,DSL,1,1,0,1,1,0,Two year,0,Bank transfer (automatic),3008.55,0,48.525,48.7
0772-GYEQQ,1,0,0,0,3,1,0,Fiber optic,0,0,1,1,1,0,Month-to-month,1,Mailed check,262.05,1,87.35,88.35
0536-ACXIP,0,0,1,0,72,1,1,Fiber optic,1,1,1,0,1,1,Two year,1,Electronic check,8165.1,0,113.4041667,109.55
0936-NQLJU,0,0,1,0,41,1,0,No,0,0,0,0,0,0,Two year,0,Credit card (automatic),875.55,0,21.35487805,20.65
4831-EOBFE,1,0,1,1,29,1,0,Fiber optic,1,0,0,0,1,1,Month-to-month,0,Credit card (automatic),2649.15,1,91.35,94.65
1575-KRZZE,0,0,0,0,4,1,0,DSL,1,1,0,0,0,0,Month-to-month,0,Electronic check,220.65,0,55.1625,55.2
3251-YMVWZ,1,0,0,0,53,1,1,No,0,0,0,0,0,0,One year,0,Bank transfer (automatic),1301.9,0,24.56415094,24.05
4102-OQUPX,1,1,1,0,1,1,1,Fiber optic,0,0,0,0,0,0,Month-to-month,1,Electronic check,74.4,1,74.4,74.4
9170-GYZJC,0,0,1,1,41,1,1,DSL,1,1,1,1,0,1,Month-to-month,0,Credit card (automatic),3326.2,1,81.12682927,79.9
4884-LEVMQ,1,0,1,0,39,1,0,No,0,0,0,0,0,0,Two year,1,Bank transfer (automatic),790,0,20.25641026,20.45
8857-CUPFQ,1,0,1,0,63,1,0,No,0,0,0,0,0,0,Two year,0,Mailed check,1237.65,0,19.6452381,19.25
7610-TVOPG,1,0,0,0,15,1,1,No,0,0,0,0,0,0,Month-to-month,1,Electronic check,378.6,0,25.24,26.35
3638-DIMPH,0,0,1,0,13,1,0,DSL,0,0,0,0,0,0,One year,0,Electronic check,592.65,0,45.58846154,43.8
1845-ZLLIG,1,0,0,0,1,1,0,DSL,0,1,0,0,0,0,Month-to-month,1,Mailed check,50.15,0,50.15,50.15
8559-WNQZS,1,0,0,0,1,1,0,No,0,0,0,0,0,0,Two year,0,Mailed check,20.45,0,20.45,20.45
3999-QGRJH,1,1,0,0,8,1,0,Fiber optic,0,0,0,0,0,0,Month-to-month,1,Electronic check,560.85,1,70.10625,69.7
1699-UOTXU,1,0,0,0,60,1,0,DSL,1,1,1,0,0,0,Two year,0,Electronic check,3638.25,0,60.6375,61.4
2454-RPBRZ,0,1,1,0,12,1,1,Fiber optic,0,1,1,0,1,0,Month-to-month,1,Electronic check,1060.2,1,88.35,98.1
0635-WKOLD,1,0,1,0,40,1,1,DSL,0,1,0,1,1,0,One year,0,Credit card (automatic),2921.75,0,73.04375,70.75
5993-JSUWV,0,0,0,0,66,1,0,DSL,1,1,1,0,0,0,Two year,1,Bank transfer (automatic),4017.45,0,60.87045455,61.15
4518-FZBSX,1,0,1,1,42,1,0,No,0,0,0,0,0,0,One year,0,Mailed check,854.9,0,20.3547619,20.25
5387-ASZNZ,0,1,0,0,66,1,1,DSL,1,1,0,1,0,0,One year,1,Credit card (automatic),4174.35,0,63.24772727,63.85
6988-CJEYV,1,0,0,0,49,1,1,Fiber optic,0,1,0,0,1,1,Month-to-month,0,Electronic check,4920.55,0,100.4193878,98.7
2002-MZHWP,0,0,0,0,1,1,0,No,0,0,0,0,0,0,Month-to-month,0,Mailed check,20.5,1,20.5,20.5
3097-FQTVJ,0,0,0,0,41,1,0,No,0,0,0,0,0,0,Two year,0,Mailed check,810.3,0,19.76341463,20
5465-BUBFA,0,0,1,1,41,1,0,No,0,0,0,0,0,0,Two year,0,Bank transfer (automatic),772.4,0,18.83902439,19.3
7299-GNVPL,0,0,1,1,23,1,0,Fiber optic,1,1,0,1,0,0,Month-to-month,0,Mailed check,1936.85,0,84.21086957,84.4
9743-DQKQW,1,0,0,0,3,0,0,DSL,0,0,0,0,0,0,Month-to-month,0,Electronic check,79.8,0,26.6,25.1
1215-VFYVK,0,0,0,0,4,0,0,DSL,1,0,1,1,0,1,Month-to-month,0,Mailed check,202.25,0,50.5625,48.25
9371-BITHB,0,0,1,1,52,1,0,No,0,0,0,0,0,0,Two year,0,Mailed check,1070.5,0,20.58653846,19.85
2265-CYWIV,0,1,1,0,4,1,1,Fiber optic,1,0,0,0,1,1,Month-to-month,1,Electronic check,347.65,1,86.9125,99.6
9093-FPDLG,0,0,0,0,11,1,0,Fiber optic,0,1,1,1,0,1,Month-to-month,1,Electronic check,999.9,0,90.9,94.2
0541-FITGH,0,0,1,0,2,1,0,DSL,1,0,0,0,0,1,Month-to-month,1,Mailed check,113.1,0,56.55,62.15
6985-HAYWX,0,0,1,0,26,1,1,Fiber optic,0,1,0,0,0,0,Month-to-month,0,Bank transfer (automatic),2015.8,0,77.53076923,79.3
7508-KBIMB,1,0,1,1,24,1,0,DSL,1,0,1,0,0,0,One year,1,Credit card (automatic),1454.25,0,60.59375,56.25
6838-HVLXG,0,0,0,0,12,1,0,No,0,0,0,0,0,0,Month-to-month,0,Mailed check,246.7,0,20.55833333,20.3
2277-DJJDL,1,1,1,0,60,1,1,Fiber optic,0,0,0,1,1,1,Month-to-month,1,Electronic check,6017.9,0,100.2983333,99
1897-OKVMW,0,0,1,1,64,1,1,DSL,1,1,1,1,1,1,Two year,1,Mailed check,5817.45,0,90.89765625,90.6
5485-ITNPC,1,0,1,0,66,1,0,DSL,1,1,1,1,1,1,Two year,1,Bank transfer (automatic),5595.3,0,84.77727273,85.9
0233-FTHAV,0,0,0,0,60,1,1,Fiber optic,0,0,1,0,0,0,One year,1,Bank transfer (automatic),4765,0,79.41666667,79.2
4644-PIZRT,1,0,1,1,17,1,1,DSL,1,0,1,0,1,0,One year,1,Bank transfer (automatic),1201.65,0,70.68529412,70.35
8922-NPKBJ,1,0,1,1,42,1,0,No,0,0,0,0,0,0,Two year,0,Mailed check,867.3,0,20.65,19.35
2740-TVLFN,1,0,0,0,1,1,1,DSL,0,0,0,0,0,0,Month-to-month,1,Electronic check,50.15,0,50.15,50.15
7771-CFQRQ,0,0,1,1,47,1,0,DSL,0,1,0,1,0,1,Two year,0,Bank transfer (automatic),3007.25,0,63.98404255,63.8
9512-PHSMG,0,0,1,0,10,1,0,No,0,0,0,0,0,0,Month-to-month,1,Mailed check,252.75,0,25.275,20.55
6963-EZQEE,1,1,1,0,70,1,1,DSL,1,1,1,1,1,1,Two year,1,Credit card (automatic),6306.5,0,90.09285714,88.55
2452-KDRRH,1,1,0,0,67,1,1,Fiber optic,0,0,1,0,1,1,Month-to-month,1,Credit card (automatic),6841.05,0,102.1052239,101.4
2004-OCQXK,0,0,0,0,1,1,0,Fiber optic,0,0,0,0,0,1,Month-to-month,1,Electronic check,81.95,1,81.95,81.95
5027-QPKTE,1,0,1,0,7,1,0,Fiber optic,0,0,0,0,0,0,Month-to-month,1,Electronic check,451.1,1,64.44285714,69.35
4146-SVFUD,1,0,0,0,1,1,0,DSL,0,0,0,0,0,0,Month-to-month,0,Mailed check,44.6,0,44.6,44.6
1564-HJUVY,1,0,0,0,4,1,0,DSL,0,1,0,1,1,0,Month-to-month,1,Bank transfer (automatic),226.2,0,56.55,63.75
3617-XLSGQ,0,0,1,1,66,1,1,Fiber optic,1,1,1,0,1,1,Two year,0,Bank transfer (automatic),7082.5,0,107.3106061,109.25
7517-LDMPS,0,0,0,0,12,1,0,Fiber optic,0,1,0,0,0,1,Month-to-month,1,Electronic check,1017.35,0,84.77916667,84.6
7244-KXYZN,0,0,0,0,24,1,0,No,0,0,0,0,0,0,One year,0,Credit card (automatic),527.35,0,21.97291667,20.45
5226-NOZFC,1,0,0,0,26,1,0,Fiber optic,0,1,0,0,1,0,Month-to-month,1,Electronic check,2146.5,0,82.55769231,85.75
2672-HUYVI,0,0,0,0,6,1,0,Fiber optic,0,0,0,0,1,1,Month-to-month,1,Electronic check,455.3,1,75.88333333,91.1
1400-WIVLL,1,0,1,0,57,1,1,Fiber optic,0,0,1,1,1,1,Two year,0,Electronic check,5969.85,0,104.7342105,107.95
7508-MYBOG,1,0,1,0,14,1,1,Fiber optic,0,0,0,0,1,0,Month-to-month,1,Electronic check,1235.55,1,88.25357143,86.1
8148-NLEGT,0,0,1,1,42,1,1,No,0,0,0,0,0,0,Two year,0,Electronic check,1014.25,0,24.14880952,22.95
0148-DCDOS,1,0,0,0,25,1,1,Fiber optic,0,0,0,0,1,1,Month-to-month,1,Bank transfer (automatic),2362.1,1,94.484,94.7
8347-GDTMP,0,0,1,0,64,1,0,No,0,0,0,0,0,0,Two year,0,Credit card (automatic),1225.65,0,19.15078125,19.45
9992-RRAMN,1,0,1,0,22,1,1,Fiber optic,0,0,0,0,0,1,Month-to-month,1,Electronic check,1873.7,1,85.16818182,85.1
6746-WAUWT,1,0,0,0,19,1,0,No,0,0,0,0,0,0,One year,1,Credit card (automatic),386.5,0,20.34210526,19.7
0310-MVLET,0,0,1,1,61,1,1,Fiber optic,0,1,0,0,1,1,Month-to-month,1,Electronic check,6010.05,1,98.52540984,99.15
0428-IKYCP,1,0,1,0,22,1,0,Fiber optic,0,0,1,0,1,0,Month-to-month,1,Bank transfer (automatic),1850.65,0,84.12045455,87
4550-VBOFE,1,1,1,0,70,1,1,Fiber optic,0,1,1,0,1,1,Month-to-month,1,Electronic check,7101.5,1,101.45,102.95
2187-PKZAY,1,0,0,0,12,1,0,Fiber optic,0,0,0,0,0,1,Month-to-month,1,Bank transfer (automatic),1043.4,0,86.95,79.95
4003-OCTMP,0,0,1,0,31,1,0,DSL,1,0,0,1,0,1,One year,1,Electronic check,1910.75,0,61.63709677,64
6652-YFFJO,0,0,0,0,11,1,0,DSL,0,0,0,0,1,1,Month-to-month,1,Electronic check,716.1,0,65.1,64.9
7225-IILWY,1,0,1,1,68,1,1,No,0,0,0,0,0,0,Two year,0,Mailed check,1686.15,0,24.79632353,25.75
5248-RPYWW,0,1,1,1,72,1,1,DSL,1,1,1,1,1,1,Two year,1,Bank transfer (automatic),6716.45,0,93.28402778,90.15
7923-IYJWY,1,1,0,0,67,1,1,Fiber optic,1,1,1,1,1,1,Two year,1,Credit card (automatic),7839.85,0,117.0126866,114.729
3170-GWYKC,0,0,0,0,60,1,0,Fiber optic,1,0,1,1,1,1,Month-to-month,1,Bank transfer (automatic),6236.75,0,103.9458333,104.95
5696-QURRL,1,0,0,0,1,1,0,DSL,0,0,0,0,0,0,Month-to-month,1,Mailed check,45.05,1,45.05,45.05
7409-KIUTL,0,1,0,1,1,1,0,Fiber optic,0,0,0,0,0,0,Month-to-month,1,Electronic check,71,1,71,71
9830-ECLEN,1,0,1,1,58,0,0,DSL,1,1,1,0,1,0,One year,0,Mailed check,2919.85,0,50.34224138,50
1732-VHUBQ,0,1,1,1,47,1,0,Fiber optic,0,0,0,0,0,0,Month-to-month,0,Bank transfer (automatic),3309.25,1,70.40957447,70.55
0495-RVCBF,0,0,0,0,1,1,0,Fiber optic,0,0,0,0,0,1,Month-to-month,1,Electronic check,79.7,1,79.7,79.7
2668-TZSPS,1,0,0,0,1,1,0,No,0,0,0,0,0,0,Month-to-month,0,Mailed check,20.45,0,20.45,20.45
7854-EDSSA,1,0,0,0,22,1,1,DSL,1,1,0,0,0,0,Month-to-month,0,Electronic check,1254.7,1,57.03181818,59
8869-TORSS,0,0,0,0,48,1,0,DSL,1,0,1,1,0,0,One year,1,Credit card (automatic),2896.4,1,60.34166667,60.35
7446-SFAOA,0,0,1,0,37,1,0,No,0,0,0,0,0,0,One year,1,Bank transfer (automatic),717.5,0,19.39189189,19.85
9522-ZSINC,1,0,0,0,13,1,0,No,0,0,0,0,0,0,One year,1,Electronic check,253.8,0,19.52307692,19.95
8234-GSZYK,1,0,0,0,43,1,1,No,0,0,0,0,0,0,Two year,0,Bank transfer (automatic),1110.05,0,25.81511628,26.45
6505-OZNPG,0,0,0,0,6,0,0,DSL,1,1,1,1,1,1,Two year,1,Mailed check,348.8,0,58.13333333,63.4
6164-HAQTX,1,0,0,0,71,0,0,DSL,1,1,1,1,1,0,Two year,0,Bank transfer (automatic),3888.65,0,54.76971831,53.95
0679-IDSTG,0,1,1,1,1,1,0,Fiber optic,0,0,0,0,0,0,Month-to-month,1,Electronic check,69.25,1,69.25,69.25
7765-LWVVH,0,0,1,1,72,1,1,Fiber optic,1,1,0,0,1,0,Two year,1,Electronic check,6843.15,0,95.04375,95.1
1658-TJVOA,0,1,0,0,6,1,0,Fiber optic,1,0,0,0,0,0,Month-to-month,1,Electronic check,450.9,0,75.15,74.1
0953-LGOVU,1,0,1,1,12,0,0,DSL,0,1,0,1,0,0,Month-to-month,0,Mailed check,432.25,0,36.02083333,35.5
2115-BFTIW,1,0,0,0,25,1,0,Fiber optic,0,0,0,0,0,0,Month-to-month,0,Mailed check,1767.35,1,70.694,70.95
4692-NNQRU,0,0,1,0,21,1,0,Fiber optic,0,0,1,1,0,0,One year,0,Electronic check,1742.45,0,82.97380952,79.2
7742-MYPGI,0,0,1,1,6,1,0,DSL,0,0,0,1,0,0,Month-to-month,1,Mailed check,297.35,0,49.55833333,48.8
0611-DFXKO,1,0,1,0,20,1,0,Fiber optic,0,0,0,0,1,1,Month-to-month,1,Mailed check,1820.45,1,91.0225,89
7780-OTDSO,1,0,1,0,18,1,1,Fiber optic,1,0,0,0,1,1,Month-to-month,1,Electronic check,1742.95,1,96.83055556,99.4
9619-GSATL,0,0,0,0,43,1,0,DSL,0,1,0,1,0,0,One year,0,Electronic check,2444.25,0,56.84302326,55.45
5622-UEJFI,0,0,1,1,35,1,1,No,0,0,0,0,0,0,Two year,1,Credit card (automatic),949.8,0,27.13714286,25.4
9747-DDZOS,0,0,0,0,1,1,0,Fiber optic,0,0,1,0,0,0,Month-to-month,0,Bank transfer (automatic),73.5,1,73.5,73.5
0674-DGMAQ,1,1,1,0,32,1,1,Fiber optic,0,1,1,0,0,1,Month-to-month,1,Electronic check,2970.8,0,92.8375,93.5
6203-HBZPA,1,0,0,0,52,0,0,DSL,1,1,1,1,1,1,Two year,0,Credit card (automatic),3334.95,0,64.13365385,63.9
0484-FFVBJ,1,0,0,0,32,1,0,DSL,0,0,0,0,1,1,One year,1,Bank transfer (automatic),2010.95,0,62.8421875,64.85
0301-FIDRB,0,0,1,1,72,0,0,DSL,1,1,1,1,1,1,Two year,1,Bank transfer (automatic),4684.3,0,65.05972222,63.8
4139-JPIAM,1,0,0,0,51,0,0,DSL,1,0,0,1,0,1,Month-to-month,1,Credit card (automatic),2181.55,0,42.7754902,44.45
2181-TIDSV,1,0,1,1,68,1,0,No,0,0,0,0,0,0,Two year,1,Bank transfer (automatic),1303.25,0,19.16544118,19.95
2761-XECQW,1,1,1,0,8,0,0,DSL,0,1,1,0,0,1,Month-to-month,1,Mailed check,371.4,0,46.425,43.35
1936-CZAKF,1,0,1,0,49,0,0,DSL,0,1,0,0,1,1,Two year,0,Credit card (automatic),2409.9,0,49.18163265,49.65
9453-PATOS,0,0,1,0,72,1,0,DSL,1,1,1,1,1,1,Two year,0,Mailed check,6155.4,0,85.49166667,85.1
0564-JJHGS,1,0,0,0,9,1,1,Fiber optic,0,0,0,0,1,1,Month-to-month,1,Electronic check,829.1,1,92.12222222,95.5
3348-CFRNX,0,0,1,0,28,1,0,Fiber optic,1,0,0,0,1,1,Month-to-month,1,Mailed check,2602.9,1,92.96071429,92.35
4402-FTBXC,1,0,0,0,54,1,0,Fiber optic,1,0,1,0,1,0,Month-to-month,0,Mailed check,4667,0,86.42592593,89.8
1428-GTBJJ,1,0,0,0,11,1,0,Fiber optic,0,1,0,0,0,0,Month-to-month,1,Electronic check,824.75,1,74.97727273,74.55
2931-XIQBR,0,0,1,1,50,1,0,Fiber optic,0,0,1,1,1,1,One year,0,Mailed check,5153.5,0,103.07,103.05
0106-UGRDO,0,0,1,0,69,1,1,Fiber optic,1,1,1,1,1,1,Two year,1,Electronic check,8182.85,0,118.592029,114.729
5542-TBBWB,1,0,0,0,1,1,0,Fiber optic,0,0,0,0,0,0,Month-to-month,1,Electronic check,69.9,0,69.9,69.9
1930-QPBVZ,1,0,1,1,68,1,0,Fiber optic,1,1,0,1,0,1,Two year,0,Bank transfer (automatic),6683.4,0,98.28529412,95.1
2606-PKWJB,1,0,0,1,40,0,0,DSL,1,1,0,1,0,0,One year,0,Mailed check,1564.05,0,39.10125,40.25
5322-ZSMZY,1,0,1,1,31,1,1,No,0,0,0,0,0,0,Two year,0,Mailed check,755.6,0,24.37419355,25.75
8059-UDZFY,0,1,0,1,33,1,1,Fiber optic,0,1,1,0,1,1,Month-to-month,1,Bank transfer (automatic),3465.05,0,105.0015152,105.35
7740-BTPUX,1,1,1,0,55,1,1,Fiber optic,0,1,1,1,1,1,Two year,1,Electronic check,6292.7,0,114.4127273,113.6
5220-AGAAX,1,0,1,1,68,1,1,No,0,0,0,0,0,0,Two year,1,Bank transfer (automatic),1664.3,0,24.475,24
0208-BPQEJ,0,0,1,1,12,1,0,No,0,0,0,0,0,0,Month-to-month,0,Bank transfer (automatic),198.1,0,16.50833333,19.4
9435-JMLSX,1,0,1,0,71,1,0,DSL,1,1,1,1,1,1,Two year,1,Bank transfer (automatic),6045.9,0,85.15352113,86.1
3352-ALMCK,1,0,0,0,40,1,1,Fiber optic,0,1,1,0,1,1,Month-to-month,1,Mailed check,4108.15,0,102.70375,102.65
5312-IRCFR,0,0,1,1,64,1,1,Fiber optic,0,1,1,0,0,1,One year,1,Electronic check,5980.75,0,93.44921875,92.85
5294-IMHHT,1,0,1,0,53,1,1,Fiber optic,0,1,0,1,0,1,One year,0,Bank transfer (automatic),5043.2,0,95.15471698,97.75
8802-UNOJF,1,1,0,0,12,1,0,Fiber optic,0,1,1,1,0,0,Month-to-month,1,Mailed check,1029.75,1,85.8125,83.8
6313-GIDIT,1,1,0,0,53,0,0,DSL,0,1,1,0,1,1,Month-to-month,1,Electronic check,2854.55,1,53.85943396,54.45
6176-YJWAS,1,0,1,0,72,1,1,Fiber optic,1,1,1,0,1,0,Two year,1,Credit card (automatic),7114.25,0,98.80902778,97.95
5310-NOOVA,1,0,0,0,46,1,0,No,0,0,0,0,0,0,Two year,0,Electronic check,907.05,0,19.71847826,19.95
4526-EXKKN,1,0,0,0,40,1,1,No,0,0,0,0,0,0,Two year,1,Mailed check,973.95,0,24.34875,24.6
5311-IHLEI,1,0,0,0,12,0,0,DSL,1,1,0,1,1,0,Month-to-month,1,Bank transfer (automatic),605.75,0,50.47916667,50.95
3987-KQDDU,1,0,0,0,9,1,0,Fiber optic,1,0,0,0,0,0,Month-to-month,0,Electronic check,661.55,0,73.50555556,75.6
3404-JNXAX,0,0,1,1,51,1,1,Fiber optic,0,0,0,1,0,0,Month-to-month,1,Electronic check,4116.9,0,80.72352941,80.75
5131-PONJI,1,0,1,1,49,1,0,Fiber optic,0,1,1,0,1,0,Month-to-month,1,Credit card (automatic),4494.65,0,91.72755102,90.4
2845-AFFTX,1,1,1,0,41,1,1,Fiber optic,0,0,1,0,1,1,Month-to-month,1,Electronic check,4259.3,1,103.8853659,99.8
3489-VSFRD,0,0,0,0,56,1,0,DSL,1,0,1,1,0,0,One year,1,Credit card (automatic),3282.75,0,58.62053571,60.25
3345-JHUEO,1,0,0,0,4,1,0,No,0,0,0,0,0,0,Month-to-month,1,Electronic check,55.7,0,13.925,20.2
5815-HGGHV,1,0,1,0,20,1,0,DSL,1,0,0,1,0,1,One year,1,Mailed check,1274.45,0,63.7225,64.15
5260-UMPWX,0,0,1,1,26,1,0,No,0,0,0,0,0,0,Month-to-month,1,Credit card (automatic),493.95,0,18.99807692,20.25
2249-YPRNG,0,0,1,1,20,1,1,Fiber optic,0,1,1,0,1,1,Month-to-month,1,Bank transfer (automatic),2239.65,1,111.9825,105.85
7410-YTJIK,0,0,0,0,7,1,1,Fiber optic,0,0,0,0,0,0,Month-to-month,0,Mailed check,480.75,1,68.67857143,75.45
4626-GYCZP,1,0,0,0,7,1,1,Fiber optic,0,0,0,0,1,1,Month-to-month,1,Electronic check,635.6,1,90.8,93.85
5649-RXQTV,1,0,0,0,51,1,0,Fiber optic,0,1,1,0,1,1,Month-to-month,1,Electronic check,5038.15,0,98.7872549,99
2674-MIAHT,0,0,0,0,4,1,1,Fiber optic,0,1,0,0,0,0,Month-to-month,1,Mailed check,324.2,0,81.05,80.3
2576-HXMPA,0,0,0,0,1,1,0,No,0,0,0,0,0,0,Month-to-month,0,Credit card (automatic),19.55,0,19.55,19.55
7587-AOVVU,1,0,1,1,27,1,1,Fiber optic,1,1,0,1,1,0,Month-to-month,0,Electronic check,2793.55,0,103.4648148,100.75
5590-BYNII,1,0,0,0,22,1,1,Fiber optic,1,0,0,0,1,1,Month-to-month,1,Electronic check,2095,1,95.22727273,100.75
6898-MDLZW,1,0,0,0,12,1,0,DSL,0,1,0,1,0,0,Month-to-month,1,Mailed check,648.65,0,54.05416667,53.75
3237-AJGEH,0,0,1,1,3,0,0,DSL,0,0,0,1,0,0,Month-to-month,1,Mailed check,95.05,1,31.68333333,31
4707-YNOQA,0,0,1,1,34,1,1,No,0,0,0,0,0,0,One year,1,Credit card (automatic),917.15,0,26.975,25.6
9357-UJRUN,1,0,1,0,24,1,1,DSL,1,0,0,1,0,0,One year,1,Electronic check,1346.9,0,56.12083333,58.35
1591-NFNLQ,1,0,0,0,51,1,1,Fiber optic,0,0,1,0,0,0,Month-to-month,0,Credit card (automatic),4242.35,1,83.18333333,80
8648-PFRMP,0,1,0,0,14,0,0,DSL,0,0,0,0,1,1,Month-to-month,1,Electronic check,672.7,0,48.05,46.35
7663-CUXZB,1,0,1,0,59,1,1,Fiber optic,1,1,1,1,1,1,Two year,0,Electronic check,6561.25,0,111.2076271,113.75
0258-NOKBL,1,0,0,0,3,1,0,Fiber optic,0,1,1,0,0,1,Month-to-month,0,Electronic check,268.45,0,89.48333333,90.4
1163-VIPRI,0,0,1,1,65,1,1,Fiber optic,1,0,1,1,1,1,Two year,0,Electronic check,7337.55,0,112.8853846,109.3
2815-CPTUL,1,1,0,0,5,1,0,Fiber optic,0,0,0,0,0,0,Month-to-month,1,Mailed check,331.9,1,66.38,70.25
9348-ROUAI,0,0,1,1,59,1,1,DSL,1,1,1,1,1,1,Two year,0,Credit card (automatic),5194.05,0,88.03474576,90.3
9443-JUBUO,1,0,1,1,72,0,0,DSL,1,1,1,1,1,1,Two year,1,Credit card (automatic),4478.85,0,62.20625,65.25
0596-BQCEQ,0,0,1,1,62,1,0,Fiber optic,0,1,1,0,1,1,Month-to-month,1,Electronic check,6283.3,1,101.3435484,100.15
1481-ZUWZA,1,0,0,0,28,1,1,Fiber optic,1,1,0,0,0,1,Month-to-month,1,Credit card (automatic),2659.4,1,94.97857143,94.5
3043-TYBNO,1,0,0,0,3,1,0,DSL,0,0,0,1,0,1,Month-to-month,0,Mailed check,196.9,0,65.63333333,60.65
4830-FAXFM,1,0,0,1,19,1,1,No,0,0,0,0,0,0,Month-to-month,1,Credit card (automatic),439.2,0,23.11578947,24.1
5906-BFOZT,1,0,0,0,1,1,0,No,0,0,0,0,0,0,Month-to-month,1,Mailed check,19.5,0,19.5,19.5
2960-NKRSO,1,0,0,0,24,1,0,Fiber optic,0,1,1,1,0,0,Month-to-month,1,Electronic check,2107.15,0,87.79791667,85.95
8996-ZROXE,1,1,0,0,57,1,0,DSL,0,0,1,1,0,0,One year,1,Electronic check,3035.8,0,53.25964912,53.5
5598-IKHQQ,0,0,0,0,72,1,1,No,0,0,0,0,0,0,Two year,0,Credit card (automatic),1866.45,0,25.92291667,25.45
0397-ZXWQF,1,0,0,0,67,1,0,No,0,0,0,0,0,0,Two year,0,Bank transfer (automatic),1430.95,0,21.35746269,20.5
5266-PFRQK,1,0,1,1,52,1,0,No,0,0,0,0,0,0,One year,1,Credit card (automatic),1071.6,0,20.60769231,20.85
4674-HGNUA,1,0,1,1,71,1,1,DSL,1,1,1,1,1,1,Two year,0,Credit card (automatic),6457.15,0,90.94577465,89.9
6765-MBQNU,0,0,1,0,26,1,1,No,0,0,0,0,0,0,One year,0,Mailed check,684.05,0,26.30961538,26
9786-IJYDL,0,0,0,0,35,1,1,Fiber optic,1,1,1,1,1,1,Two year,1,Mailed check,3914.05,0,111.83,113.2
1303-SRDOK,0,0,1,1,55,1,0,Fiber optic,0,0,0,0,0,0,Two year,1,Credit card (automatic),3842.6,0,69.86545455,69.05
3769-MHZNV,0,0,1,1,33,1,0,No,0,0,0,0,0,0,Two year,0,Mailed check,670.35,0,20.31363636,20.1
6295-OSINB,1,0,1,0,72,1,1,Fiber optic,1,1,1,0,1,1,Two year,1,Electronic check,7880.25,0,109.4479167,109.65
3308-MHOOC,1,0,0,1,1,1,0,No,0,0,0,0,0,0,Month-to-month,1,Mailed check,19.2,0,19.2,19.2
2309-OSFEU,1,0,0,0,10,0,0,DSL,0,0,0,0,0,1,Month-to-month,1,Mailed check,298.45,1,29.845,33.9
2207-QPJED,0,1,1,0,37,1,0,Fiber optic,0,0,1,1,1,0,Month-to-month,0,Electronic check,3371.75,0,91.12837838,90
4177-JPDFU,1,0,0,0,12,0,0,DSL,0,1,0,1,0,0,Month-to-month,0,Mailed check,442.45,0,36.87083333,34
2239-CFOUJ,1,0,1,1,1,1,0,No,0,0,0,0,0,0,One year,0,Mailed check,20.4,0,20.4,20.4
8046-DNVTL,1,0,1,0,62,0,0,DSL,1,1,0,1,0,0,Two year,1,Credit card (automatic),2345.55,0,37.83145161,38.6
2209-XADXF,0,0,0,0,1,0,0,DSL,0,0,0,0,0,0,Month-to-month,0,Bank transfer (automatic),25.25,0,25.25,25.25
6620-JDYNW,0,0,0,0,18,1,1,DSL,1,0,1,0,0,0,Month-to-month,1,Mailed check,1156.35,0,64.24166667,60.6
1891-FZYSA,1,1,1,0,69,1,1,Fiber optic,0,1,0,0,1,0,Month-to-month,1,Electronic check,6143.15,1,89.03115942,89.95
4770-UEZOX,1,0,0,0,2,1,0,Fiber optic,0,1,0,0,0,0,Month-to-month,1,Electronic check,144.8,0,72.4,74.75
1038-RQOST,1,0,1,1,19,1,0,No,0,0,0,0,0,0,Month-to-month,0,Mailed check,414.95,0,21.83947368,20.6
7613-LLQFO,1,0,0,0,12,1,1,Fiber optic,0,0,0,0,1,0,Month-to-month,1,Electronic check,1059.55,1,88.29583333,84.45
4568-TTZRT,1,0,0,0,9,1,0,No,0,0,0,0,0,0,Month-to-month,0,Mailed check,181.8,0,20.2,20.4
9513-DXHDA,1,0,0,0,27,1,0,DSL,1,0,1,1,1,1,One year,0,Electronic check,2212.55,0,81.9462963,81.7
2640-PMGFL,1,0,0,1,27,1,1,Fiber optic,0,0,0,1,0,0,Month-to-month,1,Electronic check,2180.55,1,80.76111111,79.5
3801-HMYNL,1,0,1,1,1,1,0,Fiber optic,0,0,0,0,1,1,Month-to-month,0,Mailed check,89.15,1,89.15,89.15
0516-QREYC,0,1,0,0,24,1,0,No,0,0,0,0,0,0,Month-to-month,1,Mailed check,459.95,0,19.16458333,20.3
9685-WKZGT,1,1,0,0,14,1,1,Fiber optic,0,0,0,0,0,0,Month-to-month,1,Electronic check,1036.75,1,74.05357143,74.95
6022-UGGSO,0,1,0,0,32,1,0,Fiber optic,0,1,0,0,0,0,Month-to-month,1,Electronic check,2276.95,1,71.1546875,74.4
8084-OIVBS,0,0,0,0,11,1,0,No,0,0,0,0,0,0,One year,0,Mailed check,211.95,0,19.26818182,20
8896-BQTTI,1,0,0,0,1,1,1,No,0,0,0,0,0,0,Month-to-month,1,Mailed check,25,0,25,25
3865-QBWSJ,1,1,0,1,38,1,1,Fiber optic,1,0,0,0,0,0,Month-to-month,1,Mailed check,3162.65,0,83.22763158,80.45
3352-RICWQ,0,0,1,1,9,1,0,No,0,0,0,0,0,0,Two year,0,Mailed check,210.65,0,23.40555556,19.75
2160-GPFXD,1,0,1,1,54,1,1,DSL,1,1,0,1,0,0,Two year,1,Credit card (automatic),3566.7,0,66.05,65.65
2065-MMKGR,0,0,0,0,29,1,1,DSL,0,0,0,0,1,1,One year,1,Credit card (automatic),2080.1,0,71.72758621,71
5857-TYBCJ,1,1,1,0,44,1,1,Fiber optic,0,0,1,0,1,0,Month-to-month,1,Electronic check,4040.2,0,91.82272727,89.2
1498-NHTLT,1,0,1,1,59,1,0,DSL,1,1,1,1,1,1,Two year,1,Electronic check,5186,0,87.89830508,86.75
4484-CGXFK,0,0,0,0,3,1,0,DSL,0,0,0,0,0,1,Month-to-month,1,Electronic check,196.15,1,65.38333333,55.3
1402-PTHGN,0,0,1,1,18,1,0,DSL,1,1,0,1,0,0,One year,1,Mailed check,1087.45,0,60.41388889,61.5
4176-RELJR,1,1,0,0,67,1,1,No,0,0,0,0,0,0,Two year,0,Credit card (automatic),1672.15,0,24.95746269,25.1
6214-EDAKZ,0,0,1,1,22,1,0,DSL,0,1,0,1,0,0,Month-to-month,0,Electronic check,1206.05,1,54.82045455,55.15
5199-FPUSP,1,0,0,1,33,0,0,DSL,1,0,0,1,0,0,One year,0,Credit card (automatic),1113.95,0,33.75606061,34.05
6377-KSLXC,1,0,0,0,5,1,0,No,0,0,0,0,0,0,Month-to-month,0,Mailed check,107.05,0,21.41,19.95
1796-JANOW,0,0,0,0,2,1,0,No,0,0,0,0,0,0,Month-to-month,0,Mailed check,38.15,0,19.075,19.95
0238-WHBIQ,1,0,1,1,72,1,1,DSL,1,1,1,1,1,1,Two year,0,Credit card (automatic),6339.3,0,88.04583333,89.7
8735-NBLWT,1,0,0,1,9,1,0,No,0,0,0,0,0,0,Month-to-month,0,Mailed check,184.1,0,20.45555556,20.4
6651-RLGGM,1,0,1,1,67,1,1,No,0,0,0,0,0,0,Two year,0,Mailed check,1688.9,0,25.20746269,26.3
6127-ISGTU,0,0,1,0,16,1,1,Fiber optic,0,0,0,0,1,0,Month-to-month,1,Electronic check,1378.25,1,86.140625,84.95
1614-JBEBI,0,0,0,0,8,1,0,No,0,0,0,0,0,0,Month-to-month,1,Mailed check,137.6,0,17.2,20.7
8740-XLHDR,1,0,0,0,5,0,0,DSL,1,1,1,1,0,0,Month-to-month,1,Mailed check,219,1,43.8,43.25
1208-DNHLN,1,0,1,1,23,1,1,DSL,0,0,0,0,0,0,One year,1,Credit card (automatic),1067.15,1,46.39782609,48.35
1761-AEZZR,1,0,0,0,1,1,0,Fiber optic,0,0,0,0,1,0,Month-to-month,1,Electronic check,79.55,1,79.55,79.55
3923-CSIHK,0,1,1,0,50,1,0,Fiber optic,0,0,0,0,0,0,Month-to-month,1,Electronic check,3444.85,1,68.897,71.05
5696-EXCYS,1,0,0,0,17,1,0,No,0,0,0,0,0,0,Two year,0,Credit card (automatic),369.05,0,21.70882353,19.45
5795-KTGUD,0,0,1,0,68,1,1,Fiber optic,1,1,1,0,1,1,Two year,1,Bank transfer (automatic),7553.6,0,111.0823529,110.8
7120-RFMVS,1,0,0,0,1,1,1,Fiber optic,0,0,0,0,1,0,Month-to-month,0,Electronic check,84.5,1,84.5,84.5
7924-GJZFI,0,1,1,0,25,1,0,Fiber optic,0,0,0,0,0,0,Month-to-month,1,Electronic check,1813.1,0,72.524,69.3
4702-HDRKD,1,0,0,0,67,0,0,DSL,1,0,1,1,1,0,One year,1,Bank transfer (automatic),3321.35,0,49.57238806,49.35
8512-WIWYV,1,0,0,0,32,1,0,No,0,0,0,0,0,0,One year,0,Credit card (automatic),707.5,0,22.109375,20.35
5897-ZYEKH,0,1,1,0,67,1,1,Fiber optic,1,1,0,0,1,1,One year,1,Electronic check,7112.15,0,106.1514925,105.6
5456-ITGIC,1,1,1,0,72,0,0,DSL,1,1,1,1,1,1,Two year,1,Credit card (automatic),4641.1,0,64.45972222,64.45
7317-GGVPB,1,0,1,0,71,1,1,Fiber optic,0,1,1,1,1,1,Two year,1,Credit card (automatic),7690.9,1,108.3225352,108.6
1406-PUQVY,1,0,0,1,1,1,0,DSL,0,1,0,0,0,0,Month-to-month,1,Electronic check,49.9,0,49.9,49.9
1322-AGOQM,1,0,0,0,46,0,0,DSL,0,1,0,0,0,0,Month-to-month,0,Bank transfer (automatic),1380.1,1,30.00217391,30.3
3677-IYRBF,0,1,0,0,2,0,0,DSL,0,0,1,0,0,0,Month-to-month,1,Electronic check,78.65,1,39.325,30.4
5692-FPTAH,0,0,0,0,1,1,0,DSL,0,0,0,0,0,0,Month-to-month,1,Mailed check,45.4,1,45.4,45.4
9114-AAFQH,0,0,1,0,48,1,0,DSL,0,1,1,0,0,1,One year,1,Electronic check,3094.65,0,64.471875,65.65
8715-KKTFG,0,0,1,0,61,1,1,Fiber optic,0,0,1,1,1,1,One year,1,Bank transfer (automatic),6518.35,0,106.8581967,103.3
1550-LOAHA,0,0,1,0,32,1,0,Fiber optic,0,1,0,0,0,1,Month-to-month,0,Bank transfer (automatic),2585.95,1,80.8109375,84.15
1728-BQDMA,0,0,0,0,2,1,0,DSL,0,0,0,0,0,0,Month-to-month,0,Electronic check,82.7,0,41.35,44.45
0268-QKIWO,0,0,0,0,3,1,0,No,0,0,0,0,0,0,Month-to-month,0,Electronic check,58.85,1,19.61666667,19.75
0876-WDUUZ,0,0,0,0,5,1,0,Fiber optic,0,0,0,1,0,1,Month-to-month,1,Credit card (automatic),425.9,1,85.18,85.4
5117-ZSMHQ,0,0,1,1,71,1,1,DSL,1,1,1,1,1,1,Two year,0,Bank transfer (automatic),6342.7,0,89.33380282,89.9
5151-HQRDG,1,0,1,0,37,1,1,DSL,1,0,0,0,0,0,Month-to-month,1,Mailed check,2030.75,0,54.88513514,55.05
0960-HUWBM,1,0,1,1,65,1,1,Fiber optic,0,0,1,1,1,1,Two year,1,Bank transfer (automatic),6700.05,0,103.0776923,104.1
6465-GSRCL,0,0,0,1,67,1,1,Fiber optic,0,1,0,1,1,1,One year,1,Bank transfer (automatic),7244.7,0,108.1298507,106.6
0617-FHSGK,1,0,0,1,49,1,1,Fiber optic,0,0,0,0,0,0,Month-to-month,0,Credit card (automatic),3678.3,1,75.06734694,75.2
0263-FJTQO,1,0,1,1,50,1,1,DSL,1,0,0,1,1,0,Two year,1,Credit card (automatic),3486.65,0,69.733,70.5
7319-ZNRTR,1,0,1,1,25,1,0,No,0,0,0,0,0,0,One year,0,Electronic check,411.15,0,16.446,19.6
2858-MOFSQ,0,0,0,1,17,1,1,DSL,0,0,1,0,0,0,One year,1,Mailed check,937.5,1,55.14705882,55.85
7503-EPSZW,0,0,1,1,64,1,1,No,0,0,0,0,0,0,Two year,1,Mailed check,1559.15,0,24.36171875,24.05
7089-XXAYG,1,0,1,0,25,0,0,DSL,0,0,1,0,1,0,One year,1,Credit card (automatic),970.4,0,38.816,38.1
8118-LSUEL,1,1,0,0,23,1,1,Fiber optic,0,1,1,0,1,1,Month-to-month,1,Electronic check,2483.5,1,107.9782609,106.4
8070-AAWZP,1,1,1,0,24,0,0,DSL,0,0,1,1,0,0,Month-to-month,0,Mailed check,828.2,0,34.50833333,34.25
1666-JXLKU,0,0,0,0,37,1,1,Fiber optic,0,0,1,0,1,1,Month-to-month,1,Electronic check,3810.55,0,102.9878378,100.05
7855-DIWPO,0,0,0,0,21,1,0,Fiber optic,0,0,0,0,0,0,Month-to-month,1,Electronic check,1493.2,0,71.1047619,68.65
5133-POWUA,1,0,0,0,1,1,0,DSL,0,0,0,0,0,0,Month-to-month,1,Mailed check,45.8,0,45.8,45.8
5652-MSDEY,0,0,0,0,10,1,1,Fiber optic,0,0,0,0,0,0,Month-to-month,1,Mailed check,777.3,0,77.73,75.75
7005-CCBKV,1,0,0,0,6,1,0,Fiber optic,0,1,0,0,0,1,Month-to-month,1,Electronic check,556.35,1,92.725,84.4
1810-BOHSY,1,0,1,0,51,1,1,Fiber optic,1,1,0,0,0,1,One year,1,Credit card (automatic),4911.05,0,96.29509804,96.4
1784-BXEFA,0,0,0,0,10,1,0,No,0,0,0,0,0,0,Month-to-month,1,Mailed check,187.35,0,18.735,20.55
7351-MHQVU,0,0,0,0,6,0,0,DSL,1,1,0,1,0,1,Month-to-month,0,Credit card (automatic),307.6,0,51.26666667,50.95
9224-VTYID,1,0,1,1,47,1,1,DSL,1,1,1,1,1,1,Two year,1,Mailed check,4318.35,0,91.87978723,90.5
9500-IWPXQ,0,0,1,1,61,1,1,DSL,1,1,1,1,0,1,One year,1,Electronic check,4820.55,0,79.02540984,79.4
5762-TJXGK,0,0,0,0,52,0,0,DSL,1,1,1,0,1,1,Two year,1,Bank transfer (automatic),3038.55,0,58.43365385,58.75
4504-YOULA,0,0,1,1,35,1,1,DSL,1,1,0,0,0,0,Month-to-month,1,Credit card (automatic),2136.9,0,61.05428571,59.45
5569-IDSEY,1,0,1,0,71,1,1,Fiber optic,0,1,1,0,1,1,One year,1,Bank transfer (automatic),7472.15,0,105.2415493,105.7
4250-FDVOU,0,0,0,0,6,1,0,DSL,1,1,0,0,0,0,Month-to-month,0,Electronic check,389.1,1,64.85,56.25
7284-ZZLOH,1,0,1,0,45,1,0,DSL,1,0,1,0,0,0,Two year,0,Credit card (automatic),2296.25,0,51.02777778,53.3
5277-ZLOOR,0,1,0,0,2,1,1,Fiber optic,0,0,0,0,1,0,Month-to-month,1,Electronic check,187.45,1,93.725,85.55
2141-RRYGO,0,0,0,0,4,1,0,DSL,0,1,0,0,1,1,Month-to-month,1,Bank transfer (automatic),261.25,1,65.3125,68.65
1777-JYQPJ,1,0,0,0,2,0,0,DSL,0,0,0,0,0,0,Month-to-month,0,Mailed check,38.45,0,19.225,24.3
6376-GAHQE,1,0,0,0,4,1,0,Fiber optic,0,0,0,0,1,0,Month-to-month,0,Electronic check,299.2,1,74.8,77.85
3401-URHDA,1,0,0,0,51,1,1,DSL,1,0,0,1,0,0,One year,0,Credit card (automatic),3043.6,0,59.67843137,59.9
1599-EAHXY,1,0,1,1,60,1,1,No,0,0,0,0,0,0,One year,0,Credit card (automatic),1506.4,0,25.10666667,23.95
8631-XVRZL,1,0,0,0,9,1,0,No,0,0,0,0,0,0,One year,1,Mailed check,163.7,0,18.18888889,20.15
5052-PNLOS,1,0,0,0,3,1,1,Fiber optic,0,1,1,0,1,1,Month-to-month,1,Bank transfer (automatic),323.25,1,107.75,105.35
3853-LYGAM,1,0,0,0,17,1,1,Fiber optic,0,0,1,1,0,1,Month-to-month,1,Bank transfer (automatic),1640,0,96.47058824,95.65
6979-ZNSFF,0,0,0,0,8,1,1,Fiber optic,0,0,0,0,1,0,Month-to-month,1,Electronic check,762.1,1,95.2625,87.05
5751-USDBL,1,0,1,1,46,1,0,DSL,1,0,1,1,1,1,Two year,0,Mailed check,3846.35,0,83.61630435,81
5680-LQOGP,0,0,0,0,68,1,0,DSL,1,1,1,1,1,1,Two year,1,Credit card (automatic),5646.6,0,83.03823529,82.45
2386-LAHRK,1,0,0,0,1,1,0,DSL,0,0,0,0,1,0,Month-to-month,1,Mailed check,53.5,1,53.5,53.5
8189-DUKMV,0,0,1,0,4,1,0,No,0,0,0,0,0,0,One year,0,Bank transfer (automatic),79.05,0,19.7625,20.5
6032-IGALN,0,0,0,0,1,0,0,DSL,0,0,0,0,0,0,Month-to-month,1,Mailed check,25.1,1,25.1,25.1
9931-DCEZH,1,0,0,1,28,1,0,DSL,0,1,0,1,0,0,One year,1,Credit card (automatic),1516.6,0,54.16428571,54.4
1898-JSNDC,0,0,0,0,39,1,0,DSL,0,1,0,0,1,0,One year,1,Credit card (automatic),2224.5,0,57.03846154,58.6
0315-LVCRK,1,0,0,0,11,1,0,Fiber optic,0,0,1,0,0,1,Month-to-month,0,Electronic check,888.75,0,80.79545455,84.8
3911-RSNHI,0,0,1,0,71,0,0,DSL,0,1,1,1,1,1,Two year,1,Credit card (automatic),4310.35,0,60.70915493,61.4
2410-CIYFZ,1,0,0,1,2,1,0,No,0,0,0,0,0,0,Month-to-month,0,Mailed check,42.9,0,21.45,20.4
4248-HCETZ,1,1,1,0,30,1,0,Fiber optic,0,1,1,0,0,0,Month-to-month,1,Mailed check,2365.15,1,78.83833333,79.65
5505-OVWQW,0,0,0,0,17,1,0,No,0,0,0,0,0,0,One year,0,Mailed check,353.65,0,20.80294118,20.15
7271-AJDTL,0,0,1,0,55,1,1,Fiber optic,0,1,1,0,1,0,Month-to-month,1,Credit card (automatic),5073.1,0,92.23818182,94.45
1867-TJHTS,0,0,0,0,58,1,1,Fiber optic,1,0,0,0,0,0,Month-to-month,1,Bank transfer (automatic),4526.85,0,78.04913793,79.8
0516-WJVXC,0,0,0,0,5,1,0,DSL,1,0,0,1,0,0,Month-to-month,0,Electronic check,308.25,1,61.65,54.2
9174-FKWZE,0,1,0,0,1,1,0,No,0,0,0,0,0,0,Month-to-month,1,Electronic check,19.45,1,19.45,19.45
6860-YRJZP,1,1,0,0,9,1,1,Fiber optic,0,0,0,0,0,0,Month-to-month,1,Electronic check,678.45,0,75.38333333,74.05
4429-WYGFR,1,0,0,0,26,1,0,DSL,0,0,0,1,0,0,Month-to-month,0,Bank transfer (automatic),1237.3,0,47.58846154,49.15
2817-LVCPP,0,0,0,0,50,1,0,No,0,0,0,0,0,0,Two year,0,Credit card (automatic),1023.95,0,20.479,19.4
5038-ETMLM,0,0,1,0,72,1,1,Fiber optic,1,1,1,1,1,1,Two year,1,Bank transfer (automatic),8182.75,0,113.6493056,113.65
5056-FIMPT,0,0,0,1,43,1,0,Fiber optic,1,1,0,1,1,1,One year,1,Credit card (automatic),4532.3,0,105.4023256,106
4521-WFJAI,1,0,0,0,56,1,1,No,0,0,0,0,0,0,Two year,1,Bank transfer (automatic),1444.05,0,25.78660714,25.95
6569-KTMDU,0,0,0,0,1,1,0,No,0,0,0,0,0,0,Month-to-month,0,Mailed check,19.1,0,19.1,19.1
8809-RIHDD,1,0,1,1,72,1,1,Fiber optic,0,1,1,0,1,1,Two year,1,Electronic check,7372.65,1,102.3979167,103.4
8809-XKHMD,1,0,1,0,72,1,1,Fiber optic,1,1,0,1,0,1,Two year,1,Bank transfer (automatic),7325.1,0,101.7375,100.55
0396-YCHWO,1,0,1,0,36,1,1,Fiber optic,0,0,0,0,1,1,Month-to-month,1,Electronic check,3474.2,0,96.50555556,95.4
0867-LDTTC,1,0,0,0,5,1,0,DSL,0,0,1,1,1,1,Month-to-month,0,Bank transfer (automatic),392.65,0,78.53,75.15
4822-NGOCH,0,0,0,0,13,1,1,Fiber optic,0,1,1,0,0,0,Month-to-month,1,Electronic check,1058.6,1,81.43076923,84.45
9391-DXGGG,0,1,0,0,44,1,0,Fiber optic,0,1,1,0,0,1,One year,0,Credit card (automatic),3990.75,0,90.69886364,89.15
9844-FELAJ,0,1,1,1,70,1,1,Fiber optic,0,1,1,1,1,1,One year,1,Electronic check,7475.85,0,106.7978571,107.9
2122-SZZZD,1,0,0,0,44,1,0,No,0,0,0,0,0,0,One year,0,Credit card (automatic),835.5,0,18.98863636,19.5
5307-DZCVC,0,1,1,0,32,1,1,Fiber optic,0,0,0,0,1,0,Month-to-month,1,Credit card (automatic),2628.6,1,82.14375,85.95
3148-AOIQT,0,0,1,0,69,1,1,No,0,0,0,0,0,0,Two year,1,Credit card (automatic),1718.35,0,24.90362319,24.95
8679-JOEVF,0,1,0,0,16,1,0,DSL,0,0,0,1,1,0,Month-to-month,0,Electronic check,1023.9,1,63.99375,59.4
8395-ETZKQ,1,1,1,1,68,1,0,No,0,0,0,0,0,0,One year,0,Bank transfer (automatic),1193.55,0,17.55220588,19.5
6692-YQHXC,1,0,0,0,16,1,0,Fiber optic,0,0,0,0,0,0,Month-to-month,1,Credit card (automatic),1205.5,0,75.34375,69.95
3889-VWBID,1,0,1,1,68,1,0,DSL,1,1,0,1,1,1,Two year,0,Bank transfer (automatic),5776.45,0,84.94779412,82.85
5222-JCXZT,1,0,0,0,4,1,0,No,0,0,0,0,0,0,Month-to-month,0,Mailed check,78.9,0,19.725,19
9754-CLVZW,0,0,1,1,26,0,0,DSL,1,1,0,1,0,0,Month-to-month,0,Credit card (automatic),1025.15,0,39.42884615,38.85
1432-FPAXX,0,0,0,0,29,0,0,DSL,0,1,0,0,0,0,Month-to-month,1,Electronic check,856.35,1,29.52931034,30.6
2739-CCZMB,1,0,0,1,5,1,0,No,0,0,0,0,0,0,Month-to-month,0,Credit card (automatic),122,0,24.4,20.35
7080-TNUWP,1,0,1,0,70,1,1,Fiber optic,0,1,1,0,1,0,One year,1,Bank transfer (automatic),6602.9,0,94.32714286,95
0496-AHOOK,1,0,1,0,24,1,0,DSL,1,0,0,1,1,1,One year,0,Bank transfer (automatic),1712.9,0,71.37083333,74.4
8336-TAVKX,0,1,1,0,72,1,1,DSL,1,1,1,1,0,1,Two year,0,Bank transfer (automatic),5682.25,0,78.92013889,78.45
2468-SJFLM,1,0,0,0,1,1,0,Fiber optic,0,0,0,1,0,0,Month-to-month,1,Mailed check,74.3,0,74.3,74.3
3181-VTHOE,1,0,1,0,70,0,0,DSL,0,1,1,1,0,1,One year,1,Bank transfer (automatic),3635.15,0,51.93071429,51.05
7168-HDQHG,0,0,1,1,36,1,0,No,0,0,0,0,0,0,Month-to-month,0,Bank transfer (automatic),702.9,0,19.525,19.2
4803-AXVYP,0,1,0,0,38,1,1,Fiber optic,0,0,0,1,1,1,Month-to-month,1,Electronic check,3734.25,1,98.26973684,99.55
3884-HCSWG,0,0,0,0,17,1,0,Fiber optic,0,0,0,0,0,0,Month-to-month,1,Electronic check,1144.5,1,67.32352941,70
4567-AKPIA,0,0,1,1,41,1,1,Fiber optic,0,1,1,1,1,1,One year,1,Bank transfer (automatic),4454.25,0,108.6402439,109.1
5077-DXTCG,0,0,0,0,1,1,0,DSL,0,0,0,0,0,0,Month-to-month,1,Electronic check,45.3,1,45.3,45.3
1142-WACZW,1,0,0,0,2,0,0,DSL,0,0,0,1,0,0,Month-to-month,0,Bank transfer (automatic),75.6,1,37.8,29.85
7901-HXJVA,1,0,0,0,14,1,0,Fiber optic,0,0,1,0,0,0,Month-to-month,0,Electronic check,1117.55,0,79.825,76.45
5649-ANRML,1,1,0,0,2,1,0,Fiber optic,0,1,1,1,0,1,Month-to-month,1,Credit card (automatic),180.25,1,90.125,95.1
4892-VLANZ,1,0,0,0,1,1,0,No,0,0,0,0,0,0,Month-to-month,0,Mailed check,19.8,1,19.8,19.8
5924-IFQTT,1,0,1,1,13,1,1,DSL,0,1,1,1,1,0,Month-to-month,1,Electronic check,930.05,0,71.54230769,72.8
7968-QUXNS,1,0,0,0,6,1,0,No,0,0,0,0,0,0,Month-to-month,0,Mailed check,110.15,0,18.35833333,18.95
2919-HBCJO,0,0,0,0,4,1,0,Fiber optic,0,1,0,0,0,0,Month-to-month,1,Bank transfer (automatic),333.6,1,83.4,76.65
4236-XPXAV,0,0,1,1,5,1,0,Fiber optic,0,1,0,1,1,1,Month-to-month,1,Mailed check,465.05,1,93.01,99.15
8903-WMRNW,0,0,1,0,15,1,0,Fiber optic,1,0,1,0,1,1,Month-to-month,0,Electronic check,1669.4,0,111.2933333,101.75
2452-SNHFZ,0,0,0,0,47,1,0,Fiber optic,1,0,0,0,0,0,Month-to-month,0,Credit card (automatic),3545.1,0,75.42765957,75.45
3629-WEAAM,0,0,0,0,8,1,0,DSL,0,0,1,1,0,1,Month-to-month,0,Mailed check,504.05,0,63.00625,64.1
6029-CSMJE,1,0,0,0,17,0,0,DSL,0,0,0,0,0,0,Month-to-month,1,Mailed check,440.2,0,25.89411765,25.65
7993-NQLJE,1,0,1,1,15,1,0,Fiber optic,1,0,0,0,0,0,Month-to-month,0,Mailed check,1151.55,0,76.77,75.1
9909-DFRJA,0,0,0,0,26,1,0,Fiber optic,1,0,1,1,0,1,One year,1,Bank transfer (automatic),2475.35,0,95.20576923,95.85
9099-FTUHS,0,0,0,0,23,1,1,DSL,1,0,0,0,0,0,Month-to-month,0,Electronic check,1249.25,0,54.31521739,54.4
0581-BXBUB,0,1,0,0,4,1,0,Fiber optic,0,1,0,0,0,0,Month-to-month,0,Electronic check,317.75,0,79.4375,72.75
4962-CHQPW,1,0,0,1,29,1,0,No,0,0,0,0,0,0,One year,0,Mailed check,535.05,0,18.45,19.85
9467-ROOLM,0,0,0,0,25,1,0,No,0,0,0,0,0,0,Month-to-month,0,Mailed check,461.3,0,18.452,19.05
3030-YZADT,1,0,0,0,9,1,0,DSL,0,0,0,0,0,0,Month-to-month,0,Mailed check,431,1,47.88888889,44.95
7410-KTVFV,1,0,1,0,18,1,0,DSL,0,0,1,0,0,0,Month-to-month,1,Mailed check,878.35,1,48.79722222,49.55
5150-ITWWB,1,1,0,0,3,1,1,Fiber optic,0,0,0,0,1,1,Month-to-month,1,Electronic check,335.75,0,111.9166667,94.85
2253-KPMNB,0,0,1,1,69,0,0,DSL,1,1,1,1,0,0,Two year,0,Bank transfer (automatic),3121.4,0,45.23768116,46.25
1345-ZUKID,1,0,0,0,14,1,0,No,0,0,0,0,0,0,One year,0,Mailed check,324.8,0,23.2,19.35
6429-SHBCB,1,0,0,0,19,1,1,DSL,0,0,0,0,1,1,Month-to-month,0,Mailed check,1394.55,0,73.39736842,69.6
9281-OFDMF,1,1,0,0,39,1,1,Fiber optic,0,1,0,0,0,1,Month-to-month,0,Electronic check,3413.25,0,87.51923077,90.7
2603-HVKCG,1,0,0,0,31,1,0,Fiber optic,0,1,1,0,1,1,Month-to-month,1,Electronic check,3143.65,0,101.4080645,101.4
1834-WULEG,1,0,1,1,24,1,0,No,0,0,0,0,0,0,One year,0,Mailed check,439.75,0,18.32291667,20.25
9097-ZUBYC,1,0,1,0,14,1,0,DSL,0,0,0,1,0,0,Month-to-month,0,Bank transfer (automatic),664.4,0,47.45714286,48.8
5148-ORICT,0,0,1,0,64,1,0,DSL,1,1,1,1,0,1,Two year,1,Mailed check,4759.55,0,74.36796875,74.35
4893-GYUJU,0,0,0,0,50,1,0,No,0,0,0,0,0,0,One year,1,Mailed check,1033,0,20.66,19.35
4578-PHJYZ,1,0,1,1,52,1,0,DSL,0,1,1,1,1,0,One year,1,Electronic check,3482.85,0,66.97788462,68.75
7272-QDCKA,1,0,0,0,28,1,1,Fiber optic,0,1,0,0,1,1,One year,0,Electronic check,2688.45,0,96.01607143,100.2
8908-SLFCJ,0,0,0,0,21,1,0,No,0,0,0,0,0,0,Two year,1,Credit card (automatic),435.25,0,20.72619048,20.85
8393-DLHGA,1,0,0,1,25,1,0,Fiber optic,0,1,0,0,1,1,Month-to-month,1,Electronic check,2448.75,1,97.95,95.9
9766-HGEDE,0,0,1,0,17,1,0,No,0,0,0,0,0,0,One year,0,Mailed check,307,0,18.05882353,19.35
6968-MHOMU,1,0,1,0,58,0,0,DSL,0,0,0,0,1,1,One year,1,Credit card (automatic),2689.35,0,46.36810345,45
7395-IGJOS,1,1,1,0,17,1,0,Fiber optic,0,0,0,0,0,1,Month-to-month,0,Bank transfer (automatic),1329.2,1,78.18823529,81.5
5044-XDPYX,0,0,1,0,51,1,1,No,0,0,0,0,0,0,Two year,0,Mailed check,1281.25,0,25.12254902,25.5
1814-WFGVS,1,0,1,1,72,0,0,DSL,1,0,1,1,1,0,Two year,0,Mailed check,3527,0,48.98611111,48.9
2834-SPCJV,1,0,1,0,52,1,0,Fiber optic,1,0,0,0,1,0,Month-to-month,0,Electronic check,4348.65,1,83.62788462,84.1
3721-WKIIL,0,0,0,0,27,1,0,No,0,0,0,0,0,0,Two year,1,Mailed check,561.15,0,20.78333333,19.6
6734-CKRSM,0,0,0,0,3,1,0,No,0,0,0,0,0,0,Month-to-month,0,Mailed check,63.6,0,21.2,20
1265-ZFOSD,0,0,1,0,64,1,1,DSL,1,1,1,1,0,1,Two year,1,Mailed check,5129.3,0,80.1453125,81.3
6568-POCUI,0,0,1,0,45,1,0,Fiber optic,0,0,0,1,1,1,Two year,1,Credit card (automatic),4285.8,0,95.24,95.2
7890-VYYWG,1,1,1,0,3,0,0,DSL,0,0,0,0,1,0,Month-to-month,1,Mailed check,93.7,1,31.23333333,36.45
5197-LQXXH,0,0,1,0,71,1,1,DSL,0,1,1,1,1,1,Two year,1,Credit card (automatic),5894.5,0,83.02112676,83.3
9907-SWKKF,0,1,0,0,1,0,0,DSL,0,0,0,0,0,0,Month-to-month,0,Mailed check,25.05,1,25.05,25.05
3457-PQBYH,0,0,1,1,58,1,0,No,0,0,0,0,0,0,Two year,0,Credit card (automatic),1160.75,0,20.01293103,20.3
7682-AZNDK,1,0,1,1,34,1,0,Fiber optic,0,1,1,0,1,0,Month-to-month,1,Electronic check,3091.75,0,90.93382353,89.85
0587-DMGBH,0,0,0,0,8,1,0,DSL,1,0,0,0,0,0,Month-to-month,1,Electronic check,365.55,1,45.69375,49.85
5384-ZTTWP,0,0,1,1,15,1,0,No,0,0,0,0,0,0,Month-to-month,0,Mailed check,272.95,0,18.19666667,19.8
3745-HRPHI,1,0,1,1,66,0,0,DSL,0,0,1,1,1,1,Two year,0,Bank transfer (automatic),3632,0,55.03030303,54.65
7636-OWBPG,1,1,0,0,12,0,0,DSL,0,1,0,0,0,0,Month-to-month,1,Credit card (automatic),381.2,0,31.76666667,29.35
1231-YNDEK,1,0,0,0,58,1,0,No,0,0,0,0,0,0,Two year,1,Bank transfer (automatic),1035.5,0,17.85344828,19.15
1407-DIGZV,0,0,1,1,3,1,0,No,0,0,0,0,0,0,Two year,0,Mailed check,52,0,17.33333333,19.1
6397-JNZZG,0,1,1,0,43,0,0,DSL,0,1,1,0,1,1,Month-to-month,0,Credit card (automatic),2342.2,1,54.46976744,55.55
0570-BFQHT,0,0,0,0,9,1,0,Fiber optic,0,1,1,0,0,0,Month-to-month,0,Electronic check,653.9,0,72.65555556,80.55
4393-OBCRR,0,0,0,0,3,1,0,No,0,0,0,0,0,0,One year,0,Mailed check,71.2,0,23.73333333,20.25
3523-QRQLL,0,0,1,1,22,1,0,DSL,0,1,0,0,1,1,One year,1,Bank transfer (automatic),1498.2,1,68.1,69.5
8564-LDKFL,1,0,1,0,40,1,1,Fiber optic,0,1,1,0,1,1,One year,1,Bank transfer (automatic),4178.65,0,104.46625,106
3696-DFHHB,0,0,0,0,68,1,1,No,0,0,0,0,0,0,Two year,0,Bank transfer (automatic),1821.8,0,26.79117647,25.5
0895-DQHEW,1,0,1,0,54,1,1,Fiber optic,0,1,1,0,1,1,Month-to-month,1,Electronic check,5278.15,1,97.74351852,104.3
4717-GHADL,0,0,0,0,50,1,1,DSL,0,1,0,1,1,1,Two year,1,Mailed check,4024.2,0,80.484,79.6
5501-TVMGM,1,0,0,0,1,1,0,DSL,0,0,0,0,0,1,Month-to-month,1,Electronic check,55.25,0,55.25,55.25
5879-HMFFH,0,0,1,0,72,1,1,DSL,1,1,1,1,1,1,Two year,0,Bank transfer (automatic),6520.8,0,90.56666667,88.05
6772-WFQRD,1,0,0,1,40,1,0,No,0,0,0,0,0,0,One year,1,Bank transfer (automatic),854.9,0,21.3725,20.4
3810-DVDQQ,0,0,1,1,72,1,1,Fiber optic,1,1,1,1,1,1,Two year,1,Bank transfer (automatic),8308.9,0,115.4013889,114.729
6972-SNKKW,0,0,0,0,6,1,0,No,0,0,0,0,0,0,Month-to-month,0,Mailed check,109.2,0,18.2,20
3694-GLTJM,0,0,0,0,5,1,0,No,0,0,0,0,0,0,Month-to-month,1,Credit card (automatic),92.05,0,18.41,19.65
8550-XSXUQ,1,0,1,0,48,1,1,DSL,0,1,1,0,0,1,One year,1,Credit card (automatic),3420.5,0,71.26041667,70.55
8149-RSOUN,0,0,0,0,1,1,1,Fiber optic,0,0,0,0,1,1,Month-to-month,1,Electronic check,93.85,1,93.85,93.85
9055-MOJJJ,0,0,1,1,64,1,0,DSL,1,0,0,1,1,0,One year,0,Mailed check,4068,0,63.5625,65.8
4359-INNWN,0,0,0,0,17,1,0,No,0,0,0,0,0,0,One year,0,Credit card (automatic),337.9,0,19.87647059,20.05
0585-EGDDA,1,0,1,0,40,1,0,Fiber optic,0,1,1,0,0,0,Month-to-month,1,Electronic check,3168.75,0,79.21875,80
4032-RMHCI,0,0,1,1,41,0,0,DSL,1,0,1,0,0,0,One year,0,Credit card (automatic),1412.4,0,34.44878049,35.4
0549-CYCQN,1,1,0,0,51,1,1,Fiber optic,0,1,0,0,0,0,One year,1,Bank transfer (automatic),3974.7,0,77.93529412,79.6
3481-JHUZH,1,0,1,0,41,1,1,Fiber optic,0,1,0,0,0,0,Month-to-month,1,Electronic check,3439,0,83.87804878,80.25
7250-EQKIY,0,0,1,1,1,1,0,DSL,0,0,1,0,0,0,Month-to-month,0,Mailed check,50.45,1,50.45,50.45
3594-IVHJZ,0,0,0,0,2,1,0,No,0,0,0,0,0,0,Month-to-month,1,Mailed check,42.45,0,21.225,20.45
6869-FGJJC,1,0,0,0,68,1,0,Fiber optic,0,1,1,0,0,0,One year,0,Credit card (automatic),5461.45,0,80.31544118,79.6
3896-ZVNET,0,0,1,1,24,1,1,No,0,0,0,0,0,0,Two year,0,Mailed check,571.75,0,23.82291667,24.7
8205-VSLRB,1,0,1,0,70,1,1,DSL,1,0,1,1,0,1,Two year,0,Credit card (automatic),5498.2,0,78.54571429,77.3
5960-MVTUK,1,0,0,0,3,0,0,DSL,0,0,0,1,0,0,Month-to-month,1,Electronic check,96.85,0,32.28333333,29.75
6817-WTYHE,1,0,0,0,2,1,0,DSL,0,0,0,0,0,0,Month-to-month,0,Bank transfer (automatic),111.05,0,55.525,44.9
3082-VQXNH,1,0,1,0,3,0,0,DSL,0,1,0,0,0,0,Month-to-month,0,Credit card (automatic),94.4,0,31.46666667,29.8
4013-UBXWQ,0,0,0,0,7,1,1,DSL,0,0,0,1,1,1,Month-to-month,1,Electronic check,521.1,1,74.44285714,74.65
4931-TRZWN,0,0,0,0,13,1,0,DSL,1,0,0,0,1,1,Month-to-month,1,Electronic check,923.85,0,71.06538462,71.95
0750-EKNGL,1,0,0,0,7,1,0,No,0,0,0,0,0,0,Month-to-month,0,Mailed check,141.1,0,20.15714286,20.75
7669-LCRSD,1,0,1,1,12,1,0,DSL,0,0,0,0,1,0,Month-to-month,1,Mailed check,628.65,0,52.3875,56.3
3567-PQTSO,1,0,1,1,53,1,1,Fiber optic,0,1,1,0,1,1,One year,1,Electronic check,5576.3,0,105.2132075,105.25
5519-NPHVG,0,0,0,0,12,1,1,Fiber optic,0,0,0,0,1,1,Month-to-month,1,Electronic check,1046.1,1,87.175,94.2
8043-PNYSD,1,0,1,1,63,1,0,No,0,0,0,0,0,0,Two year,0,Mailed check,1245.6,0,19.77142857,19.55
9938-EKRGF,0,0,0,0,15,1,0,DSL,1,1,1,1,1,1,Month-to-month,0,Mailed check,1287.85,0,85.85666667,84.45
2703-AMTUL,1,0,1,1,36,1,0,DSL,1,1,0,0,0,0,One year,0,Mailed check,1939.35,0,53.87083333,53.65
0928-JMXNP,1,1,1,0,4,0,0,DSL,0,0,1,0,0,0,Month-to-month,1,Electronic check,118.25,0,29.5625,29.9
8173-RXAYP,0,0,1,1,24,1,0,No,0,0,0,0,0,0,Two year,0,Mailed check,452.55,0,18.85625,19.7
4825-XJGDM,0,0,0,0,61,0,0,DSL,1,1,1,1,0,0,One year,0,Credit card (automatic),2696.55,0,44.2057377,43.7
5402-HTOTQ,1,0,0,0,16,1,1,DSL,0,1,0,0,0,0,Month-to-month,0,Electronic check,875.35,0,54.709375,55.3
6734-JDTTV,1,0,1,1,65,1,0,No,0,0,0,0,0,0,Two year,1,Credit card (automatic),1267.05,0,19.49307692,19.85
7850-THJMU,0,0,1,1,26,1,0,No,0,0,0,0,0,0,Two year,0,Credit card (automatic),494.9,0,19.03461538,19.65
3890-RTCMS,1,0,0,0,16,1,0,DSL,0,0,0,1,0,0,Month-to-month,1,Mailed check,799,0,49.9375,49.45
8849-GYOKR,0,0,1,0,54,1,1,Fiber optic,1,1,0,0,1,1,One year,0,Bank transfer (automatic),5763.3,1,106.7277778,106.55
3148-BLQJT,1,0,0,0,1,1,0,No,0,0,0,0,0,0,Month-to-month,0,Mailed check,20.1,1,20.1,20.1
3717-FDJFU,1,0,0,1,5,1,0,No,0,0,0,0,0,0,Two year,0,Mailed check,106.9,0,21.38,20.45
3665-JATSN,0,0,0,0,19,0,0,DSL,0,1,0,0,0,1,Month-to-month,1,Electronic check,710.05,0,37.37105263,39.7
7966-YOTQW,1,0,0,0,10,1,1,DSL,1,0,0,0,0,0,Month-to-month,1,Credit card (automatic),568.2,0,56.82,54.5
0461-CVKMU,0,0,1,1,23,1,0,Fiber optic,0,1,1,1,0,0,Month-to-month,0,Electronic check,1900.25,1,82.61956522,83.8
8806-EAGWC,1,0,0,0,3,1,0,DSL,0,0,0,0,1,0,Month-to-month,0,Mailed check,159.15,1,53.05,55.15
8853-TZDGH,0,0,0,0,72,1,1,Fiber optic,0,1,1,1,1,1,Two year,1,Bank transfer (automatic),8012.75,0,111.2881944,111.6
7779-LGOVN,1,1,1,0,10,1,1,Fiber optic,0,0,0,0,0,1,Month-to-month,1,Electronic check,856.65,1,85.665,86.65
4324-BZCKL,0,0,1,1,10,1,0,DSL,0,1,1,0,0,0,Month-to-month,1,Mailed check,551.3,0,55.13,55.55
6924-TDGMT,1,0,1,0,11,1,0,No,0,0,0,0,0,0,One year,1,Mailed check,184.95,0,16.81363636,20.55
9710-ZUSHQ,0,1,0,0,37,1,1,Fiber optic,1,1,0,0,1,1,Month-to-month,1,Bank transfer (automatic),4056.75,1,109.6418919,106.75
1536-YHDOE,1,0,1,1,17,1,1,DSL,1,0,0,1,0,0,One year,1,Mailed check,1096.65,0,64.50882353,62.1
8123-QBNAZ,0,0,1,1,36,1,1,Fiber optic,1,0,1,0,1,1,Month-to-month,1,Credit card (automatic),3684.95,0,102.3597222,104.5
3629-ZNKXA,1,1,0,0,17,1,0,Fiber optic,0,1,1,0,1,1,Month-to-month,1,Electronic check,1752.45,0,103.0852941,101.8
4827-LTQRJ,0,1,1,1,66,1,1,Fiber optic,1,1,0,1,1,1,One year,1,Credit card (automatic),7210.85,0,109.255303,110.6
7711-YIJWC,1,0,1,1,61,1,0,DSL,1,1,1,1,1,1,One year,0,Bank transfer (automatic),5264.5,0,86.30327869,84.9
5482-VXSXJ,1,0,0,0,22,1,0,Fiber optic,0,1,0,0,1,1,Month-to-month,1,Mailed check,2157.3,0,98.05909091,93.2
7365-BVCJH,1,0,0,0,1,0,0,DSL,0,0,0,0,0,0,Month-to-month,1,Electronic check,24.4,0,24.4,24.4
9620-ENEJV,0,0,0,0,6,1,0,Fiber optic,0,0,0,0,0,0,Month-to-month,0,Credit card (automatic),433.95,0,72.325,70.55
4183-WCSEP,1,0,0,0,31,1,0,Fiber optic,0,1,0,1,0,0,Month-to-month,1,Electronic check,2435.15,1,78.55322581,78.45
2378-YIZKA,0,0,1,1,68,1,0,DSL,1,1,1,1,1,1,Two year,1,Credit card (automatic),5607.75,0,82.46691176,85
5498-TXHLF,0,0,1,1,34,1,1,Fiber optic,0,0,1,0,1,0,Month-to-month,0,Electronic check,2874.15,1,84.53382353,87.45
0689-DSXGL,0,0,1,1,52,1,0,Fiber optic,0,1,1,1,0,0,Month-to-month,0,Bank transfer (automatic),4433.3,0,85.25576923,85.8
6818-DJXAA,0,0,0,1,10,1,0,Fiber optic,0,0,1,1,1,0,Month-to-month,1,Electronic check,964.35,0,96.435,91.1
9722-UJOJR,1,0,1,1,29,1,0,Fiber optic,0,0,0,0,0,0,Month-to-month,1,Electronic check,1974.8,1,68.09655172,70.75
0464-WJTKO,0,0,1,1,72,1,0,No,0,0,0,0,0,0,Two year,0,Bank transfer (automatic),1460.85,0,20.28958333,20.1
8902-ZEOVF,1,0,1,1,47,1,0,No,0,0,0,0,0,0,One year,0,Mailed check,951.55,0,20.24574468,20.05
6778-EICRF,1,0,1,1,24,1,1,DSL,1,0,0,0,1,1,One year,0,Mailed check,1821.2,0,75.88333333,74.8
2662-NNTDK,1,0,0,0,65,1,1,No,0,0,0,0,0,0,One year,0,Credit card (automatic),1600.95,0,24.63,24.8
4132-KALRO,0,0,0,0,4,1,1,Fiber optic,0,0,0,1,1,1,Month-to-month,1,Mailed check,399.25,0,99.8125,100.85
3902-FOIGH,1,1,1,0,12,1,1,Fiber optic,0,1,0,0,1,1,Month-to-month,1,Electronic check,1218.55,1,101.5458333,101.35
6772-KSATR,1,0,0,0,1,1,1,Fiber optic,1,0,0,0,0,0,Month-to-month,1,Electronic check,81.7,1,81.7,81.7
7112-OPOTK,1,0,0,0,33,1,0,Fiber optic,0,0,0,0,0,0,Month-to-month,0,Electronic check,2171.15,1,65.79242424,68.25
2874-YXVVA,0,0,0,0,34,1,0,Fiber optic,0,1,1,1,1,1,Month-to-month,1,Electronic check,3634.8,0,106.9058824,105.1
1245-HARPS,0,0,1,0,14,1,0,No,0,0,0,0,0,0,Two year,0,Mailed check,292.4,0,20.88571429,20.4
4210-QFJMF,0,0,0,0,4,1,0,Fiber optic,0,0,0,0,0,1,Month-to-month,1,Electronic check,317.25,1,79.3125,79.15
4323-ELYYB,1,0,1,1,13,1,0,No,0,0,0,0,0,0,One year,0,Mailed check,218.55,0,16.81153846,20
4293-ETKAP,0,0,1,1,65,1,1,DSL,0,1,0,1,1,1,Two year,1,Bank transfer (automatic),5071.9,0,78.02923077,79.4
6064-PUPMC,1,0,1,1,23,1,0,DSL,1,0,0,1,0,0,One year,0,Credit card (automatic),1423.35,0,61.88478261,57.2
6504-VBLFL,1,0,1,0,55,1,0,DSL,1,1,1,0,0,0,Two year,0,Electronic check,3068.6,0,55.79272727,58.6
6322-PJJDJ,1,0,1,0,49,1,0,Fiber optic,0,1,0,0,1,1,Two year,1,Electronic check,4690.65,0,95.72755102,94.8
0330-BGYZE,1,0,1,0,60,1,1,Fiber optic,0,1,1,0,1,1,One year,0,Bank transfer (automatic),6157.6,0,102.6266667,102.5
1085-LDWAM,0,0,1,1,69,1,0,No,0,0,0,0,0,0,One year,1,Credit card (automatic),1442.65,0,20.90797101,20.35
7586-ZATGZ,1,0,0,0,40,1,1,Fiber optic,0,0,0,0,1,0,Month-to-month,1,Electronic check,3369.05,0,84.22625,84.9
7197-VOJMM,1,0,1,0,67,1,0,DSL,1,1,0,1,0,1,Two year,1,Credit card (automatic),4671.65,0,69.7261194,69.2
3318-OSATS,1,1,0,0,35,1,1,Fiber optic,0,0,0,0,1,1,Month-to-month,1,Electronic check,3474.05,1,99.25857143,95.45
5828-AVIPD,1,0,1,1,19,1,1,Fiber optic,0,0,0,1,1,1,One year,1,Electronic check,1875.55,1,98.71315789,100.95
1843-TLSGD,0,0,1,1,13,1,0,No,0,0,0,0,0,0,Two year,0,Mailed check,272.35,0,20.95,20.85
9626-VFRGG,0,0,0,1,41,1,1,Fiber optic,0,1,0,0,1,0,Month-to-month,1,Bank transfer (automatic),3645.05,0,88.90365854,88.5
7075-BNDVQ,0,0,0,0,4,0,0,DSL,1,0,1,0,0,0,Month-to-month,0,Mailed check,135.75,0,33.9375,35
9143-CANJF,0,0,1,1,24,1,0,DSL,1,0,0,1,0,0,Month-to-month,0,Electronic check,1319.85,0,54.99375,55.15
7284-BUYEC,0,0,0,0,5,0,0,DSL,0,1,0,0,1,1,Month-to-month,1,Credit card (automatic),229.4,0,45.88,50.95
2041-JIJCI,0,0,0,0,5,1,1,DSL,0,1,0,0,0,1,Month-to-month,1,Electronic check,370.25,0,74.05,64
1086-LXKFY,0,0,1,1,1,1,0,Fiber optic,0,0,0,0,0,0,Month-to-month,1,Mailed check,69.1,1,69.1,69.1
4900-MSOMT,0,0,1,1,72,1,1,DSL,1,1,1,1,1,0,Two year,0,Bank transfer (automatic),5714.2,0,79.36388889,80.2
2229-VWQJH,0,0,0,0,24,1,0,DSL,0,0,1,0,0,0,Month-to-month,1,Credit card (automatic),1233.25,0,51.38541667,49.3
9194-GFVOI,0,0,1,0,42,1,1,DSL,1,0,1,1,1,1,Two year,0,Credit card (automatic),3571.6,0,85.03809524,84.35
1336-EZFZY,0,0,0,0,4,1,0,No,0,0,0,0,0,0,Month-to-month,0,Mailed check,83.3,0,20.825,20.05
4282-MSACW,1,0,0,0,68,1,1,Fiber optic,1,1,1,1,1,1,One year,1,Credit card (automatic),8035.95,0,118.1757353,114.729
1403-LKLIK,0,0,1,1,33,1,0,No,0,0,0,0,0,0,One year,0,Mailed check,579.4,0,17.55757576,20.1
2636-ALXXZ,0,1,0,0,1,1,0,Fiber optic,0,0,0,0,0,0,Month-to-month,1,Electronic check,69.6,1,69.6,69.6
7774-OJSXI,1,0,0,0,31,1,1,Fiber optic,0,1,1,0,1,1,One year,1,Electronic check,3066.45,1,98.91774194,103.45
7786-WBJYI,0,0,0,0,4,1,1,Fiber optic,0,1,0,0,0,0,Month-to-month,0,Bank transfer (automatic),305.55,1,76.3875,77.95
0136-IFMYD,1,1,1,0,69,1,1,Fiber optic,0,1,1,1,1,1,Two year,1,Electronic check,7634.25,0,110.6413043,109.95
5144-TVGLP,1,1,0,0,38,1,1,Fiber optic,0,0,0,0,1,1,Month-to-month,0,Electronic check,3653,0,96.13157895,94.75
9643-AVVWI,0,0,1,1,3,1,0,Fiber optic,0,1,0,1,0,0,Month-to-month,1,Electronic check,241.3,0,80.43333333,80
0253-ZTEOB,0,0,1,1,48,1,1,DSL,0,1,0,1,1,1,Two year,0,Electronic check,3870.3,0,80.63125,79.65
2706-QZIHY,0,0,1,0,15,1,1,No,0,0,0,0,0,0,Two year,0,Mailed check,387.9,0,25.86,25.2
6061-PQHMK,0,0,0,0,25,1,0,No,0,0,0,0,0,0,One year,0,Credit card (automatic),527.5,0,21.1,19.9
9885-CSMWE,0,1,0,0,1,1,0,Fiber optic,0,0,0,0,1,0,Month-to-month,0,Electronic check,78.45,1,78.45,78.45
6137-MFAJN,0,0,0,0,48,0,0,DSL,1,1,0,0,1,0,Month-to-month,1,Electronic check,2104.55,0,43.84479167,44.8
9122-UMROB,1,0,0,0,1,1,0,No,0,0,0,0,0,0,Month-to-month,0,Mailed check,20.3,0,20.3,20.3
4232-JGKIY,1,0,0,0,1,1,0,No,0,0,0,0,0,0,Month-to-month,0,Electronic check,19.2,0,19.2,19.2
2402-TAIRZ,0,0,0,0,37,1,0,Fiber optic,0,1,1,0,0,0,One year,0,Electronic check,3019.1,0,81.5972973,80.05
9659-ZTWSM,1,1,1,0,66,1,1,Fiber optic,0,1,1,1,1,1,One year,1,Bank transfer (automatic),7051.95,0,106.8477273,107.35
9139-TWBAS,0,0,1,0,26,0,0,DSL,1,1,1,0,1,0,One year,0,Bank transfer (automatic),1190.5,0,45.78846154,47.85
6685-GBWJZ,1,0,1,0,63,1,0,DSL,1,1,0,1,1,0,One year,0,Credit card (automatic),4448.8,0,70.61587302,70.8
5016-ETTFF,1,0,0,0,10,0,0,DSL,0,0,1,0,0,0,Month-to-month,0,Mailed check,255.25,1,25.525,29.5
3866-MDTUB,0,0,0,0,2,1,0,DSL,1,0,0,0,1,1,Month-to-month,1,Electronic check,146.9,1,73.45,70.75
2195-VVRJF,1,1,1,0,18,1,0,DSL,1,0,0,0,0,1,Month-to-month,1,Credit card (automatic),1011.05,0,56.16944444,59.1
3913-RDSJZ,0,0,1,0,64,1,1,No,0,0,0,0,0,0,Two year,0,Mailed check,1714.95,0,26.79609375,25.55
8058-JMEQO,0,1,0,0,9,1,1,Fiber optic,0,0,0,0,0,1,Month-to-month,1,Electronic check,762.5,1,84.72222222,84.45
4203-QGNZA,0,0,0,1,28,1,0,No,0,0,0,0,0,0,Month-to-month,0,Mailed check,535.35,0,19.11964286,20.25
5043-TRZWM,0,0,0,0,1,1,0,Fiber optic,0,0,1,0,0,0,Month-to-month,0,Electronic check,75.55,0,75.55,75.55
0697-ZMSWS,1,0,0,0,4,1,1,Fiber optic,0,0,0,0,0,1,Month-to-month,1,Electronic check,338.9,1,84.725,85.65
7657-DYEPJ,1,1,0,0,38,1,0,DSL,0,1,1,1,1,0,One year,1,Credit card (automatic),2497.35,1,65.71973684,70.15
9494-BDNNC,1,0,1,0,66,1,1,Fiber optic,0,1,1,0,0,1,One year,0,Electronic check,6273.4,0,95.05151515,95.3
1640-PLFMP,0,0,0,0,1,1,0,Fiber optic,0,0,0,0,0,0,Month-to-month,1,Electronic check,70.25,0,70.25,70.25
5366-OBVMR,0,0,1,0,18,1,0,DSL,0,0,0,1,0,0,Month-to-month,1,Mailed check,908.75,0,50.48611111,50.3
8276-MQBYC,1,1,0,0,51,1,1,Fiber optic,0,0,1,0,1,1,Month-to-month,1,Electronic check,4913.3,1,96.33921569,97.8
7644-OMVMY,1,0,1,1,0,1,0,No,0,0,0,0,0,0,Two year,0,Mailed check,2283.300441,0,inf,19.85
7593-XFKDI,1,0,0,0,1,1,0,DSL,0,0,0,0,0,0,Month-to-month,0,Mailed check,46.3,1,46.3,46.3
4573-JKNAE,1,0,0,1,12,1,0,No,0,0,0,0,0,0,Two year,0,Bank transfer (automatic),212.3,0,17.69166667,19.35
0337-CNPZE,0,0,0,0,41,1,1,Fiber optic,0,1,1,0,1,1,Month-to-month,1,Electronic check,4443.45,1,108.3768293,106.3
9817-APLHW,1,0,0,0,12,1,1,No,0,0,0,0,0,0,Month-to-month,0,Electronic check,316.2,0,26.35,25
8380-MQINP,0,0,1,1,55,1,0,No,0,0,0,0,0,0,Two year,0,Mailed check,1079.05,0,19.61909091,20.3
0840-DFEZH,0,0,0,0,7,1,1,Fiber optic,0,0,0,0,0,0,Month-to-month,1,Electronic check,564.65,0,80.66428571,75.35
1513-XNPPH,0,0,0,0,12,1,0,Fiber optic,0,0,1,1,0,1,Month-to-month,1,Electronic check,1095.65,1,91.30416667,89.4
8690-ZVLCL,0,0,1,1,68,1,1,DSL,1,1,1,1,1,1,Two year,0,Credit card (automatic),6161.9,0,90.61617647,88
6015-VVHHE,0,1,0,0,5,1,1,Fiber optic,0,0,0,0,1,0,Month-to-month,1,Credit card (automatic),446.05,1,89.21,83.15
1125-SNVCK,0,1,0,0,49,1,0,DSL,0,0,0,0,0,0,Month-to-month,0,Mailed check,2106.05,0,42.98061224,43.8
0384-LPITE,1,0,0,0,40,0,0,DSL,1,1,1,0,1,1,One year,0,Credit card (automatic),2511.55,0,62.78875,62.05
4616-EWBNJ,0,0,0,0,16,1,0,No,0,0,0,0,0,0,One year,0,Bank transfer (automatic),318.6,0,19.9125,20.1
6347-DCUIK,1,0,0,0,10,1,1,Fiber optic,0,0,0,0,0,0,Month-to-month,1,Mailed check,811.8,1,81.18,74.15
1335-HQMKX,0,0,1,0,72,1,1,Fiber optic,0,1,1,0,1,1,One year,1,Electronic check,7323.15,0,101.7104167,101.35
2545-EBUPK,0,1,0,0,2,1,1,Fiber optic,0,0,0,0,0,1,Month-to-month,1,Electronic check,186.05,0,93.025,84.05
6923-AQONU,1,0,1,1,23,1,0,No,0,0,0,0,0,0,Two year,0,Mailed check,454,0,19.73913043,20.9
2172-EJXVF,0,1,0,0,71,1,1,Fiber optic,0,1,1,0,1,1,One year,1,Electronic check,7521.95,0,105.9429577,105.9
0897-FEGMU,0,0,1,0,11,1,1,Fiber optic,0,0,1,0,1,1,Month-to-month,1,Electronic check,1056.95,1,96.08636364,99.5
7663-RGWBC,1,0,0,0,1,1,0,DSL,0,0,0,0,0,0,Month-to-month,1,Mailed check,44.15,1,44.15,44.15
1120-BMWUB,0,0,0,0,16,1,0,DSL,0,1,0,1,0,0,Month-to-month,1,Mailed check,834.15,1,52.134375,53.9
9124-LHCJQ,0,0,0,0,1,1,1,Fiber optic,0,0,0,0,0,1,Month-to-month,1,Mailed check,85.45,1,85.45,85.45
4536-PLEQY,1,0,1,0,12,1,0,Fiber optic,0,1,0,0,0,1,Month-to-month,1,Credit card (automatic),999.8,0,83.31666667,85.05
7029-IJEJK,0,0,0,0,54,0,0,DSL,1,0,0,1,0,1,One year,0,Bank transfer (automatic),2369.7,0,43.88333333,44.1
8871-JLMHM,0,0,1,0,68,1,1,Fiber optic,0,1,1,1,0,0,Two year,0,Credit card (automatic),6297.65,0,92.6125,90.2
2235-ZGKPT,0,0,1,1,4,1,1,DSL,0,0,0,0,0,0,Month-to-month,0,Mailed check,239.55,1,59.8875,50.85
3891-PUQOD,0,0,0,1,1,1,0,DSL,0,0,1,0,0,1,Month-to-month,0,Electronic check,59.2,1,59.2,59.2
5447-VYTKW,1,0,0,0,27,1,0,DSL,1,0,0,1,0,0,Month-to-month,0,Mailed check,1461.45,0,54.12777778,53.45
3623-FQBOX,1,0,0,0,21,1,0,No,0,0,0,0,0,0,Month-to-month,1,Mailed check,416.4,0,19.82857143,19.95
0689-NKYLF,1,0,0,0,13,1,0,Fiber optic,0,0,1,0,1,0,Month-to-month,1,Electronic check,1060.6,1,81.58461538,83.2
8659-HDIYE,0,1,0,0,64,1,1,DSL,0,1,1,1,0,1,Month-to-month,0,Credit card (automatic),4869.35,0,76.08359375,74.65
3658-KIBGF,0,0,0,0,1,1,0,DSL,1,1,0,0,0,0,Month-to-month,1,Electronic check,54.9,1,54.9,54.9
3474-BAFSJ,1,0,1,0,57,0,0,DSL,0,1,1,1,1,1,Two year,1,Bank transfer (automatic),3265.95,0,57.29736842,57.5
5519-YLDGW,0,0,1,0,21,1,1,Fiber optic,1,0,1,0,1,1,Month-to-month,1,Electronic check,2254.2,1,107.3428571,103.9
3865-ZFZIB,1,0,0,0,19,1,0,No,0,0,0,0,0,0,Two year,0,Mailed check,358.15,0,18.85,19.65
1855-AGAWH,1,0,1,0,31,1,0,Fiber optic,0,0,1,0,1,1,One year,1,Electronic check,2939.8,0,94.83225806,93.8
7109-CQYUZ,1,0,0,0,52,1,1,DSL,1,1,1,1,1,1,Two year,1,Mailed check,4652.4,0,89.46923077,89.25
1370-GGAWX,0,0,0,0,46,1,1,Fiber optic,0,1,1,0,0,1,One year,1,Electronic check,4408.45,0,95.83586957,94.15
4680-KUTAJ,0,1,0,0,11,1,1,DSL,1,0,0,0,0,0,Month-to-month,1,Electronic check,580.8,0,52.8,55.6
5307-UVGNB,0,0,1,1,53,0,0,DSL,1,1,1,0,0,1,Month-to-month,1,Bank transfer (automatic),2495.2,0,47.07924528,48.7
4946-EDSEW,0,0,1,1,11,1,0,No,0,0,0,0,0,0,Month-to-month,1,Mailed check,180.3,1,16.39090909,19.25
2883-ILGWO,1,1,0,0,57,1,1,Fiber optic,0,1,0,1,1,1,Month-to-month,1,Bank transfer (automatic),5913.95,0,103.7535088,104.9
2516-VQRRV,0,1,0,0,2,1,1,Fiber optic,0,0,0,0,0,0,Month-to-month,1,Mailed check,158.4,1,79.2,75.45
7580-UGXNC,0,1,0,0,2,1,0,DSL,1,1,0,0,0,0,Month-to-month,0,Mailed check,104.2,1,52.1,54.85
3642-BYHDO,0,0,1,1,71,1,0,No,0,0,0,0,0,0,Two year,0,Bank transfer (automatic),1389.35,0,19.56830986,19.9
9629-NHXFW,0,0,1,1,1,1,0,No,0,0,0,0,0,0,Month-to-month,1,Mailed check,19.4,0,19.4,19.4
2696-RZVZW,1,0,1,0,68,1,1,No,0,0,0,0,0,0,Two year,0,Credit card (automatic),1629.2,0,23.95882353,25.05
5766-FTRTS,1,0,1,0,72,1,0,DSL,1,1,1,1,1,1,Two year,0,Mailed check,6033.1,0,83.79305556,84.45
0396-HUJBP,0,0,0,0,2,1,0,No,0,0,0,0,0,0,Month-to-month,0,Mailed check,44.4,0,22.2,19.3
5178-LMXOP,1,1,1,0,1,1,1,Fiber optic,0,0,0,0,1,1,Month-to-month,1,Electronic check,95.1,1,95.1,95.1
8879-ZKJOF,0,0,0,0,41,1,0,DSL,1,0,1,1,1,1,One year,1,Bank transfer (automatic),3320.75,0,80.99390244,79.85
6285-FTQBF,1,0,1,1,72,1,1,No,0,0,0,0,0,0,Two year,0,Credit card (automatic),1867.7,0,25.94027778,25.55
8185-UPYBR,1,0,1,0,6,1,1,Fiber optic,0,0,0,0,0,0,Month-to-month,1,Electronic check,438,1,73,75.5
4585-HETAI,0,0,1,1,4,1,0,Fiber optic,0,0,1,0,0,0,Month-to-month,1,Electronic check,325.45,1,81.3625,73.75
7526-BEZQB,1,0,0,0,12,1,1,Fiber optic,0,0,0,0,1,1,Month-to-month,1,Electronic check,1148.1,1,95.675,96.05
1474-JUWSM,0,0,1,0,58,1,1,DSL,1,0,0,1,0,1,One year,1,Electronic check,3972.25,0,68.48706897,68.4
3530-CRZSB,0,0,0,0,7,1,0,No,0,0,0,0,0,0,Month-to-month,0,Mailed check,155.9,0,22.27142857,20.65
8498-XXGWA,0,0,1,0,65,1,0,DSL,1,0,1,0,0,0,Month-to-month,1,Mailed check,3673.15,0,56.51,55.15
9617-INGJY,1,0,0,0,1,1,0,Fiber optic,0,0,0,0,0,0,Month-to-month,1,Mailed check,70.6,0,70.6,70.6
0621-TSSMU,1,0,1,0,56,1,0,No,0,0,0,0,0,0,One year,0,Credit card (automatic),1126.75,0,20.12053571,19.95
7234-KMNRQ,1,0,0,0,4,1,0,No,0,0,0,0,0,0,Month-to-month,0,Mailed check,73.45,0,18.3625,19
7636-PEPNS,0,0,1,1,58,1,0,DSL,0,0,0,0,0,0,One year,1,Mailed check,2413.05,0,41.60431034,44.1
4683-WYDOU,1,0,1,0,62,1,1,Fiber optic,0,0,1,1,1,1,Two year,1,Bank transfer (automatic),6912.7,0,111.4951613,107.6
9052-DHNKM,1,0,0,0,26,1,1,DSL,1,1,0,0,0,0,One year,0,Electronic check,1581.95,0,60.84423077,61.55
6794-HKIAJ,1,0,0,0,62,1,1,Fiber optic,1,1,1,0,0,0,Month-to-month,0,Bank transfer (automatic),5586.45,0,90.10403226,90.7
5578-NKCXI,0,0,1,1,58,1,0,Fiber optic,1,1,0,0,1,1,One year,0,Credit card (automatic),5846.65,0,100.8043103,99.25
1642-HMARX,0,0,1,0,68,1,1,DSL,1,1,1,1,1,1,Two year,1,Electronic check,6424.7,0,94.48088235,91.7
3096-WPXBT,0,0,1,1,61,1,1,Fiber optic,1,1,1,0,0,1,One year,1,Credit card (automatic),6018.65,0,98.66639344,100.7
8434-PNQZX,0,0,0,0,42,1,1,DSL,0,0,1,1,1,1,Two year,1,Credit card (automatic),3373.4,0,80.31904762,78.45
5950-AAAGJ,1,0,0,0,18,1,1,Fiber optic,0,0,0,0,1,0,Month-to-month,0,Bank transfer (automatic),1537.9,0,85.43888889,84.3
4299-OPXEJ,0,0,0,0,56,1,0,No,0,0,0,0,0,0,Two year,1,Bank transfer (automatic),1080.55,0,19.29553571,19.55
4951-UKAAQ,0,0,0,0,4,1,1,Fiber optic,0,1,0,0,0,1,Month-to-month,1,Electronic check,355.2,1,88.8,88.95
9618-LFJRU,0,0,0,0,4,1,0,No,0,0,0,0,0,0,Month-to-month,0,Credit card (automatic),82.85,0,20.7125,20.45
6693-DJWTY,0,0,0,1,35,1,0,DSL,1,1,0,0,0,0,One year,0,Credit card (automatic),2016.45,0,57.61285714,55.6
0744-GKNGE,0,0,1,1,64,1,1,Fiber optic,1,0,0,1,0,0,Month-to-month,1,Bank transfer (automatic),5327.25,0,83.23828125,86.8
6447-EGDIV,0,0,0,0,31,1,0,No,0,0,0,0,0,0,One year,0,Mailed check,683.25,0,22.04032258,20.95
1167-OYZJF,0,1,1,0,67,1,0,No,0,0,0,0,0,0,Two year,1,Bank transfer (automatic),1263.05,0,18.85149254,20.05
2108-YKQTY,0,0,0,0,4,1,0,DSL,0,1,0,0,0,0,Month-to-month,0,Credit card (automatic),151.3,1,37.825,50.7
4806-DXQCE,0,1,1,0,70,1,1,Fiber optic,1,1,1,1,1,1,Two year,1,Electronic check,7714.65,0,110.2092857,113.65
4918-QLLIW,1,0,0,0,3,1,0,DSL,0,0,0,0,1,0,Month-to-month,0,Credit card (automatic),188.7,1,62.9,53.4
7056-IMHCC,1,1,1,0,53,1,1,Fiber optic,0,1,0,0,1,1,Month-to-month,1,Electronic check,5549.4,1,104.7056604,101.9
4854-SSLTN,1,0,1,1,2,1,0,DSL,1,1,0,1,0,0,Two year,0,Mailed check,130.5,0,65.25,59.5
5294-DMSFH,0,0,1,1,29,1,0,Fiber optic,0,0,0,0,1,1,Month-to-month,1,Credit card (automatic),2621.75,0,90.40517241,87.8
4837-PZTIC,0,0,0,0,47,0,0,DSL,1,0,1,1,0,0,Two year,0,Mailed check,1875.25,0,39.89893617,41.9
1625-JAIIY,0,0,1,1,68,1,1,Fiber optic,0,0,0,0,1,0,One year,1,Electronic check,5685.8,1,83.61470588,83
0603-OLQDC,1,0,0,1,12,1,0,DSL,1,0,0,0,1,1,Month-to-month,1,Mailed check,837.5,0,69.79166667,69.85
3272-VUHPV,0,0,1,1,8,1,0,DSL,0,1,0,1,0,0,Month-to-month,0,Bank transfer (automatic),401.5,0,50.1875,56.3
4176-FXYBO,1,0,1,0,54,1,1,Fiber optic,1,1,1,0,1,1,Month-to-month,0,Electronic check,6118.95,0,113.3138889,109.55
1063-DHQJF,1,0,1,1,69,1,0,Fiber optic,0,1,0,1,1,0,Two year,1,Mailed check,6480.9,0,93.92608696,92.15
8663-UPDGF,0,0,0,0,26,1,1,DSL,1,1,0,0,1,0,Month-to-month,1,Bank transfer (automatic),1800.05,0,69.23269231,69.5
6719-FGEDO,0,0,1,0,72,1,1,Fiber optic,1,1,1,1,0,0,Two year,1,Bank transfer (automatic),7104.2,0,98.66944444,97
1837-YQUCE,0,0,0,0,70,0,0,DSL,1,0,1,1,1,1,Two year,1,Bank transfer (automatic),4214.25,0,60.20357143,58.35
2947-DOMLJ,1,0,0,1,1,1,0,DSL,1,0,0,0,0,0,Month-to-month,0,Mailed check,50.6,1,50.6,50.6
4112-LUEIZ,1,0,0,0,10,1,0,Fiber optic,0,0,0,0,1,1,Month-to-month,1,Electronic check,863.1,1,86.31,89.5
0369-ZGOVK,0,0,1,1,28,1,0,Fiber optic,0,0,0,0,0,0,One year,1,Bank transfer (automatic),1992.2,0,71.15,70.4
4510-HIMLV,1,0,0,0,1,1,0,Fiber optic,0,0,0,0,0,0,Month-to-month,1,Electronic check,69.8,1,69.8,69.8
9919-KNPOO,0,0,1,0,21,1,1,Fiber optic,0,0,0,0,1,1,Month-to-month,1,Electronic check,1948.35,0,92.77857143,94.3
8749-JMNKX,1,1,1,0,51,1,1,Fiber optic,1,0,1,0,1,0,Month-to-month,1,Bank transfer (automatic),4750.95,1,93.15588235,93.8
7872-BAAZR,0,0,1,1,53,1,0,No,0,0,0,0,0,0,One year,0,Bank transfer (automatic),1007.9,0,19.01698113,19.55
9391-LMANN,1,0,0,1,53,1,0,Fiber optic,1,1,1,0,0,1,One year,0,Electronic check,5036.9,0,95.03584906,95.95
2430-USGXP,1,0,1,0,24,1,1,Fiber optic,0,0,1,0,1,1,Month-to-month,1,Electronic check,2391.8,1,99.65833333,101.05
8174-TBVCF,0,0,1,0,70,1,1,DSL,1,1,1,1,1,1,Two year,1,Credit card (automatic),6859.05,0,97.98642857,94.8
1698-XFZCI,1,0,0,0,61,1,1,Fiber optic,1,1,1,0,1,1,One year,1,Electronic check,6521.9,0,106.9163934,107.75
1877-HKBQX,0,0,0,0,11,1,0,DSL,1,0,0,1,0,0,One year,1,Mailed check,617.85,0,56.16818182,54.6
4450-DLLMH,1,0,0,0,2,1,0,Fiber optic,0,0,0,0,0,0,Month-to-month,1,Credit card (automatic),157.75,0,78.875,71.3
0428-AXXLJ,1,0,0,0,25,1,0,No,0,0,0,0,0,0,One year,1,Bank transfer (automatic),516.3,0,20.652,19.5
2746-DIJLO,0,0,0,0,41,1,1,DSL,0,1,0,0,0,0,One year,1,Credit card (automatic),2364,0,57.65853659,56.3
5955-ERIHD,1,0,1,0,18,1,1,Fiber optic,0,0,0,0,1,1,Month-to-month,1,Electronic check,1687.95,1,93.775,94.7
0917-EZOLA,1,1,1,0,72,1,1,Fiber optic,0,1,1,0,1,1,Two year,1,Bank transfer (automatic),7689.95,1,106.8048611,104.15
3508-VLHCZ,0,0,1,1,71,1,1,DSL,1,1,1,1,1,1,Two year,1,Credit card (automatic),6239.05,0,87.87394366,90.55
4086-ATNFV,0,0,1,1,34,1,0,DSL,1,1,1,0,0,0,One year,1,Mailed check,2042.05,0,60.06029412,60.8
0468-YRPXN,1,0,0,0,29,1,0,Fiber optic,0,0,1,1,1,1,Month-to-month,1,Credit card (automatic),2807.1,0,96.79655172,98.8
5996-NRVXR,1,1,1,0,40,1,0,Fiber optic,1,1,1,1,1,0,One year,1,Credit card (automatic),4116.8,0,102.92,98.15
3739-YBWAB,1,0,1,0,36,0,0,DSL,1,0,1,0,0,0,One year,0,Mailed check,1317.95,0,36.60972222,35.35
7047-FWEYA,0,0,1,0,46,1,1,Fiber optic,0,1,0,1,1,1,One year,1,Electronic check,4594.65,0,99.88369565,103.15
2000-MPKCA,0,0,0,0,58,1,1,Fiber optic,1,1,1,0,1,1,One year,1,Electronic check,6332.75,0,109.1853448,107.75
9762-YAQAA,1,0,0,0,39,1,1,Fiber optic,0,1,0,0,0,0,One year,0,Credit card (automatic),3213.75,0,82.40384615,81.4
5949-EBSQK,1,0,1,1,4,1,0,DSL,0,0,0,1,0,1,Month-to-month,0,Credit card (automatic),229.55,1,57.3875,61.45
5473-KHBPS,0,0,1,1,52,1,1,Fiber optic,0,1,1,0,1,0,One year,1,Credit card (automatic),4976.15,0,95.69519231,95.7
0100-DUVFC,1,1,1,0,70,1,1,Fiber optic,0,1,1,0,1,1,One year,1,Electronic check,7308.95,0,104.4135714,104.8
5397-TUPSH,1,1,1,0,65,1,0,Fiber optic,0,0,0,0,0,0,One year,1,Bank transfer (automatic),4555.2,0,70.08,70.95
8950-MTZNV,1,0,0,0,1,1,0,DSL,0,0,0,0,0,0,Month-to-month,1,Mailed check,44.95,0,44.95,44.95
0326-VDYXE,0,0,1,0,70,1,1,Fiber optic,0,0,1,0,1,1,One year,1,Electronic check,6982.5,0,99.75,97.65
6773-LQTVT,0,1,1,1,29,0,0,DSL,0,1,1,0,0,0,Month-to-month,1,Mailed check,1025.15,0,35.35,35.65
7274-RTAPZ,1,0,0,0,1,1,0,Fiber optic,0,0,0,0,1,1,Month-to-month,1,Electronic check,90.55,1,90.55,90.55
0436-TWFFZ,0,0,0,0,67,1,1,DSL,1,0,1,1,1,1,Two year,1,Mailed check,5714.2,0,85.28656716,85.25
8566-YPRGL,0,0,0,0,1,1,0,No,0,0,0,0,0,0,Month-to-month,1,Mailed check,19.5,0,19.5,19.5
0311-UNPFF,0,0,0,0,26,1,0,Fiber optic,0,0,0,0,1,1,Month-to-month,1,Bank transfer (automatic),2274.35,1,87.475,88.8
6609-MXJHJ,0,0,1,1,30,1,1,No,0,0,0,0,0,0,Two year,1,Mailed check,789.55,0,26.31833333,25.1
2669-OIDSD,0,0,1,0,48,1,0,Fiber optic,0,0,1,1,1,1,Month-to-month,1,Credit card (automatic),4834,0,100.7083333,100.05
8400-WZICQ,0,0,1,1,55,1,0,DSL,1,1,0,0,0,0,Month-to-month,0,Electronic check,3131.8,0,56.94181818,55.7
3834-XUIFC,1,0,0,0,7,1,1,Fiber optic,0,0,0,0,0,1,Month-to-month,1,Mailed check,602.55,1,86.07857143,85.2
9576-SYUHJ,1,0,0,0,37,1,1,Fiber optic,1,0,0,0,1,0,Month-to-month,1,Electronic check,3369.25,0,91.06081081,91.15
0410-IPFTY,0,0,1,0,31,1,0,Fiber optic,0,1,0,0,0,1,Month-to-month,1,Bank transfer (automatic),2674.15,0,86.26290323,83.85
2831-EBWRN,1,0,0,0,4,1,0,DSL,0,0,0,0,0,0,Month-to-month,1,Electronic check,199.75,0,49.9375,45.9
9430-NKQLY,1,0,1,1,72,1,1,No,0,0,0,0,0,0,Two year,1,Credit card (automatic),1790.8,0,24.87222222,25.1
8414-MYSHR,1,1,0,0,5,1,0,Fiber optic,0,0,0,0,1,1,Month-to-month,1,Electronic check,449.75,1,89.95,91.4
0247-SLUJI,1,0,1,1,1,1,0,No,0,0,0,0,0,0,Month-to-month,0,Mailed check,19.7,0,19.7,19.7
9402-ORRAH,0,1,0,0,15,1,0,Fiber optic,0,0,0,0,1,1,Month-to-month,1,Electronic check,1400.3,0,93.35333333,91.5
6483-OATDN,1,0,1,1,8,1,0,DSL,1,0,0,0,0,0,Month-to-month,1,Credit card (automatic),411.6,0,51.45,51.3
1293-HHSHJ,0,0,0,0,35,1,0,No,0,0,0,0,0,0,One year,0,Mailed check,741,0,21.17142857,21.1
4840-ORQXB,0,1,0,0,56,1,1,Fiber optic,0,1,1,0,1,1,Month-to-month,0,Electronic check,5841.35,0,104.3098214,104.75
7599-FKVXZ,1,0,1,0,42,1,1,Fiber optic,0,0,1,1,1,1,Month-to-month,1,Bank transfer (automatic),4512.7,1,107.4452381,106.15
3982-DQLUS,1,1,1,1,65,1,1,Fiber optic,1,1,0,0,0,0,Month-to-month,1,Electronic check,5688.45,0,87.51461538,85.75
8610-ZIKJJ,0,0,1,1,2,1,0,No,0,0,0,0,0,0,One year,0,Mailed check,31.9,0,15.95,20.3
3756-VNWDH,1,1,1,0,65,1,1,Fiber optic,1,0,0,0,1,1,One year,1,Electronic check,6674.65,0,102.6869231,100.75
7801-KICAO,0,0,0,0,18,1,1,Fiber optic,0,0,0,0,0,0,Month-to-month,1,Electronic check,1345.75,0,74.76388889,74.15
7673-LPRNY,0,0,0,0,23,1,1,DSL,1,0,1,0,1,1,One year,1,Electronic check,1843.05,0,80.1326087,78.55
8229-TNIQA,0,0,0,0,4,1,0,DSL,0,0,0,0,0,0,Month-to-month,1,Mailed check,196.95,1,49.2375,45.3
6060-QBMGV,1,0,1,0,70,1,0,No,0,0,0,0,0,0,Two year,0,Credit card (automatic),1433.8,0,20.48285714,19.85
7339-POGZN,0,0,0,0,4,1,1,DSL,0,0,0,0,0,0,Month-to-month,0,Electronic check,214.55,0,53.6375,50.7
2828-SLQPF,1,0,0,0,19,1,0,DSL,0,0,0,0,0,0,Month-to-month,1,Bank transfer (automatic),865.85,0,45.57105263,45
4465-VDKIQ,0,0,0,0,18,1,0,Fiber optic,0,1,1,0,0,0,Month-to-month,0,Electronic check,1358.6,0,75.47777778,77.8
2921-XWDJH,0,1,1,0,38,1,0,Fiber optic,1,0,0,0,0,1,Month-to-month,1,Electronic check,3147.15,0,82.81973684,83.45
6221-AVQYL,1,0,0,0,2,1,1,Fiber optic,0,0,0,0,0,0,Month-to-month,1,Credit card (automatic),131.05,1,65.525,73.25
2558-BUOZZ,1,0,0,0,47,1,1,Fiber optic,1,1,0,0,1,0,One year,0,Bank transfer (automatic),4535.85,0,96.50744681,94.8
9257-AZMTZ,0,0,1,1,52,1,0,No,0,0,0,0,0,0,Two year,0,Bank transfer (automatic),1078.75,0,20.74519231,20.1
0003-MKNFE,1,0,0,0,9,1,1,DSL,0,0,0,0,0,1,Month-to-month,0,Mailed check,542.4,0,60.26666667,59.9
0975-UYDTX,0,0,1,0,26,1,1,DSL,1,1,1,1,1,1,One year,1,Credit card (automatic),2312.55,0,88.94423077,90.1
7743-EXURX,1,0,1,1,8,1,0,DSL,0,0,1,0,0,0,Month-to-month,1,Electronic check,415.05,1,51.88125,51.05
4682-BLBUC,1,0,1,0,44,1,0,DSL,0,1,1,1,1,0,One year,1,Electronic check,3250.45,0,73.87386364,70.95
0975-VOOVL,0,0,0,0,3,0,0,DSL,0,1,0,0,0,0,Month-to-month,0,Mailed check,98.5,0,32.83333333,29.2
5968-VXZLG,1,0,0,0,2,1,0,DSL,0,0,0,0,0,0,Month-to-month,1,Bank transfer (automatic),87.9,0,43.95,46.6
5569-KGJHX,0,0,1,1,9,1,1,Fiber optic,0,0,0,0,1,0,Month-to-month,1,Bank transfer (automatic),754.65,1,83.85,85.35
4988-IQIGL,1,1,0,0,1,1,1,Fiber optic,0,0,0,0,0,0,Month-to-month,1,Electronic check,75.35,1,75.35,75.35
5201-FRKKS,1,0,0,0,25,1,0,Fiber optic,1,0,0,0,0,0,Month-to-month,0,Bank transfer (automatic),1952.25,0,78.09,74.3
9799-CAYJJ,0,1,1,0,2,1,0,Fiber optic,0,0,0,0,0,0,Month-to-month,1,Electronic check,153.8,0,76.9,69.3
7730-IUTDZ,1,0,0,0,43,1,0,Fiber optic,1,0,0,0,0,0,Month-to-month,1,Electronic check,3198.6,1,74.38604651,75.2
0426-TIRNE,0,0,0,0,1,1,0,No,0,0,0,0,0,0,Month-to-month,0,Mailed check,20.9,1,20.9,20.9
5443-SCMKX,0,0,1,0,58,1,1,Fiber optic,0,1,1,0,0,1,One year,1,Electronic check,5610.15,0,96.72672414,94.3
8295-KMENE,0,0,1,1,59,1,1,DSL,1,0,1,1,1,0,Two year,1,Mailed check,4519.5,0,76.60169492,76.45
6738-ISCBM,1,0,0,0,44,0,0,DSL,1,0,1,0,1,1,One year,1,Electronic check,2440.25,0,55.46022727,54
9821-BESNZ,1,0,0,0,66,1,1,Fiber optic,0,1,0,1,1,1,One year,1,Electronic check,6860.6,0,103.9484848,104.25
3678-MNGZX,1,0,1,1,68,1,0,No,0,0,0,0,0,0,Two year,0,Bank transfer (automatic),1377.7,0,20.26029412,19.95
1335-NTIUC,1,0,0,0,9,0,0,DSL,0,0,0,0,0,0,Month-to-month,1,Electronic check,190.25,0,21.13888889,24.95
2916-BQZLN,1,0,0,0,19,1,1,Fiber optic,1,0,1,0,0,0,Month-to-month,1,Electronic check,1651.95,0,86.94473684,84.75
4558-CGYCZ,1,0,0,0,4,1,0,No,0,0,0,0,0,0,Month-to-month,0,Mailed check,78.3,0,19.575,19.75
2368-GAKKQ,0,0,0,0,70,1,1,Fiber optic,1,1,1,1,1,1,Two year,1,Bank transfer (automatic),7939.25,0,113.4178571,113.65
8710-YGLWG,1,0,0,0,1,1,0,DSL,0,0,0,0,0,0,Month-to-month,1,Mailed check,44.9,0,44.9,44.9
3199-XGZCY,0,0,0,0,8,1,1,Fiber optic,0,0,0,0,0,0,Month-to-month,1,Electronic check,576.7,0,72.0875,75.25
3785-KTYSH,1,0,0,0,53,1,1,No,0,0,0,0,0,0,Two year,0,Mailed check,1279,0,24.13207547,24.6
6814-ZPWFQ,1,1,0,0,51,1,1,No,0,0,0,0,0,0,One year,0,Bank transfer (automatic),1260.7,0,24.71960784,25
4063-EIKNQ,1,0,1,1,11,1,0,No,0,0,0,0,0,0,Month-to-month,0,Bank transfer (automatic),267.35,0,24.30454545,20.95
6993-YCOBK,1,0,1,1,60,1,1,Fiber optic,1,0,1,1,1,1,Two year,1,Electronic check,6586.85,0,109.7808333,110.6
5206-HPJKM,1,0,0,0,17,1,0,DSL,1,1,0,0,0,0,Month-to-month,1,Credit card (automatic),934.15,0,54.95,55.5
7587-RZNME,1,0,0,0,3,1,0,DSL,0,0,0,0,0,0,Month-to-month,1,Electronic check,123.65,1,41.21666667,43.3
0748-RDGGM,1,0,1,0,70,1,0,Fiber optic,1,1,1,1,1,1,One year,1,Bank transfer (automatic),7534.65,1,107.6378571,109.5
8393-JMVMB,1,0,0,0,1,1,0,No,0,0,0,0,0,0,Month-to-month,0,Mailed check,19.45,0,19.45,19.45
5019-GQVCR,1,1,0,0,43,1,1,Fiber optic,0,0,0,0,1,0,Month-to-month,1,Electronic check,3645.6,0,84.78139535,84.85
6036-TTFYU,0,0,1,0,16,1,0,No,0,0,0,0,0,0,Month-to-month,0,Mailed check,314.45,0,19.653125,19.6
2550-AEVRU,0,0,1,1,57,1,0,DSL,1,1,0,0,0,0,One year,0,Electronic check,3053,0,53.56140351,53.45
0969-RGKCU,1,0,1,1,37,1,0,No,0,0,0,0,0,0,One year,0,Credit card (automatic),677.05,0,18.29864865,19.8
0378-CJKPV,0,0,1,0,72,1,1,Fiber optic,1,1,1,1,1,1,Two year,0,Credit card (automatic),7965.95,0,110.6381944,112.1
4706-AXVKM,0,1,0,0,11,1,1,Fiber optic,0,0,0,0,0,1,Month-to-month,1,Credit card (automatic),906.85,1,82.44090909,84.8
5889-JTMUL,0,1,1,0,50,1,1,Fiber optic,0,1,1,0,1,0,Month-to-month,1,Electronic check,4888.7,1,97.774,95.05
9026-RNUJS,1,1,0,0,5,1,0,DSL,0,0,1,0,0,0,Month-to-month,0,Electronic check,237.25,1,47.45,50.35
3746-EUBYR,1,0,1,0,1,1,1,Fiber optic,0,0,0,0,0,0,Month-to-month,1,Bank transfer (automatic),74.6,1,74.6,74.6
2332-EFBJY,1,0,0,0,16,1,0,No,0,0,0,0,0,0,Month-to-month,1,Mailed check,342.4,1,21.4,19.7
2880-FPNAE,1,1,1,0,2,1,0,Fiber optic,0,0,1,0,0,0,Month-to-month,1,Electronic check,140.1,0,70.05,74.2
1703-MGIAB,0,0,0,0,17,1,1,DSL,0,0,1,1,1,0,Month-to-month,1,Mailed check,1108,0,65.17647059,69
4311-QTTAI,0,0,0,0,16,1,0,No,0,0,0,0,0,0,One year,0,Credit card (automatic),295.55,0,18.471875,19.35
9474-PHLYD,0,0,0,0,15,1,0,DSL,0,0,1,0,0,1,Month-to-month,1,Electronic check,892.65,1,59.51,59.45
4318-RAJVY,0,0,0,0,10,1,0,No,0,0,0,0,0,0,One year,1,Mailed check,198.25,0,19.825,19.8
2165-VOEGB,0,0,0,1,46,1,0,Fiber optic,1,1,0,1,1,1,One year,1,Bank transfer (automatic),4822.85,1,104.8445652,105.2
3612-YUNGG,1,0,1,1,64,1,1,Fiber optic,0,1,1,1,1,1,Two year,1,Credit card (automatic),6741.15,0,105.3304688,109.2
2254-DLXRI,0,0,0,0,1,1,1,Fiber optic,0,1,0,0,0,0,Month-to-month,1,Mailed check,79.15,0,79.15,79.15
5062-CJJKH,1,0,1,1,25,1,0,DSL,0,1,1,0,0,0,One year,0,Mailed check,1355.45,0,54.218,53.65
9028-LIHRP,1,0,1,1,71,1,0,Fiber optic,1,1,1,1,1,0,Two year,0,Credit card (automatic),7209,0,101.5352113,100.2
2219-MVUSO,1,0,0,0,8,1,0,DSL,0,0,0,0,0,0,Month-to-month,1,Mailed check,438.4,1,54.8,45.15
1053-MXTTK,0,0,1,1,72,1,0,Fiber optic,1,1,1,1,1,1,Two year,1,Bank transfer (automatic),7726.35,0,107.3104167,108.65
1530-ZTDOZ,0,0,1,0,49,0,0,DSL,1,0,0,0,1,0,Month-to-month,0,Bank transfer (automatic),2070.75,0,42.26020408,40.65
1301-LOPVR,1,0,1,1,29,0,0,DSL,1,1,1,1,0,1,One year,1,Credit card (automatic),1636.95,0,56.44655172,55.35
0853-TWRVK,1,0,1,0,72,1,1,Fiber optic,1,1,1,1,0,1,Two year,0,Bank transfer (automatic),7581.5,0,105.2986111,105.6
8914-RBTSB,1,0,1,0,31,1,1,Fiber optic,0,1,1,0,1,0,Month-to-month,0,Electronic check,3019.5,1,97.40322581,93.8
6212-ATMLK,0,0,0,0,50,1,1,Fiber optic,0,0,0,0,1,1,Month-to-month,1,Electronic check,4729.75,0,94.595,95.7
8200-LGKSR,1,0,1,0,71,1,1,DSL,1,0,1,1,1,1,Two year,0,Electronic check,6126.1,0,86.28309859,83.2
1568-BEKZM,1,1,1,0,70,1,1,DSL,1,1,1,1,1,1,Two year,0,Credit card (automatic),6333.4,0,90.47714286,90.05
0670-ANMUU,1,0,0,0,71,1,1,Fiber optic,1,0,0,1,0,1,One year,0,Credit card (automatic),6687.85,0,94.19507042,97.65
6897-RWMUB,1,0,1,1,61,1,0,DSL,1,1,1,1,0,0,Two year,1,Bank transfer (automatic),4158.25,0,68.16803279,68.05
0963-ZBDRN,1,0,0,0,32,1,0,Fiber optic,0,0,0,1,1,1,Month-to-month,1,Electronic check,3183.4,1,99.48125,96.2
7594-RQHXR,0,0,0,1,1,1,0,Fiber optic,0,0,0,0,0,1,Month-to-month,1,Electronic check,79.6,1,79.6,79.6
6999-CHVCF,1,0,0,0,68,1,1,Fiber optic,1,1,1,0,0,1,Two year,1,Bank transfer (automatic),7149.35,0,105.1375,102.1
6134-KWTBV,1,0,0,0,62,1,1,No,0,0,0,0,0,0,Two year,0,Bank transfer (automatic),1429.65,0,23.05887097,23.4
1077-HUUJM,0,0,0,1,7,1,0,Fiber optic,0,0,0,0,0,0,Month-to-month,1,Electronic check,472.65,0,67.52142857,71.05
6331-EWIEB,1,0,0,0,20,1,1,Fiber optic,0,0,0,0,1,0,Month-to-month,1,Electronic check,1734.5,1,86.725,85.25
0895-LNKRC,1,0,1,1,6,1,0,No,0,0,0,0,0,0,One year,0,Mailed check,113.5,0,18.91666667,19.45
2045-BMBTJ,0,1,0,0,33,0,0,DSL,1,1,1,0,1,1,Month-to-month,1,Bank transfer (automatic),1884.65,0,57.11060606,59.45
8417-GSODA,1,0,1,1,28,1,1,Fiber optic,0,0,0,0,1,1,One year,0,Bank transfer (automatic),2568.15,0,91.71964286,92.2
5171-EPLKN,1,0,0,0,27,1,0,No,0,0,0,0,0,0,Two year,0,Credit card (automatic),470,0,17.40740741,19.85
4452-QIIEB,1,0,0,0,7,1,0,DSL,0,0,0,0,0,0,Month-to-month,0,Mailed check,278.4,0,39.77142857,43.9
5998-VVEJY,1,0,0,0,26,1,1,Fiber optic,0,0,0,1,0,0,Month-to-month,1,Electronic check,2088.8,1,80.33846154,80.5
1624-NALOJ,1,1,0,0,5,1,1,Fiber optic,0,1,0,0,0,1,Month-to-month,1,Electronic check,502.6,1,100.52,89.8
6741-EGCBI,1,1,0,0,30,1,1,Fiber optic,1,0,0,0,0,1,Month-to-month,1,Credit card (automatic),2595.85,0,86.52833333,90.5
7820-ZYGNY,1,0,0,0,63,1,1,Fiber optic,0,1,0,0,0,1,One year,0,Credit card (automatic),5825.5,0,92.46825397,90.45
4317-VTEOA,1,0,0,0,1,1,0,DSL,0,1,0,0,0,0,Month-to-month,1,Electronic check,50.75,1,50.75,50.75
9677-AVKED,0,0,0,1,53,1,1,DSL,0,1,1,1,1,1,One year,1,Electronic check,4449.75,0,83.95754717,84.6
1670-SVOWZ,0,0,1,1,14,1,0,Fiber optic,0,1,0,1,0,1,Month-to-month,1,Credit card (automatic),1208.35,1,86.31071429,89.65
2227-JRSJX,0,0,0,0,21,1,0,Fiber optic,0,1,0,1,1,1,Month-to-month,1,Bank transfer (automatic),1956.4,0,93.16190476,99.15
9847-HNVGP,1,0,0,0,17,1,0,No,0,0,0,0,0,0,One year,0,Mailed check,310.6,0,18.27058824,19.95
6696-YDAYZ,1,0,1,1,16,1,0,No,0,0,0,0,0,0,Two year,0,Mailed check,290.55,0,18.159375,20.5
8980-WQFWL,0,0,0,0,35,1,0,DSL,0,0,1,0,0,1,Month-to-month,1,Electronic check,2096.1,0,59.88857143,62.1
1730-ZMAME,0,1,0,0,32,1,0,Fiber optic,0,0,0,0,0,1,Month-to-month,1,Electronic check,2665,0,83.28125,79.5
6506-EYCNH,0,0,1,1,28,1,0,No,0,0,0,0,0,0,Month-to-month,1,Bank transfer (automatic),543.8,0,19.42142857,19.55
4634-JLRJT,0,0,0,0,1,1,0,No,0,0,0,0,0,0,Month-to-month,1,Mailed check,20.35,0,20.35,20.35
9501-UKKNL,1,0,0,0,59,0,0,DSL,0,0,0,1,1,1,Month-to-month,1,Electronic check,3005.8,0,50.94576271,51.7
2560-QTSBS,0,0,1,1,72,1,1,No,0,0,0,0,0,0,One year,1,Bank transfer (automatic),1623.15,0,22.54375,23.3
7541-YLXCL,1,0,0,0,36,1,0,DSL,0,1,0,1,0,1,One year,1,Mailed check,2498.4,1,69.4,65.4
4795-WRNVT,0,0,0,0,40,1,0,DSL,1,1,0,0,1,0,Month-to-month,0,Mailed check,2586,0,64.65,65.1
6080-TCMYC,1,0,1,1,40,1,1,Fiber optic,0,0,1,0,0,0,Month-to-month,1,Electronic check,3292.3,0,82.3075,81.2
0260-ZDLGK,0,0,0,1,9,1,0,DSL,0,0,1,1,1,1,Month-to-month,1,Mailed check,651.4,1,72.37777778,72.9
7860-UXCRM,1,0,1,1,63,1,0,DSL,1,1,1,1,1,0,Two year,0,Credit card (automatic),4674.55,0,74.19920635,74.5
6357-JJPQT,0,0,0,0,3,1,0,Fiber optic,0,0,0,0,1,0,Month-to-month,1,Electronic check,232.35,0,77.45,80.5
2292-XQWSV,1,0,1,1,40,0,0,DSL,0,1,1,1,1,1,One year,0,Mailed check,2448.5,0,61.2125,60.3
9552-TGUZV,1,0,1,0,8,1,0,Fiber optic,1,0,0,0,0,0,Month-to-month,1,Mailed check,658.1,0,82.2625,75
5913-INRQV,1,1,1,0,34,1,0,Fiber optic,1,0,0,1,1,0,One year,0,Mailed check,3128.8,0,92.02352941,90.15
8722-NGNBH,1,0,0,0,5,0,0,DSL,1,0,1,1,0,0,Month-to-month,0,Mailed check,223.45,1,44.69,40
6210-KBBPI,1,1,0,0,9,1,1,Fiber optic,0,1,0,0,1,1,Month-to-month,1,Credit card (automatic),919.4,1,102.1555556,99.45
9643-YBLUR,1,0,1,0,9,1,1,DSL,0,1,1,0,0,1,Month-to-month,1,Credit card (automatic),653.95,0,72.66111111,69.05
8734-FNWVH,1,0,1,1,31,1,1,DSL,0,0,0,0,0,1,Month-to-month,0,Bank transfer (automatic),1825.5,0,58.88709677,59.7
9447-YPTBX,0,0,1,0,50,1,0,No,0,0,0,0,0,0,One year,1,Bank transfer (automatic),943.1,0,18.862,19.85
0133-BMFZO,0,0,0,0,2,1,0,Fiber optic,1,1,0,1,0,0,Month-to-month,1,Electronic check,181.65,1,90.825,86.25
6128-CZOMY,0,0,0,0,1,1,0,DSL,0,0,0,0,0,0,Month-to-month,1,Electronic check,45.65,1,45.65,45.65
9540-JYROE,1,0,0,0,8,1,0,Fiber optic,0,0,0,0,0,0,Month-to-month,1,Mailed check,551.35,1,68.91875,70.1
9026-LHEVG,0,0,0,0,9,0,0,DSL,0,1,0,0,0,1,Month-to-month,0,Electronic check,359.4,0,39.93333333,40.75
2260-USTRB,0,1,0,0,2,1,0,Fiber optic,0,0,0,0,0,0,Month-to-month,1,Bank transfer (automatic),115.95,1,57.975,70.2
3656-TKRVZ,0,0,0,0,3,1,0,DSL,1,1,0,0,0,0,Month-to-month,0,Electronic check,165.2,1,55.06666667,55.35
7011-CVEUC,1,0,1,0,25,1,0,Fiber optic,0,0,0,1,1,1,Month-to-month,1,Credit card (automatic),2338.35,0,93.534,95.7
6185-TASNN,1,1,0,0,1,1,0,DSL,0,0,0,0,0,0,Month-to-month,0,Electronic check,46.3,0,46.3,46.3
7925-PNRGI,0,0,1,1,45,1,1,DSL,1,1,1,1,1,0,Month-to-month,0,Mailed check,3541.1,0,78.69111111,81.3
8623-TMRBY,1,1,1,1,51,1,1,Fiber optic,0,1,1,0,0,0,Month-to-month,1,Electronic check,4146.05,1,81.29509804,84.2
1552-CZCLL,0,0,1,1,55,1,0,No,0,0,0,0,0,0,Month-to-month,0,Credit card (automatic),1087.25,0,19.76818182,20
3038-PQIUY,0,0,0,0,38,1,1,DSL,1,1,1,0,0,0,Month-to-month,1,Bank transfer (automatic),2522.4,0,66.37894737,66.15
1501-SGHBW,1,0,0,0,2,1,0,DSL,0,0,0,0,0,0,Month-to-month,0,Mailed check,81,1,40.5,45.85
9313-CDOGY,1,0,1,1,38,1,0,No,0,0,0,0,0,0,Month-to-month,0,Electronic check,717.3,0,18.87631579,19.6
8148-BPLZQ,1,0,0,0,34,1,0,DSL,0,1,0,0,0,0,Month-to-month,1,Electronic check,1734.2,0,51.00588235,49.8
2623-DRYAM,0,0,1,0,70,1,1,Fiber optic,0,0,1,0,1,1,One year,1,Electronic check,7069.3,0,100.99,101.75
9987-LUTYD,0,0,0,0,13,1,0,DSL,1,0,0,1,0,0,One year,0,Mailed check,742.9,0,57.14615385,55.15
3208-YPIOE,1,0,0,0,39,1,1,Fiber optic,0,0,0,0,0,0,Month-to-month,0,Electronic check,3017.65,1,77.37564103,75.25
4488-KQFDT,0,0,0,0,61,1,1,Fiber optic,0,1,1,0,1,1,One year,1,Electronic check,6423,0,105.295082,103.95
2612-RANWT,0,0,0,0,12,1,1,Fiber optic,0,0,1,0,1,1,Month-to-month,1,Bank transfer (automatic),1164.3,1,97.025,100.15
5693-PIPCS,1,0,0,0,41,1,0,Fiber optic,0,1,0,1,1,1,Two year,1,Credit card (automatic),4220.35,0,102.9353659,99.65
0491-KAPQG,1,0,0,0,21,1,1,Fiber optic,0,0,0,0,0,0,Month-to-month,1,Electronic check,1558.7,0,74.22380952,73.7
1925-LFCZZ,1,1,0,0,55,0,0,DSL,0,0,1,0,1,1,One year,1,Bank transfer (automatic),2743.45,0,49.88090909,50.05
8039-EQPIM,1,0,1,0,69,0,0,DSL,1,0,1,1,1,1,Two year,0,Bank transfer (automatic),4055.5,0,58.77536232,60.25
6900-PXRMS,1,1,1,1,26,1,1,Fiber optic,0,1,1,0,1,1,Month-to-month,0,Electronic check,2710.25,1,104.2403846,105.75
8707-RMEZH,0,1,1,0,69,1,0,Fiber optic,1,1,0,0,0,1,One year,0,Credit card (automatic),6055.55,0,87.7615942,87.3
3346-BRMIS,0,1,1,0,18,0,0,DSL,0,0,1,0,1,1,Month-to-month,1,Electronic check,810.7,1,45.03888889,48.35
3209-ZPKFI,1,0,1,1,47,1,1,DSL,0,1,0,0,0,0,Month-to-month,0,Electronic check,2538.2,0,54.00425532,54.25
6479-VDGRK,0,0,1,1,72,1,0,DSL,1,1,1,1,1,1,Two year,0,Bank transfer (automatic),6129.2,0,85.12777778,85.3
9373-WSLOY,1,1,1,0,33,0,0,DSL,0,1,1,1,1,0,Month-to-month,1,Electronic check,1750.85,0,53.05606061,50
2933-FILNV,0,0,1,1,2,0,0,DSL,0,0,0,0,0,0,Month-to-month,1,Mailed check,36.55,1,18.275,24.4
3569-JFODW,0,0,1,1,72,1,1,DSL,1,1,1,1,1,1,Two year,0,Credit card (automatic),6652.45,0,92.39513889,90.95
9819-FBNSV,1,1,1,0,37,1,0,Fiber optic,0,0,0,0,0,0,Month-to-month,1,Bank transfer (automatic),2575.45,0,69.60675676,72.25
9544-PYPSJ,0,1,1,1,62,1,1,Fiber optic,0,1,1,0,0,1,Month-to-month,1,Credit card (automatic),6019.35,0,97.08629032,96.1
1591-XWLGB,0,0,1,0,71,1,0,No,0,0,0,0,0,0,Two year,0,Credit card (automatic),1379.6,0,19.43098592,19.85
0396-UKGAI,1,0,0,1,23,1,0,DSL,0,1,0,1,0,0,Month-to-month,1,Bank transfer (automatic),1284.2,0,55.83478261,55.3
3243-ZHOHY,0,0,0,0,16,1,0,No,0,0,0,0,0,0,One year,0,Mailed check,296.15,0,18.509375,20.1
5186-EJEGL,1,0,0,0,9,1,0,DSL,1,0,1,1,1,0,Month-to-month,1,Mailed check,653.25,0,72.58333333,69.5
7527-QNRUS,1,0,1,1,17,1,1,No,0,0,0,0,0,0,Two year,1,Mailed check,412.6,0,24.27058824,25.15
9986-BONCE,0,0,0,0,4,1,0,No,0,0,0,0,0,0,Month-to-month,0,Bank transfer (automatic),85.5,1,21.375,20.95
2722-JMONI,0,1,1,0,1,1,0,DSL,1,0,0,0,0,0,Month-to-month,1,Electronic check,49.55,1,49.55,49.55
2203-GHNWN,0,0,1,0,24,1,1,Fiber optic,0,0,1,0,0,0,Month-to-month,1,Mailed check,1928.7,0,80.3625,79.65
3878-AVSOQ,0,1,0,0,1,1,0,Fiber optic,0,0,0,0,0,0,Month-to-month,1,Electronic check,71.25,0,71.25,71.25
3258-SYSWS,1,1,0,0,72,1,1,Fiber optic,1,1,1,1,1,1,Two year,0,Bank transfer (automatic),7845.8,0,108.9694444,113.8
5296-PSYVW,0,0,1,0,72,1,1,No,0,0,0,0,0,0,Two year,0,Electronic check,1750.7,0,24.31527778,24.55
6319-QSUSR,0,0,0,1,11,1,0,No,0,0,0,0,0,0,Month-to-month,0,Credit card (automatic),216.2,0,19.65454545,19.7
4083-EUGRJ,1,0,0,0,9,1,0,No,0,0,0,0,0,0,Month-to-month,0,Mailed check,178.5,1,19.83333333,20.25
7579-OOPEC,0,1,1,0,2,1,0,DSL,0,1,0,0,0,0,Month-to-month,0,Credit card (automatic),115.1,1,57.55,50.15
0512-FLFDW,0,1,1,0,60,1,1,Fiber optic,0,0,1,0,1,1,One year,1,Credit card (automatic),6029,0,100.4833333,100.5
1771-OADNZ,1,1,1,0,29,1,1,Fiber optic,0,1,1,0,0,1,Month-to-month,1,Electronic check,2745.2,1,94.66206897,95.9
0487-CRLZF,0,0,0,0,49,1,0,DSL,0,0,1,1,1,1,Two year,1,Bank transfer (automatic),3721.9,0,75.95714286,74.45
2107-FBPTK,0,1,0,0,30,1,1,Fiber optic,0,1,1,0,1,1,Month-to-month,1,Electronic check,3121.1,0,104.0366667,104.1
9451-WLYRI,0,0,1,0,53,1,0,No,0,0,0,0,0,0,One year,0,Credit card (automatic),990.45,0,18.68773585,19.05
8219-VYBVI,1,0,0,1,39,1,1,No,0,0,0,0,0,0,Two year,0,Mailed check,1004.35,0,25.7525641,25
1991-VOPLL,0,0,0,0,9,1,0,No,0,0,0,0,0,0,Month-to-month,0,Mailed check,157.65,0,17.51666667,19.05
9738-QLWTP,1,0,0,0,39,1,0,Fiber optic,0,0,1,1,0,0,One year,0,Electronic check,3219.75,0,82.55769231,81.9
1016-DJTSV,1,1,0,0,8,1,0,Fiber optic,0,0,0,0,0,0,Month-to-month,1,Electronic check,572.85,0,71.60625,69.7
9419-IPPBE,0,0,1,1,51,1,1,Fiber optic,0,0,1,0,0,1,One year,1,Electronic check,4554.85,0,89.31078431,90.15
0174-QRVVY,1,0,1,1,71,1,1,No,0,0,0,0,0,0,Two year,0,Credit card (automatic),1847.55,0,26.02183099,25.35
5699-BNCAS,1,1,0,0,71,1,1,No,0,0,0,0,0,0,Two year,1,Mailed check,1766.75,0,24.88380282,24.65
2900-PHPLN,0,1,1,0,70,1,0,No,0,0,0,0,0,0,Two year,1,Credit card (automatic),1462.05,0,20.88642857,19.55
0612-RTZZA,0,1,0,0,1,0,0,DSL,0,0,0,0,0,0,Month-to-month,0,Electronic check,25.25,1,25.25,25.25
8106-GWQOK,1,0,1,0,38,0,0,DSL,1,1,0,1,1,1,Two year,1,Bank transfer (automatic),2193.2,0,57.71578947,60
8751-EDEKA,0,0,1,0,28,1,0,Fiber optic,0,1,1,0,0,1,Month-to-month,0,Credit card (automatic),2433.5,0,86.91071429,89.9
6878-GGDWG,0,0,1,0,32,1,0,No,0,0,0,0,0,0,Month-to-month,0,Bank transfer (automatic),641.15,0,20.0359375,19.4
4039-PIMHX,1,1,1,0,49,1,0,DSL,0,1,0,0,0,0,Two year,0,Mailed check,2398.4,0,48.94693878,49.8
8450-LUGUK,0,0,1,1,37,1,1,No,0,0,0,0,0,0,Two year,1,Bank transfer (automatic),861.85,0,23.29324324,24.1
3604-WLABM,0,0,0,0,10,1,0,DSL,0,0,1,1,0,0,Month-to-month,0,Electronic check,583,0,58.3,54.25
0795-GMVQO,1,0,1,0,67,1,1,Fiber optic,1,1,1,0,1,1,One year,0,Credit card (automatic),7332.4,0,109.438806,109.9
2259-OUUSZ,1,0,0,0,7,0,0,DSL,0,0,1,1,0,0,One year,1,Credit card (automatic),249.55,0,35.65,35.5
1142-IHLOO,0,0,0,0,51,1,0,Fiber optic,0,0,0,0,1,1,One year,0,Credit card (automatic),4475.9,0,87.7627451,87.55
6410-LEFEN,0,0,0,0,9,1,0,DSL,0,0,0,0,0,0,Month-to-month,0,Electronic check,416.45,1,46.27222222,45.15
4633-MKHYU,0,0,0,0,9,1,0,Fiber optic,0,0,0,0,1,1,Month-to-month,1,Mailed check,788.6,0,87.62222222,88.4
6257-RJOHI,1,0,0,0,4,1,0,DSL,0,0,0,1,0,0,Month-to-month,1,Mailed check,202.3,0,50.575,50.8
1545-JFUML,1,0,1,0,71,1,1,Fiber optic,1,1,1,0,1,0,Two year,1,Electronic check,6994.6,0,98.51549296,99
3194-ORPIK,0,0,1,1,50,1,1,Fiber optic,0,0,0,0,1,0,Month-to-month,1,Bank transfer (automatic),4116.15,1,82.323,84.4
7826-VVKWT,0,1,1,1,24,1,0,Fiber optic,0,0,1,0,1,1,Two year,1,Electronic check,2263.45,0,94.31041667,96.55
1353-GHZOS,1,0,1,0,22,1,0,DSL,1,0,0,0,1,0,One year,1,Bank transfer (automatic),1374.35,0,62.47045455,59.75
2587-EKXTS,1,0,0,0,44,1,1,Fiber optic,1,1,1,0,1,1,Month-to-month,1,Electronic check,4915.15,0,111.7079545,111.5
5442-BXVND,0,0,1,1,33,1,1,No,0,0,0,0,0,0,Month-to-month,0,Bank transfer (automatic),838.5,0,25.40909091,24.25
8816-VXNZD,0,0,0,0,1,1,1,Fiber optic,0,0,0,0,0,0,Month-to-month,1,Electronic check,75.1,1,75.1,75.1
9378-FXTIZ,0,0,1,0,54,1,1,DSL,0,0,0,0,1,1,One year,1,Credit card (automatic),3715.65,1,68.80833333,70.15
1723-HKXJQ,1,0,0,0,42,1,1,Fiber optic,0,1,0,0,1,1,Month-to-month,1,Electronic check,4273.45,1,101.7488095,101.75
7825-GKXMW,0,0,0,0,1,1,0,DSL,0,0,0,0,0,0,Month-to-month,0,Electronic check,45.8,1,45.8,45.8
9753-OYLBX,0,0,0,0,1,1,0,No,0,0,0,0,0,0,Month-to-month,0,Mailed check,20.5,0,20.5,20.5
2364-UFROM,1,0,0,0,30,1,0,DSL,1,1,0,1,1,0,One year,0,Electronic check,2044.75,0,68.15833333,70.4
6656-JWRQX,0,0,0,0,1,0,0,DSL,0,0,0,1,0,0,Month-to-month,0,Mailed check,30.55,0,30.55,30.55
6473-ULUHT,1,0,1,1,16,1,1,DSL,1,1,0,1,1,1,Month-to-month,0,Electronic check,1398.25,0,87.390625,84.9
1240-KNSEZ,1,0,0,0,1,1,0,No,0,0,0,0,0,0,Month-to-month,1,Mailed check,20.1,1,20.1,20.1
0836-SEYLU,1,0,1,0,9,0,0,DSL,0,0,0,1,1,0,Month-to-month,0,Mailed check,328.95,1,36.55,40.65
4433-JCGCG,1,1,1,0,46,1,1,Fiber optic,0,0,1,0,1,1,Month-to-month,1,Electronic check,4680.05,1,101.7402174,101
3716-BDVDB,1,0,0,0,1,1,0,Fiber optic,0,0,0,0,0,0,Month-to-month,1,Electronic check,69.1,1,69.1,69.1
7688-AWMDX,1,0,1,0,71,1,0,DSL,1,0,0,1,0,0,Two year,0,Bank transfer (automatic),3778.2,0,53.21408451,54.5
2842-BCQGE,1,0,0,0,43,1,1,Fiber optic,0,0,0,0,0,0,Month-to-month,1,Credit card (automatic),3161.4,0,73.52093023,75.35
7244-QWYHG,1,0,1,0,50,0,0,DSL,1,0,0,1,1,0,One year,1,Bank transfer (automatic),2188.45,0,43.769,44.45
5899-MQZZL,0,0,0,0,13,1,1,Fiber optic,0,0,0,0,0,0,Month-to-month,1,Mailed check,999.45,1,76.88076923,75
6849-OYAMU,1,0,1,1,19,1,0,Fiber optic,0,1,0,1,1,1,One year,0,Bank transfer (automatic),1888.65,1,99.40263158,100
5312-UXESG,0,0,0,0,41,1,1,Fiber optic,0,0,1,0,1,1,Month-to-month,0,Bank transfer (automatic),3990.6,0,97.33170732,98.05
9488-HGMJH,0,1,0,0,1,1,0,Fiber optic,0,0,0,0,0,0,Month-to-month,1,Electronic check,71.15,1,71.15,71.15
6038-GCYEC,0,0,0,0,24,0,0,DSL,0,1,1,0,1,1,Month-to-month,1,Credit card (automatic),1240.25,1,51.67708333,54.15
2150-WLKUW,0,0,1,0,40,1,1,DSL,0,1,0,0,1,0,One year,0,Bank transfer (automatic),2635,0,65.875,63.9
7159-FVYPK,0,0,1,1,3,1,1,DSL,0,1,1,0,1,0,Month-to-month,1,Bank transfer (automatic),235,0,78.33333333,69.15
7032-LMBHI,0,0,0,0,37,1,1,DSL,1,0,0,0,1,0,One year,0,Bank transfer (automatic),2347.85,0,63.45540541,64.65
1150-WFARN,0,0,1,1,67,1,1,Fiber optic,1,0,1,1,1,1,Two year,1,Credit card (automatic),7156.2,1,106.8089552,108.75
6088-BXMRG,0,0,1,1,32,1,1,Fiber optic,0,1,0,0,1,1,Month-to-month,1,Electronic check,3089.6,0,96.55,98.85
3144-AUDBS,0,0,1,0,6,1,0,DSL,0,0,0,1,0,0,Month-to-month,1,Electronic check,270.8,1,45.13333333,49.15
4821-SJHJV,0,0,1,1,32,1,1,Fiber optic,1,0,0,0,1,0,Month-to-month,0,Electronic check,2901.8,0,90.68125,89.6
7346-MEDWM,0,0,0,0,59,1,1,Fiber optic,0,1,1,0,0,0,Month-to-month,1,Electronic check,4949.1,0,83.88305085,83.25
1137-DGOWI,0,0,1,0,30,1,0,DSL,0,1,1,1,0,1,One year,0,Bank transfer (automatic),2198.9,0,73.29666667,70.25
5616-PRTNT,1,0,0,1,20,1,0,No,0,0,0,0,0,0,Month-to-month,1,Electronic check,374.5,1,18.725,19.4
3812-LRZIR,0,0,1,1,27,1,1,No,0,0,0,0,0,0,Two year,0,Electronic check,761.95,0,28.22037037,24.5
4818-QIUFN,0,1,0,0,20,1,1,Fiber optic,1,0,0,0,0,0,Month-to-month,1,Electronic check,1520.9,1,76.045,79.15
9483-GCPWE,1,0,0,1,9,1,0,No,0,0,0,0,0,0,One year,0,Mailed check,190.25,0,21.13888889,20.1
4227-OJHAL,0,0,1,1,68,1,1,DSL,1,1,1,0,1,0,One year,1,Credit card (automatic),5163,0,75.92647059,73
9220-CXRSC,0,0,1,1,69,1,1,DSL,1,0,0,1,0,0,Two year,0,Credit card (automatic),4059.85,0,58.8384058,61.4
4993-JCRGJ,1,0,0,0,26,1,1,Fiber optic,0,0,1,1,0,0,Month-to-month,1,Mailed check,2281.6,0,87.75384615,84.3
9537-JALFH,1,0,1,1,69,1,0,No,0,0,0,0,0,0,Two year,0,Bank transfer (automatic),1356.7,0,19.66231884,19.9
6698-OXETB,1,0,0,0,11,1,0,No,0,0,0,0,0,0,Two year,0,Mailed check,231.45,0,21.04090909,20.4
2103-ZRXFN,1,0,0,0,1,1,1,DSL,0,0,0,0,0,0,Month-to-month,0,Mailed check,50.75,0,50.75,50.75
3724-BSCVH,1,0,1,1,10,1,0,No,0,0,0,0,0,0,One year,0,Mailed check,242.4,0,24.24,20.45
4877-TSOFF,0,0,1,1,55,1,1,DSL,1,1,0,1,0,1,One year,1,Bank transfer (automatic),4264.25,0,77.53181818,75.75
9209-NWPGU,1,0,0,0,44,1,0,DSL,1,0,0,1,1,0,One year,0,Electronic check,2774.55,0,63.05795455,65.4
6961-VCPMC,1,1,1,0,46,1,0,Fiber optic,0,0,0,0,0,1,Month-to-month,1,Electronic check,3605.2,1,78.37391304,80.4
7306-YDSOI,1,0,1,1,69,1,0,DSL,1,1,1,0,0,0,Two year,1,Bank transfer (automatic),4069.9,0,58.98405797,59.75
5288-AHOUP,1,1,0,0,11,1,0,Fiber optic,0,0,0,0,0,1,Month-to-month,1,Electronic check,874.2,0,79.47272727,78.5
6688-UZPWD,0,0,1,0,11,1,1,Fiber optic,0,1,0,0,1,1,Month-to-month,1,Electronic check,1145.35,1,104.1227273,102
0655-YDGFJ,1,0,0,0,29,1,0,DSL,0,0,1,0,0,0,Month-to-month,0,Bank transfer (automatic),1323.7,0,45.64482759,48.95
8468-EHYJA,0,0,1,0,57,1,1,Fiber optic,1,0,0,0,1,1,Month-to-month,1,Electronic check,5497.05,0,96.43947368,99.65
6823-SIDFQ,1,0,0,0,28,1,0,No,0,0,0,0,0,0,One year,0,Credit card (automatic),534.7,0,19.09642857,18.25
1097-FSPVW,0,0,0,0,42,1,0,DSL,1,0,1,0,0,0,Month-to-month,0,Credit card (automatic),2455.05,0,58.45357143,54.55
2839-RFSQE,0,0,0,0,2,1,0,No,0,0,0,0,0,0,Month-to-month,0,Mailed check,38.7,1,19.35,20.65
8328-SKJNO,1,0,0,1,23,0,0,DSL,1,1,0,1,0,0,One year,0,Bank transfer (automatic),947.4,0,41.19130435,40.65
7010-ZMVBF,0,0,1,1,18,1,0,No,0,0,0,0,0,0,Month-to-month,0,Mailed check,357,0,19.83333333,20.45
5201-CBWYG,1,0,1,1,62,1,1,No,0,0,0,0,0,0,One year,0,Bank transfer (automatic),1476.25,0,23.81048387,24.8
0968-GSIKN,0,0,0,0,1,1,0,Fiber optic,0,0,0,0,0,0,Month-to-month,1,Mailed check,70.8,1,70.8,70.8
1965-DDBWU,1,0,0,0,16,1,1,Fiber optic,0,0,0,1,0,1,Month-to-month,1,Credit card (automatic),1448.6,1,90.5375,89.05
9057-SIHCH,0,0,0,0,3,1,1,Fiber optic,0,0,0,0,1,1,Month-to-month,1,Electronic check,291.9,1,97.3,96.6
6352-GIGGQ,1,0,0,0,67,1,1,DSL,1,1,1,1,1,1,One year,1,Bank transfer (automatic),5903.15,0,88.10671642,88.8
3635-QQRQD,1,0,0,0,62,1,0,No,0,0,0,0,0,0,Two year,1,Credit card (automatic),1201.65,0,19.38145161,20.05
6771-XWBDM,0,0,1,0,57,1,1,Fiber optic,0,1,1,0,1,1,Month-to-month,1,Credit card (automatic),5921.35,1,103.8833333,104.5
2897-DOVND,1,0,0,0,2,1,0,Fiber optic,0,0,0,0,0,0,Month-to-month,1,Electronic check,146.65,0,73.325,69.8
3082-YVEKW,0,0,1,1,23,1,1,DSL,1,0,1,1,1,0,Two year,1,Bank transfer (automatic),1759.4,0,76.49565217,77.15
0191-EQUUH,0,0,0,1,25,0,0,DSL,1,0,0,1,0,0,Two year,0,Bank transfer (automatic),844.45,0,33.778,35.05
7134-HBPBS,0,1,0,0,72,1,1,Fiber optic,0,1,1,1,1,1,Two year,1,Bank transfer (automatic),7774.05,0,107.9729167,108.1
3489-HHPFY,0,0,1,0,2,1,1,Fiber optic,0,0,0,0,1,0,Month-to-month,1,Electronic check,134.05,0,67.025,84.05
2926-JEJJC,0,0,0,0,8,1,0,No,0,0,0,0,0,0,One year,1,Bank transfer (automatic),140.95,0,17.61875,20.2
8601-QACRS,0,0,0,0,5,1,1,DSL,0,0,0,0,0,0,Month-to-month,1,Mailed check,249.95,1,49.99,50.6
4950-BDEUX,1,0,0,0,35,0,0,DSL,0,0,1,0,1,1,Month-to-month,0,Electronic check,1701.65,0,48.61857143,49.2
5789-LDFXO,1,0,0,0,24,1,1,No,0,0,0,0,0,0,One year,0,Electronic check,592.65,0,24.69375,24.6
0508-OOLTO,0,0,1,1,2,1,0,Fiber optic,0,0,0,0,0,0,Month-to-month,1,Electronic check,135.75,0,67.875,71.65
2984-TBYKU,1,0,1,1,72,1,1,Fiber optic,1,1,1,1,0,1,Two year,1,Credit card (automatic),7732.65,0,107.3979167,104.9
9822-WMWVG,0,0,0,0,41,1,1,Fiber optic,1,1,1,1,1,0,Month-to-month,1,Electronic check,4282.4,0,104.4487805,106.5
2391-SOORI,1,0,0,1,4,1,0,DSL,1,0,0,0,0,0,Month-to-month,0,Electronic check,219.65,1,54.9125,49.35
9040-KZVWO,1,0,0,0,26,1,0,Fiber optic,0,1,0,0,0,0,One year,0,Bank transfer (automatic),2018.1,0,77.61923077,75.5
2645-QTLMB,1,0,0,0,7,1,0,Fiber optic,0,1,0,0,1,1,Month-to-month,1,Electronic check,669,1,95.57142857,94.25
4806-HIPDW,0,0,1,0,1,1,0,Fiber optic,0,0,0,0,0,0,Month-to-month,1,Electronic check,68.95,1,68.95,68.95
1548-ARAGG,0,0,1,1,4,1,1,DSL,0,1,0,1,0,0,Month-to-month,1,Mailed check,224.85,0,56.2125,58.5
6339-RZCBJ,1,0,0,0,48,1,0,DSL,0,1,1,1,1,1,Two year,0,Credit card (automatic),3771.5,0,78.57291667,78.9
4424-TKOPW,1,1,0,0,2,1,1,Fiber optic,0,0,0,0,1,1,Month-to-month,1,Electronic check,196.75,1,98.375,93.85
4415-WNGVR,0,1,1,0,12,1,0,DSL,1,0,1,1,1,1,One year,1,Electronic check,943.85,0,78.65416667,79.2
2522-AHJXR,1,0,1,0,60,1,1,Fiber optic,1,0,1,1,1,1,Month-to-month,1,Bank transfer (automatic),6572.85,0,109.5475,109.45
0412-UCCNP,1,0,0,0,55,1,0,DSL,1,0,1,1,0,0,Two year,1,Electronic check,3175.85,0,57.74272727,59.2
1816-FLZDK,1,0,0,0,1,0,0,DSL,0,0,0,1,0,0,Month-to-month,0,Mailed check,29.15,0,29.15,29.15
7096-UCLNH,1,0,0,0,1,1,0,No,0,0,0,0,0,0,Month-to-month,0,Mailed check,20.05,0,20.05,20.05
8443-ZRDBZ,1,0,0,0,4,1,1,Fiber optic,0,0,0,0,0,0,Month-to-month,1,Electronic check,318.9,1,79.725,76.05
9136-ALYBR,1,0,0,0,1,0,0,DSL,0,0,0,0,0,0,Month-to-month,1,Mailed check,24.45,1,24.45,24.45
4615-PIVVU,0,0,0,0,42,1,0,DSL,0,0,1,1,0,1,Two year,0,Credit card (automatic),2762.75,0,65.7797619,66.5
8885-QSQBX,0,0,0,0,1,1,0,DSL,1,0,0,0,0,0,Month-to-month,0,Bank transfer (automatic),49.55,0,49.55,49.55
7479-NITWS,1,0,0,0,7,1,1,Fiber optic,0,0,1,0,1,0,Month-to-month,1,Credit card (automatic),631.85,1,90.26428571,89.35
8617-ENBDS,1,0,0,0,3,1,0,Fiber optic,0,0,1,0,0,0,Month-to-month,1,Credit card (automatic),232.5,0,77.5,73.6
9385-NXKDA,0,0,1,0,72,1,1,DSL,1,1,1,0,1,1,Two year,1,Credit card (automatic),5919.35,0,82.21319444,82.65
0430-IHCDJ,1,0,0,0,15,1,1,DSL,0,0,0,0,0,0,Month-to-month,1,Electronic check,749.25,0,49.95,49
2959-MJHIC,1,0,1,0,4,1,0,Fiber optic,0,0,0,0,1,0,Month-to-month,1,Electronic check,307.4,1,76.85,80.35
6674-KVJHG,0,0,0,0,11,1,1,No,0,0,0,0,0,0,One year,0,Electronic check,245.15,0,22.28636364,25.2
1814-DKOLC,0,0,0,0,5,1,1,No,0,0,0,0,0,0,Month-to-month,0,Mailed check,134.75,0,26.95,25.45
4201-JMNGR,0,1,0,0,1,1,0,DSL,1,0,1,0,0,0,Month-to-month,1,Electronic check,55.8,1,55.8,55.8
9351-HXDMR,1,0,1,0,72,1,1,Fiber optic,1,0,1,1,1,1,Two year,1,Credit card (automatic),8240.85,0,114.45625,110.9
3537-HPKQT,0,0,1,0,55,1,1,Fiber optic,0,1,0,0,0,0,Month-to-month,1,Credit card (automatic),4266.4,0,77.57090909,77.75
2129-ALKBS,0,0,1,1,40,1,1,No,0,0,0,0,0,0,Month-to-month,1,Electronic check,1077.5,0,26.9375,26.2
5821-MMEIL,0,0,1,0,57,1,0,No,0,0,0,0,0,0,Two year,0,Bank transfer (automatic),1115.6,0,19.57192982,19.9
5960-WPXQM,1,0,0,0,1,1,0,Fiber optic,0,0,0,0,1,0,Month-to-month,1,Electronic check,79.05,1,79.05,79.05
0684-AOSIH,1,0,1,0,1,1,0,Fiber optic,1,0,0,0,1,1,Month-to-month,1,Electronic check,95,1,95,95
8260-NGFNY,0,0,0,0,1,0,0,DSL,0,0,0,0,0,0,Month-to-month,0,Mailed check,25.2,1,25.2,25.2
1309-XGFSN,1,1,1,1,52,1,1,DSL,0,1,1,0,1,1,One year,1,Electronic check,4079.55,0,78.45288462,80.85
1866-RZZQS,1,1,0,0,41,1,1,Fiber optic,0,0,1,0,1,1,Month-to-month,1,Electronic check,4187.75,1,102.1402439,98.4
6968-URWQU,1,0,1,0,43,1,0,DSL,0,0,0,0,1,0,One year,1,Mailed check,2391.15,0,55.60813953,56.35
4742-TXUEX,0,0,1,1,47,1,0,No,0,0,0,0,0,0,Two year,0,Bank transfer (automatic),890.5,0,18.94680851,19.3
9631-XEYKE,1,0,0,0,3,1,1,DSL,0,0,0,0,0,0,Month-to-month,0,Bank transfer (automatic),137.25,0,45.75,50.4
8631-NBHFZ,1,1,1,1,66,1,1,DSL,1,1,1,1,1,0,Two year,0,Credit card (automatic),5154.6,1,78.1,79.4
1335-MXCSE,1,0,1,1,55,1,0,DSL,0,0,1,1,0,0,Two year,1,Credit card (automatic),3119.9,0,56.72545455,55.25
8873-TMKGR,1,0,0,0,29,1,0,No,0,0,0,0,0,0,One year,0,Mailed check,529.5,0,18.25862069,19.1
8800-JOOCF,0,0,0,1,12,1,1,Fiber optic,0,0,0,0,1,0,Month-to-month,1,Electronic check,966.55,0,80.54583333,84.05
1469-LBJQJ,0,0,1,0,66,1,1,Fiber optic,0,1,1,0,1,1,Month-to-month,1,Electronic check,6936.85,0,105.1037879,105.2
4958-XCBDQ,1,1,0,0,35,1,1,Fiber optic,0,0,1,0,1,1,Month-to-month,1,Electronic check,3496.3,1,99.89428571,101.4
8337-UPOAQ,1,1,1,0,10,1,1,Fiber optic,0,0,1,0,0,1,Month-to-month,1,Electronic check,914.3,1,91.43,89.8
0064-YIJGF,1,0,1,1,27,1,1,Fiber optic,0,0,0,0,0,0,Month-to-month,1,Bank transfer (automatic),1929,0,71.44444444,75.75
2386-OWURY,0,0,0,0,58,1,0,Fiber optic,0,0,0,1,1,1,Month-to-month,1,Electronic check,5817.7,0,100.3051724,95.3
1725-IQNIY,1,0,1,0,54,1,0,Fiber optic,1,1,1,1,1,1,Two year,0,Bank transfer (automatic),6110.2,1,113.1518519,109.75
0310-VQXAM,1,0,0,0,9,1,0,No,0,0,0,0,0,0,Month-to-month,0,Mailed check,178.8,0,19.86666667,19.85
6598-RFFVI,1,0,0,0,2,1,0,No,0,0,0,0,0,0,One year,0,Credit card (automatic),28.3,1,14.15,19.3
3453-RTHJQ,1,0,0,0,6,1,0,Fiber optic,0,0,0,0,0,0,Month-to-month,1,Electronic check,435,0,72.5,69.1
6712-OAWRH,0,1,0,0,26,1,0,Fiber optic,0,0,0,0,1,1,Month-to-month,1,Electronic check,2351.8,1,90.45384615,91.25
6278-FEPBZ,0,0,0,0,9,1,0,No,0,0,0,0,0,0,Month-to-month,0,Mailed check,186.15,0,20.68333333,20.25
4280-DLSHD,1,0,1,0,8,1,0,DSL,0,1,1,0,0,0,Month-to-month,1,Mailed check,445.85,0,55.73125,54.75
1508-DFXCU,1,0,0,0,12,1,0,Fiber optic,0,0,0,0,1,0,Month-to-month,1,Electronic check,912,0,76,81.45
8614-VGMMV,0,0,0,0,15,1,1,DSL,0,0,0,0,0,0,Month-to-month,1,Electronic check,679.55,1,45.30333333,49.1
7868-BGSZA,1,0,1,0,43,1,1,DSL,1,0,1,0,1,1,One year,1,Electronic check,3581.6,0,83.29302326,80.2
2800-QQUSO,1,0,0,0,42,1,1,Fiber optic,0,0,0,1,1,1,Month-to-month,1,Electronic check,4222.95,0,100.5464286,100.3
2930-UOTMB,0,0,0,0,31,1,1,DSL,1,0,1,1,0,0,Month-to-month,0,Credit card (automatic),1994.3,1,64.33225806,65.25
7973-DZRKH,0,0,0,1,66,1,1,Fiber optic,1,0,1,1,0,0,Two year,1,Credit card (automatic),5930.05,0,89.84924242,90.95
5914-DVBWJ,0,1,0,0,18,1,1,Fiber optic,0,1,0,1,0,0,Month-to-month,1,Electronic check,1505.85,1,83.65833333,85.45
7698-YFGEZ,1,0,0,0,1,1,0,No,0,0,0,0,0,0,Month-to-month,0,Mailed check,20,0,20,20
2533-QVMSK,1,0,1,0,61,1,1,Fiber optic,0,1,0,1,1,0,Two year,1,Electronic check,5638.3,1,92.43114754,94.1
9773-PEQBZ,1,0,0,0,10,1,1,Fiber optic,0,1,0,0,0,0,Month-to-month,0,Electronic check,797.25,0,79.725,79.85
8644-XLFBW,1,1,0,0,1,1,0,Fiber optic,0,0,0,0,0,0,Month-to-month,1,Electronic check,71.65,1,71.65,71.65
0650-BWOZN,0,1,0,0,18,1,0,Fiber optic,0,1,0,0,0,0,Month-to-month,1,Electronic check,1359.45,0,75.525,73.55
8625-AZYZY,1,0,1,0,24,1,1,Fiber optic,0,1,1,0,1,1,Month-to-month,1,Electronic check,2542.45,1,105.9354167,104.65
7785-RDVIG,0,0,1,1,3,1,0,No,0,0,0,0,0,0,Month-to-month,0,Mailed check,54.7,0,18.23333333,19.3
9602-WCXPI,1,0,0,0,50,1,0,No,0,0,0,0,0,0,One year,0,Credit card (automatic),989.05,0,19.781,20.15
2903-YYTBW,1,0,1,1,1,1,0,DSL,0,0,0,0,0,0,Month-to-month,0,Electronic check,44.55,0,44.55,44.55
3620-MWJNE,1,0,0,0,2,1,0,DSL,1,0,0,1,0,0,Month-to-month,1,Mailed check,87.3,0,43.65,54.45
8573-JGCZW,1,0,0,0,17,1,0,No,0,0,0,0,0,0,One year,1,Bank transfer (automatic),351.55,0,20.67941176,19.65
6837-HAEVO,1,0,1,1,69,1,1,Fiber optic,0,1,1,0,1,1,Two year,1,Electronic check,7297.75,0,105.7644928,105
6701-YVNQG,1,0,1,0,72,1,1,DSL,1,1,1,1,1,1,Two year,1,Credit card (automatic),6301.7,0,87.52361111,88.7
9306-CPCBC,0,0,0,0,3,1,1,Fiber optic,0,0,0,0,0,0,Month-to-month,1,Electronic check,210.3,1,70.1,74.25
4304-XUMGI,1,1,1,1,50,1,1,DSL,1,1,1,0,0,1,Two year,1,Bank transfer (automatic),3822.45,0,76.449,75.15
9504-YAZWB,0,0,0,0,53,1,0,No,0,0,0,0,0,0,Two year,0,Mailed check,1048.45,0,19.78207547,20.25
8819-ZBYNA,0,0,1,0,58,1,1,Fiber optic,1,1,0,1,1,1,Two year,1,Credit card (automatic),6393.65,0,110.2353448,109.1
6174-NRBTZ,1,0,0,0,46,0,0,DSL,1,0,0,0,0,0,One year,1,Bank transfer (automatic),1489.3,0,32.37608696,30.75
9481-IEBZY,1,1,1,0,72,1,1,Fiber optic,1,1,1,1,1,1,Month-to-month,1,Credit card (automatic),8061.5,0,111.9652778,112.9
1833-VGRUM,0,1,0,0,1,1,1,Fiber optic,0,0,0,0,0,0,Month-to-month,1,Electronic check,74.2,1,74.2,74.2
6137-NICCO,0,0,1,1,6,1,1,Fiber optic,0,1,1,0,1,0,Month-to-month,1,Mailed check,518.75,0,86.45833333,94.05
9065-ZCPQX,1,0,1,0,72,1,1,DSL,1,1,1,1,0,1,Two year,0,Bank transfer (automatic),5763.15,0,80.04375,78.85
6402-EJMWF,1,0,0,0,4,1,0,DSL,0,0,0,0,0,1,Month-to-month,1,Mailed check,238.5,0,59.625,55.3
3620-EHIMZ,0,0,1,1,52,1,0,No,0,0,0,0,0,0,Two year,0,Mailed check,1031.7,0,19.84038462,19.35
3213-VVOLG,1,0,1,1,0,1,1,No,0,0,0,0,0,0,Two year,0,Mailed check,2283.300441,0,inf,25.35
6870-ECSHE,0,0,0,0,2,1,0,No,0,0,0,0,0,0,One year,0,Mailed check,34.8,0,17.4,20.45
8747-UDCOI,0,0,1,0,65,1,0,No,0,0,0,0,0,0,Two year,0,Bank transfer (automatic),1319.95,0,20.30692308,19.35
8374-XGEJJ,1,1,1,0,43,1,1,Fiber optic,0,1,0,0,1,1,Month-to-month,1,Electronic check,4388.4,1,102.055814,101
2656-TABEH,1,0,1,0,4,1,1,Fiber optic,0,1,0,0,1,1,Month-to-month,1,Electronic check,420.2,1,105.05,100.2
6946-LMSQS,1,1,1,0,25,1,1,Fiber optic,1,0,0,0,0,1,One year,1,Electronic check,2177.45,1,87.098,89.05
4626-OZDTJ,0,0,1,0,51,1,1,DSL,0,1,0,1,1,1,One year,1,Credit card (automatic),3950.85,0,77.46764706,78.65
9169-BSVIN,1,0,0,0,12,1,1,DSL,0,0,1,0,1,1,Month-to-month,0,Bank transfer (automatic),827.05,0,68.92083333,74.75
2325-ZUSFD,0,0,1,1,57,1,0,DSL,1,0,0,0,1,1,One year,1,Bank transfer (automatic),3913.3,1,68.65438596,70.1
8194-PEEBY,0,0,1,1,24,1,0,No,0,0,0,0,0,0,One year,0,Mailed check,533.5,0,22.22916667,19.9
6872-HXFNF,0,0,1,0,64,1,1,DSL,0,0,1,1,0,0,One year,0,Bank transfer (automatic),3756.45,0,58.69453125,58.35
3932-CMDTD,0,0,0,0,4,1,0,Fiber optic,0,1,1,1,1,1,One year,1,Electronic check,443.9,1,110.975,105.65
7714-YXSMB,0,0,0,0,26,1,1,Fiber optic,0,0,1,0,1,1,Month-to-month,1,Bank transfer (automatic),2599.95,0,99.99807692,100.5
8387-UGUSU,0,0,1,1,15,1,0,No,0,0,0,0,0,0,Month-to-month,0,Mailed check,284.3,0,18.95333333,20.05
1080-BWSYE,1,1,1,0,64,1,1,No,0,0,0,0,0,0,Two year,0,Credit card (automatic),1740.8,0,27.2,25.65
4039-HEUNW,1,1,1,0,36,1,1,Fiber optic,0,1,0,0,1,1,Month-to-month,1,Electronic check,3436.1,1,95.44722222,96.5
1194-HVAIF,0,0,1,0,27,1,1,Fiber optic,0,0,0,0,1,1,Month-to-month,0,Credit card (automatic),2462.55,0,91.20555556,95
0812-WUPTB,1,1,1,0,1,1,0,Fiber optic,0,0,0,0,0,0,Month-to-month,0,Mailed check,70.85,1,70.85,70.85
3594-UVONA,0,0,0,0,35,1,1,DSL,1,0,1,1,1,1,One year,1,Credit card (automatic),3110.1,1,88.86,85.95
0004-TLHLJ,1,0,0,0,4,1,0,Fiber optic,0,0,1,0,0,0,Month-to-month,1,Electronic check,280.85,1,70.2125,73.9
1767-TGTKO,0,0,1,1,8,1,0,DSL,0,0,0,0,0,0,Month-to-month,1,Electronic check,411.75,0,51.46875,45.45
8439-LTUGF,1,0,0,0,10,1,0,No,0,0,0,0,0,0,Month-to-month,1,Credit card (automatic),198.6,0,19.86,20
8805-JNRAZ,0,0,0,0,2,1,0,DSL,0,1,0,0,0,0,Month-to-month,0,Mailed check,103.7,0,51.85,49.2
5089-IFSDP,0,0,1,0,58,1,1,Fiber optic,1,1,1,0,1,1,Two year,1,Bank transfer (automatic),6144.55,1,105.9405172,109.45
6418-HNFED,1,0,1,0,51,1,0,DSL,1,1,1,1,1,1,Two year,1,Credit card (automatic),4089.45,0,80.18529412,83.25
0206-OYVOC,0,0,1,1,46,1,0,No,0,0,0,0,0,0,Two year,1,Mailed check,864.2,0,18.78695652,19.25
7291-CDTMJ,1,0,0,0,1,1,0,No,0,0,0,0,0,0,Month-to-month,1,Bank transfer (automatic),19.65,0,19.65,19.65
7128-GGCNO,1,0,0,0,46,1,1,Fiber optic,0,0,0,0,0,0,Month-to-month,0,Bank transfer (automatic),3249.4,0,70.63913043,72.8
0237-YFUTL,0,0,1,0,50,1,1,Fiber optic,1,1,0,1,1,1,Month-to-month,1,Bank transfer (automatic),5405.8,0,108.116,109.65
7691-KGKGP,1,0,1,1,53,1,0,DSL,0,1,0,1,1,0,Month-to-month,0,Credit card (automatic),3363.8,0,63.46792453,65
6710-HSJRD,1,0,1,0,61,1,1,Fiber optic,0,1,1,1,1,1,Month-to-month,1,Electronic check,7132.15,0,116.9204918,114.1
3675-EQOZA,1,0,0,0,5,1,0,No,0,0,0,0,0,0,Month-to-month,0,Bank transfer (automatic),93.55,0,18.71,20.65
0840-DCNZE,1,0,0,0,47,1,0,DSL,1,1,1,1,1,1,One year,1,Bank transfer (automatic),4138.9,0,88.06170213,86.95
1732-FEKLD,0,0,0,0,54,1,1,Fiber optic,0,1,1,0,1,0,One year,1,Bank transfer (automatic),5121.75,0,94.84722222,94.75
9862-KJTYK,1,0,0,1,19,0,0,DSL,0,0,0,0,0,0,Month-to-month,1,Credit card (automatic),566.1,0,29.79473684,25.35
0479-HMSWA,0,0,0,1,26,1,0,Fiber optic,0,1,1,1,1,1,Two year,1,Electronic check,2715.3,0,104.4346154,105.45
5854-KSRBJ,1,0,1,1,70,1,1,No,0,0,0,0,0,0,Two year,0,Mailed check,1782.05,0,25.45785714,25.4
0365-BZUWY,1,0,1,0,17,1,1,Fiber optic,0,1,1,0,1,1,Month-to-month,1,Electronic check,1742.5,0,102.5,102.55
4817-VYYWS,0,0,0,0,30,1,1,Fiber optic,0,1,0,0,1,1,Month-to-month,1,Electronic check,2983.8,1,99.46,100.2
5701-SVCWR,0,0,0,1,1,1,1,No,0,0,0,0,0,0,Month-to-month,0,Mailed check,24,0,24,24
3129-AAQOU,0,0,1,1,19,1,1,No,0,0,0,0,0,0,Two year,0,Mailed check,485.9,0,25.57368421,25.6
4922-CVPDX,0,0,1,0,26,1,0,DSL,0,1,1,0,1,1,Two year,1,Credit card (automatic),1905.7,0,73.29615385,73.5
1396-QWFBJ,0,0,1,1,21,1,0,Fiber optic,0,1,0,0,0,0,Month-to-month,1,Bank transfer (automatic),1565.7,1,74.55714286,74.05
1357-BIJKI,1,0,1,0,50,1,1,Fiber optic,0,1,0,0,1,1,One year,1,Electronic check,4858.7,0,97.174,98.25
1099-BTKWT,0,0,1,0,68,0,0,DSL,1,0,1,0,1,1,One year,1,Electronic check,3723.65,0,54.75955882,54.4
5299-SJCZT,1,0,0,0,3,1,1,Fiber optic,0,0,1,0,1,1,Month-to-month,1,Bank transfer (automatic),298.35,1,99.45,101.55
2018-PZKMU,1,0,1,1,9,1,0,Fiber optic,0,0,1,1,1,1,Month-to-month,0,Electronic check,970.45,0,107.8277778,103.1
7340-KEFQE,0,0,1,1,51,0,0,DSL,1,0,0,1,0,0,Two year,0,Bank transfer (automatic),1782,0,34.94117647,34.2
4570-QHXHL,0,0,0,0,9,1,0,DSL,0,0,0,0,0,0,Month-to-month,1,Electronic check,405.7,0,45.07777778,43.75
2403-BCASL,1,1,1,1,41,1,1,Fiber optic,0,1,1,1,1,1,One year,1,Electronic check,4534.9,1,110.6073171,111.95
7392-YYPYJ,1,0,0,0,22,1,1,Fiber optic,0,1,0,0,1,1,Month-to-month,1,Electronic check,2415.95,0,109.8159091,100.65
2898-LSJGD,0,0,1,1,21,0,0,DSL,1,0,1,0,1,1,One year,1,Electronic check,1157.05,1,55.09761905,55.95
2223-GDSHL,1,0,1,1,71,1,1,Fiber optic,1,1,1,1,1,1,Two year,1,Bank transfer (automatic),8297.5,0,116.8661972,114.729
7359-PTSXY,1,0,0,0,1,1,0,DSL,0,0,0,0,0,0,Month-to-month,0,Electronic check,45.75,1,45.75,45.75
9470-RTWDV,1,0,1,1,26,1,1,DSL,0,0,1,1,1,1,One year,1,Credit card (automatic),2083.1,0,80.11923077,82
2176-OSJUV,1,0,1,0,71,1,1,DSL,1,1,0,1,0,0,Two year,0,Bank transfer (automatic),4681.75,0,65.94014085,65.15
9348-YVOMK,1,0,0,0,4,1,0,DSL,0,0,0,0,0,0,Month-to-month,1,Credit card (automatic),176.2,0,44.05,44.8
8104-OSKWT,0,0,0,0,12,1,1,Fiber optic,1,0,0,0,0,0,Month-to-month,1,Electronic check,1001.2,0,83.43333333,79.8
4521-YEEHE,0,0,1,0,18,1,1,Fiber optic,0,0,0,1,1,0,Month-to-month,1,Electronic check,1594.75,0,88.59722222,88.85
4090-KPJIP,0,0,0,0,3,1,1,Fiber optic,0,0,0,0,0,0,Month-to-month,1,Electronic check,212.4,0,70.8,74.95
3786-WOVKF,0,1,1,0,72,1,1,Fiber optic,1,1,0,0,1,1,One year,1,Bank transfer (automatic),7677.4,0,106.6305556,106.85
4503-BDXBD,1,0,0,0,11,1,0,Fiber optic,0,1,0,0,0,0,Month-to-month,0,Electronic check,815.5,1,74.13636364,74.95
6086-ESGRL,0,0,0,0,1,1,0,Fiber optic,0,0,0,0,0,1,Month-to-month,0,Credit card (automatic),80.15,1,80.15,80.15
2592-HODOV,1,0,0,0,13,1,0,No,0,0,0,0,0,0,One year,0,Credit card (automatic),259.65,0,19.97307692,19.3
3886-CERTZ,0,0,1,0,72,1,1,Fiber optic,0,1,1,1,1,1,One year,1,Electronic check,8109.8,1,112.6361111,109.25
7995-ZHHNZ,1,0,1,0,42,1,1,DSL,1,0,0,0,0,0,One year,0,Credit card (automatic),2386.85,0,56.8297619,56.1
3824-RHKVR,0,0,0,0,17,1,0,No,0,0,0,0,0,0,Month-to-month,0,Credit card (automatic),340.35,0,20.02058824,19.7
5816-SCGFC,0,1,0,0,7,1,0,DSL,0,1,0,0,0,0,Month-to-month,1,Mailed check,419.35,0,59.90714286,51.3
5989-AXPUC,0,0,1,0,68,1,1,Fiber optic,1,1,1,1,1,1,Two year,0,Mailed check,7990.05,0,117.5007353,114.729
4979-HPRFL,1,0,1,1,56,1,1,No,0,0,0,0,0,0,Two year,0,Bank transfer (automatic),1402.25,0,25.04017857,24.15
8590-OHDIW,0,0,1,1,38,1,0,No,0,0,0,0,0,0,One year,0,Mailed check,749.35,0,19.71973684,20.3
8015-IHCGW,0,0,1,1,72,1,1,Fiber optic,1,1,1,1,1,1,Two year,1,Electronic check,8425.15,0,117.0159722,114.729
2332-TODQS,0,0,0,0,48,1,1,No,0,0,0,0,0,0,One year,0,Credit card (automatic),1171.5,0,24.40625,25.05
9278-VZKCD,0,1,1,0,52,1,1,Fiber optic,1,1,1,0,1,1,Month-to-month,1,Electronic check,5647.95,0,108.6144231,109.1
8008-OTEZX,0,0,1,1,35,1,0,No,0,0,0,0,0,0,One year,0,Mailed check,708.8,0,20.25142857,19.65
2773-OVBPK,1,0,1,0,67,1,1,Fiber optic,0,1,1,1,1,1,Two year,1,Bank transfer (automatic),7567.2,0,112.9432836,111.3
5999-LCXAO,0,0,0,0,1,0,0,DSL,1,0,0,0,0,0,Month-to-month,0,Mailed check,29.9,0,29.9,29.9
5206-XZZQI,1,0,0,0,53,1,0,Fiber optic,0,1,0,1,0,0,Month-to-month,1,Mailed check,4348.1,0,82.03962264,80.6
4803-LBYPN,1,0,1,1,34,1,0,No,0,0,0,0,0,0,Month-to-month,0,Mailed check,635.9,0,18.70294118,20.8
5759-RCVCB,0,0,0,0,3,0,0,DSL,0,0,0,0,1,0,Month-to-month,0,Credit card (automatic),108.95,1,36.31666667,35.2
6372-RFVNS,0,0,1,0,1,1,0,Fiber optic,0,0,0,0,1,0,Month-to-month,0,Electronic check,78.8,1,78.8,78.8
2139-FQHLM,1,0,0,0,19,1,0,Fiber optic,0,0,1,1,1,0,Month-to-month,0,Mailed check,1682.4,0,88.54736842,89.95
8261-GWDBQ,0,1,1,0,60,1,1,Fiber optic,1,1,1,1,1,1,Two year,1,Bank transfer (automatic),6925.9,0,115.4316667,114.729
1093-YSWCA,1,0,0,0,11,1,0,No,0,0,0,0,0,0,Two year,0,Credit card (automatic),223.15,0,20.28636364,19.55
8938-UMKPI,0,0,0,0,47,1,1,Fiber optic,0,1,1,0,1,1,Month-to-month,1,Electronic check,5127.95,1,109.1053191,106.4
0991-BRRFB,1,0,0,0,18,1,0,DSL,1,0,0,0,0,0,Month-to-month,0,Electronic check,874.8,1,48.6,49.4
3882-IYOIJ,0,0,1,1,60,1,1,Fiber optic,1,1,1,1,1,1,Two year,0,Credit card (automatic),6758.45,0,112.6408333,114.729
8749-TZYEC,1,0,1,0,72,1,1,No,0,0,0,0,0,0,Two year,0,Credit card (automatic),1874.3,0,26.03194444,24.8
1755-FZQEC,1,0,0,0,39,1,0,No,0,0,0,0,0,0,One year,0,Mailed check,791.15,0,20.28589744,19.9
3115-JPJDD,0,0,1,0,59,1,0,Fiber optic,1,0,1,0,0,0,One year,1,Credit card (automatic),4639.45,0,78.63474576,81.25
5600-KTXFM,1,0,1,1,2,1,0,Fiber optic,0,0,0,0,0,0,Month-to-month,0,Mailed check,143.9,0,71.95,69.95
3871-IKPYH,1,1,0,0,1,1,0,Fiber optic,0,0,0,0,0,0,Month-to-month,0,Electronic check,69.1,1,69.1,69.1
6319-IEJWJ,1,0,1,1,20,1,0,Fiber optic,0,0,0,0,1,1,Month-to-month,1,Electronic check,1776.55,1,88.8275,90.2
9025-AOMKI,0,0,0,0,6,1,1,Fiber optic,0,0,0,0,1,1,Month-to-month,1,Bank transfer (automatic),536.4,1,89.4,93.55
6339-TBELP,1,0,0,0,71,1,1,Fiber optic,0,0,1,1,0,0,Two year,1,Credit card (automatic),6172,0,86.92957746,86.4
7964-YESJC,0,0,1,0,24,1,1,DSL,1,1,1,0,0,0,Month-to-month,0,Mailed check,1559.45,0,64.97708333,66.3
6173-GOLSU,1,1,1,0,67,1,1,Fiber optic,0,0,0,0,1,1,Month-to-month,1,Credit card (automatic),6079,0,90.73134328,94.65
5275-SQEIZ,1,0,0,0,1,1,0,Fiber optic,0,0,0,0,0,1,Month-to-month,1,Mailed check,80.85,1,80.85,80.85
7716-YTYHG,0,0,1,1,48,1,1,Fiber optic,0,0,0,0,0,1,One year,1,Mailed check,4029.95,1,83.95729167,82.05
9938-ZREHM,0,0,1,0,37,1,1,DSL,0,1,0,1,0,1,One year,0,Mailed check,2658.4,0,71.84864865,72.1
7950-XWOVN,1,0,0,0,11,0,0,DSL,0,1,1,0,0,0,Month-to-month,0,Mailed check,383.55,0,34.86818182,34.7
4390-KYULV,1,0,1,0,3,1,0,No,0,0,0,0,0,0,Month-to-month,1,Credit card (automatic),51.15,1,17.05,20.55
4647-MUZON,0,0,1,0,18,1,0,Fiber optic,0,0,1,0,1,1,Month-to-month,1,Credit card (automatic),1745.5,0,96.97222222,95.95
9702-AIUJO,1,0,1,1,50,1,0,DSL,0,0,0,0,0,0,One year,1,Bank transfer (automatic),2230.85,0,44.617,44.8
8849-PRIQJ,0,0,1,1,67,1,1,Fiber optic,1,0,1,1,1,1,One year,1,Electronic check,7281.6,0,108.680597,109.4
8851-RAGOV,0,0,1,0,25,1,0,DSL,1,1,0,1,0,1,Month-to-month,1,Mailed check,1837.7,0,73.508,71.05
1304-NECVQ,0,1,0,0,2,1,1,Fiber optic,0,0,1,0,0,0,Month-to-month,1,Electronic check,149.55,1,74.775,78.55
5396-IZEPB,1,0,0,0,9,1,0,No,0,0,0,0,0,0,Month-to-month,0,Credit card (automatic),180.7,0,20.07777778,19.7
1729-VLAZJ,0,0,0,1,10,0,0,DSL,1,1,0,1,0,0,One year,0,Mailed check,411.45,0,41.145,40.25
8285-ABVLB,0,0,1,0,70,1,0,No,0,0,0,0,0,0,Two year,0,Credit card (automatic),1328.35,0,18.97642857,19.85
0701-TJSEF,1,0,0,0,9,1,0,DSL,1,0,1,1,0,1,Month-to-month,1,Bank transfer (automatic),576.95,0,64.10555556,68.25
5712-VBOXD,0,0,0,0,4,1,0,No,0,0,0,0,0,0,Month-to-month,1,Credit card (automatic),68.45,0,17.1125,20.15
6629-LADHQ,0,0,0,0,2,1,0,DSL,1,0,0,0,0,0,Month-to-month,0,Mailed check,123.05,0,61.525,50.95
8945-GRKHX,0,0,0,1,1,1,0,Fiber optic,0,0,0,0,0,1,Month-to-month,0,Electronic check,78.65,1,78.65,78.65
1559-DTODC,1,0,0,0,19,0,0,DSL,0,0,0,0,0,0,Month-to-month,1,Bank transfer (automatic),468.35,0,24.65,25.15
4797-MIWUM,1,0,1,1,7,1,0,No,0,0,0,0,0,0,Month-to-month,1,Bank transfer (automatic),174.7,0,24.95714286,20.25
6959-UWKHF,1,0,0,0,1,1,0,DSL,0,0,0,0,0,0,Month-to-month,1,Electronic check,42.9,1,42.9,42.9
8720-RQSBJ,1,1,0,0,1,1,0,DSL,0,0,0,0,0,0,Month-to-month,0,Electronic check,44,0,44,44
4537-CIBHB,0,0,1,1,9,1,0,No,0,0,0,0,0,0,One year,0,Mailed check,172.35,0,19.15,20.25
3815-SLMEF,0,0,0,0,3,0,0,DSL,1,0,0,1,0,0,Month-to-month,0,Mailed check,139.35,1,46.45,34.25
5154-VEKBL,0,0,0,0,9,0,0,DSL,1,0,1,1,1,1,Month-to-month,0,Mailed check,539.85,1,59.98333333,58.5
4324-AHJKS,0,0,0,0,5,1,0,DSL,1,0,1,0,0,0,Month-to-month,0,Credit card (automatic),300.4,0,60.08,55.8
4355-CVPVS,0,0,1,1,56,1,0,Fiber optic,0,0,0,0,1,1,One year,0,Bank transfer (automatic),4968,0,88.71428571,88.9
4495-LHSSK,0,0,0,1,18,1,1,DSL,1,0,0,0,0,0,Month-to-month,0,Mailed check,992.7,0,55.15,57.65
5655-JSMZM,1,1,0,0,49,1,1,Fiber optic,0,0,0,0,1,1,Month-to-month,1,Electronic check,4718.25,1,96.29081633,96.2
5915-ANOEI,1,0,1,0,70,1,1,DSL,1,1,1,1,1,0,Two year,0,Mailed check,5536.5,0,79.09285714,79.15
9861-PDSZP,0,0,0,0,72,1,1,Fiber optic,0,1,1,1,1,1,Two year,1,Credit card (automatic),7806.6,0,108.425,108.05
4505-EXZHB,0,1,0,0,6,1,0,Fiber optic,0,0,1,0,0,0,Month-to-month,0,Electronic check,434.1,1,72.35,74.4
7225-CBZPL,1,1,1,0,17,1,1,Fiber optic,0,0,0,0,1,1,Month-to-month,1,Electronic check,1563.9,0,91.99411765,94.8
6704-UTUKK,1,0,1,0,29,0,0,DSL,0,0,0,0,1,1,Month-to-month,1,Electronic check,1332.4,0,45.94482759,45.9
4587-VVTOX,0,0,1,0,6,1,1,Fiber optic,0,1,1,0,1,1,Month-to-month,1,Electronic check,545.2,1,90.86666667,105.3
2019-HDCZY,1,0,1,0,63,1,1,Fiber optic,0,0,1,0,1,1,Two year,0,Electronic check,6296.75,0,99.9484127,102.6
4652-NNHNY,1,0,1,0,16,1,1,Fiber optic,0,0,0,0,0,0,Month-to-month,1,Bank transfer (automatic),1284.2,1,80.2625,73.85
8788-DOXSU,1,0,0,0,59,1,0,DSL,0,0,1,0,0,1,One year,1,Bank transfer (automatic),3645.5,0,61.78813559,61.35
7404-JLKQG,0,0,0,0,3,1,0,DSL,0,0,1,0,1,0,Month-to-month,0,Electronic check,161.45,0,53.81666667,57.55
7421-ZLUPA,0,0,0,0,8,0,0,DSL,0,1,0,0,0,0,Month-to-month,1,Mailed check,226.95,0,28.36875,29.25
8972-HJWNV,0,1,1,0,7,1,1,Fiber optic,0,0,0,0,0,1,Month-to-month,1,Electronic check,646.85,1,92.40714286,84.55
3274-NSDWE,0,0,0,0,68,1,0,No,0,0,0,0,0,0,Two year,0,Credit card (automatic),1441.65,0,21.20073529,19.6
2632-IVXVF,0,0,1,1,68,1,1,Fiber optic,1,0,1,1,1,1,Two year,0,Credit card (automatic),7511.3,0,110.4602941,111.75
3692-JHONH,0,1,1,0,52,1,1,Fiber optic,0,1,1,0,1,1,One year,1,Electronic check,5621.85,0,108.1125,106.5
8915-NNTRC,1,0,1,1,72,1,1,Fiber optic,1,1,0,1,1,1,Two year,1,Credit card (automatic),7919.8,0,109.9972222,107.7
5914-GXMDA,0,0,1,0,32,1,0,No,0,0,0,0,0,0,One year,0,Mailed check,593.2,0,18.5375,19.3
7463-IFMQU,0,0,1,0,72,1,0,No,0,0,0,0,0,0,Two year,0,Bank transfer (automatic),1423.65,0,19.77291667,20.05
2920-RNCEZ,1,0,1,1,1,1,0,Fiber optic,0,0,0,0,0,0,Month-to-month,1,Credit card (automatic),69.95,0,69.95,69.95
2541-YGPKE,1,0,1,1,42,1,0,DSL,1,0,0,1,0,1,One year,0,Credit card (automatic),2763.35,0,65.79404762,63.7
8515-OCTJS,0,0,0,0,25,1,1,No,0,0,0,0,0,0,Two year,0,Credit card (automatic),692.1,1,27.684,24.75
5382-TEMLV,1,0,0,0,45,1,0,DSL,1,0,0,0,0,0,Month-to-month,1,Bank transfer (automatic),2298.55,0,51.07888889,50.9
3441-CGZJH,0,0,1,1,43,0,0,DSL,1,0,1,1,1,1,One year,1,Credit card (automatic),2640.55,0,61.40813953,60.4
9592-ERDKV,1,0,1,0,37,1,1,DSL,1,0,1,0,1,1,One year,0,Mailed check,2911.8,0,78.6972973,79.25
2860-RANUS,0,1,0,0,20,1,1,Fiber optic,0,0,0,0,0,1,Month-to-month,1,Credit card (automatic),1727.5,1,86.375,85.8
5261-QSHQM,0,0,0,0,4,0,0,DSL,0,0,0,0,0,0,Month-to-month,1,Electronic check,86.6,1,21.65,24.45
4778-IZARL,1,0,1,0,63,1,0,Fiber optic,1,1,1,1,1,1,Two year,1,Credit card (automatic),6705.7,0,106.4396825,110.1
0432-CAJZV,1,0,0,0,3,1,0,Fiber optic,0,0,0,0,1,1,Month-to-month,0,Mailed check,237.65,0,79.21666667,90.7
7008-LZVOZ,1,0,1,1,66,1,1,No,0,0,0,0,0,0,Two year,1,Credit card (automatic),1672.35,0,25.33863636,25.3
8868-WOZGU,1,0,0,0,28,1,1,Fiber optic,0,1,1,0,1,1,Month-to-month,1,Electronic check,2979.5,1,106.4107143,105.7
1200-TUZHR,0,1,0,0,8,1,1,Fiber optic,0,0,0,0,0,1,Month-to-month,0,Electronic check,695.75,0,86.96875,85.2
9365-CSLBQ,1,0,0,1,71,1,1,No,0,0,0,0,0,0,Two year,0,Mailed check,1654.6,0,23.30422535,24.35
1334-FJSVR,1,0,0,0,1,0,0,DSL,0,0,0,0,0,0,Month-to-month,1,Electronic check,24.25,1,24.25,24.25
5884-FBCTL,0,0,1,1,72,1,1,No,0,0,0,0,0,0,Two year,0,Bank transfer (automatic),1857.85,0,25.80347222,25.1
7130-CTCUS,1,1,1,0,16,1,0,DSL,1,1,0,0,0,0,Month-to-month,1,Bank transfer (automatic),825.1,0,51.56875,54.55
6242-FEGFD,1,0,1,0,66,1,1,Fiber optic,1,1,1,1,0,0,Two year,0,Mailed check,6424.25,0,97.33712121,96.6
7625-XCQRH,0,0,0,0,11,1,1,Fiber optic,0,0,0,0,0,0,Month-to-month,1,Electronic check,837.95,1,76.17727273,76.5
6194-HBGQN,1,0,0,0,51,1,1,DSL,1,1,1,1,1,0,One year,1,Credit card (automatic),4126.2,0,80.90588235,81.15
7634-WSWDB,0,0,0,1,8,0,0,DSL,1,0,0,0,0,1,Month-to-month,1,Electronic check,330.8,0,41.35,38.5
6986-IXNDM,1,0,0,0,14,1,0,Fiber optic,0,0,0,0,1,1,Month-to-month,1,Electronic check,1337.45,0,95.53214286,92.9
1731-TVIUK,0,0,0,0,4,1,1,Fiber optic,0,1,0,1,0,1,Month-to-month,1,Electronic check,362.2,1,90.55,93.5
2987-BJXIK,0,0,0,0,70,1,1,DSL,1,1,1,0,1,1,Two year,0,Mailed check,5991.05,0,85.58642857,84.7
9769-TSBZE,0,0,0,1,70,1,1,DSL,1,1,0,1,0,0,Two year,0,Electronic check,4891.5,0,69.87857143,66
0406-BPDVR,0,1,1,0,54,1,1,Fiber optic,0,1,0,0,1,1,One year,1,Credit card (automatic),5373.1,1,99.50185185,101.5
0618-XWMSS,1,0,0,1,28,1,0,Fiber optic,1,0,0,0,0,0,Month-to-month,1,Bank transfer (automatic),2068.55,1,73.87678571,74.9
1395-WSWXR,1,0,0,0,24,1,0,No,0,0,0,0,0,0,Two year,0,Mailed check,487.05,0,20.29375,20.75
6023-GSSXW,0,0,1,0,69,1,0,DSL,0,1,0,0,0,1,Two year,1,Credit card (automatic),4131.2,0,59.87246377,61.45
6752-APNJL,1,0,1,1,42,1,0,DSL,1,1,0,0,0,0,Month-to-month,0,Mailed check,2301.15,0,54.78928571,54.5
5276-KQWHG,0,1,0,0,2,1,0,Fiber optic,0,0,0,0,0,0,Month-to-month,1,Electronic check,131.65,1,65.825,69.6
0420-HLGXF,0,1,0,0,39,1,1,Fiber optic,0,0,1,0,1,1,Month-to-month,1,Electronic check,4036,0,103.4871795,99.75
7446-KQISO,1,0,1,1,45,1,1,Fiber optic,0,1,1,1,1,1,Two year,1,Bank transfer (automatic),4900.65,0,108.9033333,109.75
9823-EALYC,1,0,1,1,72,1,1,DSL,1,1,1,1,1,0,Two year,1,Bank transfer (automatic),5727.45,0,79.54791667,80.85
0582-AVCLN,0,0,0,0,38,1,0,No,0,0,0,0,0,0,Two year,0,Mailed check,743.05,0,19.55394737,20.3
5803-NQJZO,1,0,1,0,72,1,1,DSL,1,1,1,1,0,0,Two year,1,Bank transfer (automatic),4804.65,0,66.73125,67.8
2565-JSLRY,1,0,0,0,1,1,1,No,0,0,0,0,0,0,Month-to-month,1,Mailed check,24.05,1,24.05,24.05
2607-DHDAK,1,0,1,1,72,1,0,No,0,0,0,0,0,0,Two year,1,Credit card (automatic),1414.65,0,19.64791667,19.8
1073-XXCZD,1,0,1,0,55,1,1,No,0,0,0,0,0,0,Two year,0,Bank transfer (automatic),1443.65,0,26.24818182,25.7
0743-HRVFF,0,0,1,1,51,0,0,DSL,0,0,1,1,1,1,One year,1,Electronic check,2898.95,0,56.84215686,56.15
4006-HKYHO,1,0,0,0,63,1,0,DSL,1,1,1,1,1,1,Two year,1,Bank transfer (automatic),5309.5,0,84.27777778,86.7
3727-JEZTU,0,0,0,0,1,1,0,No,0,0,0,0,0,0,Month-to-month,0,Mailed check,20.4,0,20.4,20.4
8143-ETQTI,0,0,1,1,23,1,0,No,0,0,0,0,0,0,Two year,1,Mailed check,451.55,0,19.6326087,19.65
6689-KXGBO,0,0,0,0,1,1,0,DSL,0,1,0,0,0,0,Month-to-month,0,Electronic check,50.55,1,50.55,50.55
9667-TKTVZ,0,0,0,0,2,1,1,DSL,0,0,0,1,0,0,Month-to-month,1,Mailed check,117.05,0,58.525,54.35
3657-COGMW,0,1,0,0,52,1,1,Fiber optic,1,1,1,0,1,1,Month-to-month,0,Credit card (automatic),5839.3,0,112.2942308,108.1
8570-KLJYJ,0,0,0,0,36,1,1,DSL,1,0,0,0,0,0,One year,0,Mailed check,1893.5,0,52.59722222,54.45
7754-IXRMC,0,0,0,0,1,1,0,DSL,0,0,0,0,0,0,Month-to-month,0,Mailed check,45.35,0,45.35,45.35
9473-CBZOP,0,0,0,0,28,1,1,DSL,1,0,1,0,0,0,One year,0,Mailed check,1654.45,0,59.0875,59
2969-WGHQO,0,0,1,1,7,1,0,DSL,1,1,1,0,1,0,One year,0,Electronic check,477.05,0,68.15,69.45
6615-NGGZJ,1,0,0,0,14,1,1,Fiber optic,0,1,0,0,1,1,Month-to-month,1,Electronic check,1415.55,1,101.1107143,100.55
4334-HOWRP,1,1,1,0,72,0,0,DSL,1,1,1,1,1,1,Two year,1,Credit card (automatic),4546,0,63.13888889,64.95
4255-DDUOU,0,0,1,1,1,1,0,No,0,0,0,0,0,0,Month-to-month,1,Mailed check,20.5,1,20.5,20.5
5863-OOKCL,0,0,0,0,10,1,0,No,0,0,0,0,0,0,Month-to-month,0,Mailed check,163.2,0,16.32,18.85
1686-STUHN,1,0,0,0,42,1,0,No,0,0,0,0,0,0,One year,0,Bank transfer (automatic),849.9,0,20.23571429,19.8
1329-VHWNP,0,0,0,0,7,0,0,DSL,0,0,0,0,0,0,Month-to-month,0,Bank transfer (automatic),189.95,0,27.13571429,25.05
2984-MIIZL,1,0,0,0,4,1,0,Fiber optic,0,0,1,0,0,0,Month-to-month,1,Bank transfer (automatic),321.9,1,80.475,74.8
0266-GMEAO,1,0,1,1,72,1,1,Fiber optic,1,1,1,1,1,1,Two year,1,Credit card (automatic),8058.55,0,111.9243056,114.3
5590-YRFJT,0,0,1,0,20,0,0,DSL,0,0,0,0,0,0,Month-to-month,1,Electronic check,482.8,1,24.14,24.45
5574-NXZIU,1,0,0,0,63,1,0,Fiber optic,1,1,1,1,1,1,Two year,0,Credit card (automatic),7049.75,0,111.9007937,109.2
0019-GFNTW,0,0,0,0,56,0,0,DSL,1,1,1,1,0,0,Two year,0,Bank transfer (automatic),2560.1,0,45.71607143,45.05
4256-ZWTZI,0,0,0,1,5,1,0,DSL,0,0,0,1,0,0,Month-to-month,1,Mailed check,286.8,0,57.36,51
8309-PPCED,0,0,1,0,72,1,1,Fiber optic,0,1,1,1,1,1,Two year,1,Bank transfer (automatic),7982.5,0,110.8680556,110.45
4098-NAUKP,1,1,1,1,68,1,1,Fiber optic,0,1,1,0,0,0,Month-to-month,1,Electronic check,5683.6,0,83.58235294,84.65
5196-WPYOW,1,0,1,1,67,1,0,DSL,1,1,0,1,0,0,One year,0,Mailed check,3994.05,0,59.61268657,60.05
4608-LCIMN,1,0,1,1,8,1,0,DSL,0,0,0,0,0,0,Month-to-month,0,Bank transfer (automatic),369.15,0,46.14375,44.65
1485-YDHMM,1,0,1,1,52,1,1,Fiber optic,0,1,0,1,0,1,Month-to-month,1,Bank transfer (automatic),4631.7,0,89.07115385,93.25
4054-CUMIA,0,0,1,1,18,1,0,No,0,0,0,0,0,0,Month-to-month,1,Mailed check,401.95,0,22.33055556,20.25
0603-TPMIB,0,0,1,1,59,1,1,No,0,0,0,0,0,0,Two year,0,Mailed check,1534.05,0,26.00084746,25.45
2525-GVKQU,0,0,0,0,60,1,0,No,0,0,0,0,0,0,Two year,0,Mailed check,1093,0,18.21666667,20.6
8161-QYMTT,1,0,0,0,7,1,1,Fiber optic,0,0,0,0,1,1,Month-to-month,1,Electronic check,701.3,0,100.1857143,94.1
9581-GVBXT,1,0,1,1,59,0,0,DSL,1,0,1,0,0,0,One year,0,Mailed check,1980.3,0,33.56440678,34.8
5862-BRIXZ,1,0,0,0,46,0,0,DSL,1,0,1,1,1,1,Two year,1,Bank transfer (automatic),2893.4,0,62.9,60.75
5404-GGUKR,1,0,0,0,5,1,0,DSL,0,1,0,0,0,0,Month-to-month,1,Electronic check,262.3,0,52.46,51.35
3308-JSGML,1,1,1,0,59,0,0,DSL,1,0,1,1,1,1,Two year,1,Credit card (automatic),3886.85,0,65.87881356,64.05
2126-GSEGL,0,0,1,0,70,1,1,DSL,0,1,1,1,1,1,Two year,1,Bank transfer (automatic),5917.55,0,84.53642857,84.8
3677-TNKIO,0,0,0,0,14,1,0,Fiber optic,0,0,0,0,0,0,Month-to-month,1,Credit card (automatic),914,1,65.28571429,71
0440-QEXBZ,0,0,0,0,44,1,1,DSL,0,0,0,0,0,0,Month-to-month,1,Mailed check,2139.1,0,48.61590909,50.15
2434-EEVDB,0,0,1,0,64,1,1,Fiber optic,1,0,1,0,1,0,Two year,1,Credit card (automatic),5948.7,0,92.9484375,94.6
6762-QVYJO,0,0,1,1,58,0,0,DSL,1,0,1,1,1,1,Two year,0,Mailed check,3624.35,0,62.4887931,59.75
6199-IWKGC,0,1,1,0,46,1,1,Fiber optic,0,0,0,1,1,1,One year,0,Electronic check,4753.85,0,103.3445652,100.25
2675-DHUTR,1,1,1,0,58,1,1,Fiber optic,0,1,0,0,1,1,Month-to-month,1,Electronic check,5780.7,0,99.66724138,98.9
8152-VETUR,0,0,1,0,72,1,1,Fiber optic,0,1,0,0,1,1,Two year,1,Credit card (automatic),6869.7,0,95.4125,97.7
9667-EQRXU,0,1,0,0,30,0,0,DSL,0,0,1,0,1,0,Month-to-month,1,Electronic check,1172.95,1,39.09833333,40.3
7446-YPODE,1,1,0,0,11,1,1,DSL,1,1,0,0,0,0,Month-to-month,0,Bank transfer (automatic),662.95,0,60.26818182,60.25
9522-BNTHX,0,1,0,0,34,0,0,DSL,0,1,1,0,1,1,Month-to-month,1,Electronic check,1765.95,0,51.93970588,56.25
4676-WLUHT,1,0,0,0,54,0,0,DSL,1,1,0,0,0,1,Two year,0,Bank transfer (automatic),2431.95,0,45.03611111,46.2
3329-WDIOK,0,0,0,0,3,0,0,DSL,0,1,0,0,1,1,Month-to-month,1,Electronic check,155.35,1,51.78333333,50.6
7980-MHFLQ,0,0,1,1,72,1,1,No,0,0,0,0,0,0,Two year,0,Mailed check,1859.2,0,25.82222222,24.9
2873-ZLIWT,0,0,1,1,40,1,1,Fiber optic,0,0,1,1,0,0,Month-to-month,1,Electronic check,3303.05,1,82.57625,84.85
3415-TAILE,0,0,1,1,2,1,0,DSL,0,0,0,0,1,1,Month-to-month,0,Mailed check,134.35,1,67.175,65.7
0757-WCUUZ,1,0,1,1,54,1,1,DSL,0,0,1,0,0,1,Two year,0,Credit card (automatic),3409.1,0,63.13148148,63.35
1629-DQQVB,0,0,0,0,14,1,0,DSL,1,0,0,0,0,0,Month-to-month,0,Bank transfer (automatic),709.5,0,50.67857143,50.1
1915-IOFGU,0,0,0,0,1,1,0,Fiber optic,0,0,0,0,0,0,Month-to-month,0,Electronic check,70.5,1,70.5,70.5
3045-XETSH,0,0,0,0,10,1,1,Fiber optic,0,1,1,0,0,1,Month-to-month,1,Electronic check,953.45,1,95.345,94.85
0374-AACSZ,0,0,0,0,1,1,0,DSL,1,0,0,0,0,0,Month-to-month,0,Electronic check,50.15,0,50.15,50.15
7239-HZZCX,1,0,0,0,1,1,0,No,0,0,0,0,0,0,Month-to-month,0,Mailed check,19.75,1,19.75,19.75
4872-VXRIL,1,0,0,0,56,1,1,DSL,1,1,0,1,0,0,One year,1,Bank transfer (automatic),3665.55,0,65.45625,64.65
9140-CZQZZ,0,0,1,0,68,1,0,DSL,1,1,0,1,1,1,Two year,1,Bank transfer (automatic),5515.8,0,81.11470588,79.6
3423-HHXAO,0,0,1,1,14,1,0,No,0,0,0,0,0,0,One year,1,Mailed check,272,0,19.42857143,19.5
9938-TKDGL,1,0,1,1,68,1,0,Fiber optic,1,0,0,1,1,1,Two year,1,Electronic check,6668,0,98.05882353,99.55
0531-ZZJWQ,1,1,1,0,55,1,1,Fiber optic,0,0,0,0,0,0,Month-to-month,1,Electronic check,4052.4,0,73.68,74
6537-QLGEX,0,0,0,0,16,0,0,DSL,1,0,0,0,1,0,Month-to-month,1,Electronic check,664.4,0,41.525,38.9
2688-BHGOG,1,1,0,0,9,1,0,Fiber optic,0,0,0,0,0,1,Month-to-month,1,Electronic check,718.55,0,79.83888889,79.55
7683-CBDKJ,1,0,1,1,14,1,0,DSL,1,1,0,0,1,0,Month-to-month,1,Electronic check,937.6,1,66.97142857,65.45
0946-CLJTI,1,1,1,0,58,1,1,Fiber optic,0,0,1,0,1,1,Month-to-month,1,Electronic check,5812.6,1,100.2172414,98.7
3160-TYXLT,1,0,0,0,53,0,0,DSL,1,1,0,0,0,1,Month-to-month,1,Bank transfer (automatic),2546.85,0,48.05377358,46.3
1325-USMEC,1,0,1,0,70,1,1,Fiber optic,1,1,1,0,1,0,Two year,1,Credit card (automatic),6944.5,0,99.20714286,99.35
0916-QOFDP,0,1,1,1,14,1,1,Fiber optic,0,0,0,0,1,1,Month-to-month,1,Electronic check,1346.3,0,96.16428571,95.8
0628-CNQRM,1,0,1,1,22,1,0,DSL,1,0,1,1,1,0,One year,1,Bank transfer (automatic),1544.05,1,70.18409091,67.5
5606-AMZBO,0,0,1,0,10,1,1,Fiber optic,1,0,0,0,0,0,Month-to-month,1,Credit card (automatic),765.15,0,76.515,78.15
6199-IPCAO,0,0,1,1,29,1,1,No,0,0,0,0,0,0,Two year,0,Mailed check,692.55,0,23.88103448,26.1
7665-TOALD,0,0,0,0,1,1,0,Fiber optic,0,0,0,0,0,0,Month-to-month,1,Electronic check,69.6,1,69.6,69.6
0112-QWPNC,1,0,1,0,49,1,1,DSL,1,0,1,1,1,1,One year,0,Electronic check,4059.35,1,82.84387755,84.35
0324-BRPCJ,0,1,1,0,68,1,1,Fiber optic,0,1,0,0,1,1,Month-to-month,1,Electronic check,6851.65,1,100.7595588,100.2
2777-PHDEI,0,0,0,0,1,1,0,Fiber optic,0,0,0,0,1,0,Month-to-month,0,Electronic check,78.05,1,78.05,78.05
5640-CAXOA,0,0,0,0,30,0,0,DSL,0,0,0,1,0,1,One year,1,Credit card (automatic),1187.05,0,39.56833333,40.35
2235-EZAIK,0,0,1,0,72,1,1,DSL,1,1,1,1,1,0,Two year,0,Credit card (automatic),5401.9,0,75.02638889,79.2
3847-BAERP,0,0,0,0,10,1,0,No,0,0,0,0,0,0,Month-to-month,1,Mailed check,247,0,24.7,20.9
1196-AMORA,1,0,0,0,7,1,1,Fiber optic,0,0,0,0,0,0,Month-to-month,0,Electronic check,520,1,74.28571429,73.6
4282-YMKNA,0,0,0,0,9,1,1,Fiber optic,0,0,0,0,0,0,Month-to-month,1,Electronic check,706.6,1,78.51111111,74.75
1453-RZFON,0,0,0,1,1,1,0,DSL,1,0,0,0,0,0,Month-to-month,0,Mailed check,49.9,0,49.9,49.9
8263-OKETD,0,0,0,0,20,1,1,DSL,0,1,0,1,0,1,Month-to-month,1,Credit card (automatic),1370.35,0,68.5175,68.9
0670-KDOMA,0,0,0,0,1,1,0,No,0,0,0,0,0,0,Month-to-month,1,Mailed check,20.25,0,20.25,20.25
2476-YGEFM,0,0,0,0,29,1,1,Fiber optic,0,0,0,0,0,0,Month-to-month,1,Credit card (automatic),2215.25,0,76.38793103,76
8687-BAFGU,1,0,0,0,1,1,0,Fiber optic,0,0,0,1,0,0,Month-to-month,0,Electronic check,74,0,74,74
0641-EVBOJ,1,0,0,0,3,1,0,Fiber optic,1,0,0,1,0,0,Month-to-month,1,Mailed check,214.4,0,71.46666667,82.3
0829-XXPLX,0,0,0,0,20,1,0,Fiber optic,1,0,1,0,1,0,Month-to-month,1,Bank transfer (automatic),1871.15,0,93.5575,89.4
9974-JFBHQ,1,0,0,1,64,1,0,Fiber optic,0,1,0,1,1,1,Month-to-month,1,Credit card (automatic),6171.2,0,96.425,99.15
5356-RHIPP,1,0,0,0,1,1,0,No,0,0,0,0,0,0,Month-to-month,1,Mailed check,20.2,1,20.2,20.2
6624-JDRDS,0,0,0,0,6,0,0,DSL,1,0,0,0,0,0,Month-to-month,0,Bank transfer (automatic),161.45,0,26.90833333,29.45
0608-JDVEC,1,0,1,0,50,1,0,No,0,0,0,0,0,0,Two year,0,Electronic check,1013.2,0,20.264,19.8
9780-FKVVF,1,0,0,0,6,1,0,DSL,1,0,0,0,0,1,Month-to-month,1,Bank transfer (automatic),336.7,0,56.11666667,59.15
1919-RTPQD,1,0,1,1,7,1,0,DSL,0,0,0,0,0,0,Month-to-month,0,Electronic check,333.65,0,47.66428571,44.75
5214-NLTIT,1,0,1,1,72,1,1,Fiber optic,0,0,1,0,0,1,Two year,1,Credit card (automatic),6511.8,0,90.44166667,90.8
3345-PBBFH,1,0,1,0,8,1,0,DSL,0,1,0,0,0,0,Month-to-month,1,Bank transfer (automatic),393.45,0,49.18125,49.55
5055-BRMNE,0,0,1,1,67,1,1,Fiber optic,1,0,0,1,1,1,Two year,0,Credit card (automatic),7009.5,0,104.619403,106.7
9189-JWSHV,0,1,1,0,24,1,1,Fiber optic,0,0,0,0,1,1,Month-to-month,1,Electronic check,2264.05,1,94.33541667,93.55
2190-PHBHR,0,0,1,0,72,1,1,Fiber optic,1,1,0,0,0,1,Two year,1,Credit card (automatic),6921.7,0,96.13472222,94.45
2650-GYRYL,1,0,1,1,33,1,0,No,0,0,0,0,0,0,One year,1,Bank transfer (automatic),600.25,0,18.18939394,19.45
0746-JTRFU,1,0,0,0,2,0,0,DSL,0,0,0,0,0,0,Month-to-month,1,Electronic check,56.35,1,28.175,25.05
5208-FVQKB,1,0,1,0,70,1,0,DSL,1,1,0,1,0,1,Two year,0,Mailed check,4664.15,0,66.63071429,67.95
7184-LRUUR,0,0,0,0,22,1,0,DSL,0,1,1,0,1,0,One year,0,Bank transfer (automatic),1441.8,0,65.53636364,65.25
6627-CFOSN,0,0,0,0,59,1,1,Fiber optic,1,1,1,0,0,1,Month-to-month,1,Bank transfer (automatic),5623.7,0,95.31694915,99.45
3982-JGSFD,1,0,0,0,36,1,0,No,0,0,0,0,0,0,One year,1,Credit card (automatic),695.85,0,19.32916667,20.35
1574-DYCWE,0,0,1,1,51,1,0,No,0,0,0,0,0,0,Two year,0,Mailed check,1028.75,0,20.17156863,19.95
7247-XOZPB,1,0,1,0,53,1,1,DSL,1,0,1,1,1,0,One year,0,Bank transfer (automatic),4155.95,0,78.41415094,77.4
2466-FCCPT,0,0,1,1,20,1,0,No,0,0,0,0,0,0,One year,0,Bank transfer (automatic),395.6,0,19.78,19.7
6211-WWLTF,1,0,1,0,63,1,0,Fiber optic,1,0,1,0,1,1,Two year,0,Credit card (automatic),6330.4,0,100.4825397,99.7
4826-TZEVA,0,0,0,0,40,1,0,Fiber optic,0,1,0,0,0,0,Month-to-month,0,Credit card (automatic),2971.7,0,74.2925,74.8
6016-NXBNJ,1,0,0,0,35,1,0,No,0,0,0,0,0,0,One year,1,Mailed check,638,0,18.22857143,19.15
9138-EFSMO,1,0,1,1,26,1,0,Fiber optic,0,0,0,0,0,1,One year,0,Bank transfer (automatic),2034.25,0,78.24038462,78.95
0576-WNXXC,1,1,1,0,27,1,1,Fiber optic,0,1,1,0,0,1,Month-to-month,1,Electronic check,2510.2,1,92.97037037,95.55
4632-XJMEX,1,0,0,1,53,1,0,DSL,1,1,0,1,0,0,One year,0,Credit card (automatic),3419.5,0,64.51886792,62.85
8910-LEDAG,1,1,1,0,34,1,0,Fiber optic,0,0,0,0,0,0,Month-to-month,0,Credit card (automatic),2427.35,0,71.39264706,71.55
3452-GWUIN,0,1,1,0,19,1,1,Fiber optic,0,0,0,0,1,1,Month-to-month,1,Electronic check,1760.25,0,92.64473684,94.95
2716-GFZOR,1,0,1,0,43,1,0,Fiber optic,1,1,1,0,0,0,Month-to-month,1,Credit card (automatic),3551.65,0,82.59651163,86.1
3724-UCSHY,1,0,1,1,6,1,0,No,0,0,0,0,0,0,Month-to-month,0,Mailed check,122.9,0,20.48333333,19.55
8626-XHBIE,1,0,0,1,56,1,1,No,0,0,0,0,0,0,Two year,1,Mailed check,1424.2,0,25.43214286,24.8
4628-CTTLA,1,0,0,0,57,0,0,DSL,0,1,0,0,1,0,Month-to-month,1,Electronic check,2111.45,1,37.04298246,39.3
3192-LNKRK,1,0,1,1,34,1,0,Fiber optic,0,0,1,0,1,0,Month-to-month,1,Mailed check,2909.95,0,85.58676471,84.05
4439-YRNVD,0,0,0,0,10,0,0,DSL,0,1,0,1,0,0,Month-to-month,0,Electronic check,374,0,37.4,36.25
2876-VBBBL,0,0,0,0,1,1,0,No,0,0,0,0,0,0,Month-to-month,1,Mailed check,20.25,1,20.25,20.25
6834-NXDCA,0,0,0,0,13,0,0,DSL,0,0,0,0,0,0,Month-to-month,1,Electronic check,300.8,1,23.13846154,23.9
2208-UGTGR,1,0,0,0,56,1,1,Fiber optic,0,1,0,0,1,1,Month-to-month,0,Electronic check,5581.05,0,99.66160714,98.6
3005-TYFRD,0,0,1,0,55,1,1,Fiber optic,0,1,1,0,1,1,Month-to-month,1,Credit card (automatic),5676.65,0,103.2118182,103.65
8670-MEFCP,0,0,1,1,36,1,1,DSL,1,1,1,1,1,1,Two year,1,Credit card (automatic),3379.25,0,93.86805556,92.9
3079-BCHLN,1,0,1,0,47,1,0,No,0,0,0,0,0,0,One year,0,Bank transfer (automatic),942.95,0,20.06276596,19.9
7777-UNYHB,0,0,1,1,12,1,0,No,0,0,0,0,0,0,Month-to-month,1,Credit card (automatic),232.4,0,19.36666667,20.1
5597-GLBUC,0,0,0,0,1,1,0,Fiber optic,0,0,1,0,1,0,Month-to-month,1,Electronic check,85.45,1,85.45,85.45
7278-CKDNC,1,1,0,0,24,1,1,Fiber optic,0,1,0,0,0,0,Month-to-month,1,Electronic check,2088.45,0,87.01875,80.5
2748-MYRVK,0,0,0,0,63,1,1,Fiber optic,0,1,0,0,1,1,One year,0,Bank transfer (automatic),6137,1,97.41269841,99.9
8450-UYIBU,0,1,0,0,35,0,0,DSL,0,0,1,0,1,0,Month-to-month,1,Electronic check,1434.6,0,40.98857143,39.85
2969-VAPYH,0,0,0,0,67,1,0,DSL,1,1,0,1,0,0,One year,0,Credit card (automatic),3870,0,57.76119403,60.5
4822-YCXMX,1,0,0,0,25,1,1,Fiber optic,0,0,0,0,0,1,Month-to-month,1,Electronic check,2043.45,1,81.738,84.8
7181-OQCUT,1,0,0,0,21,1,1,Fiber optic,1,0,1,0,1,1,Month-to-month,0,Mailed check,2215,0,105.4761905,103.85
8474-UMLNT,0,0,0,0,13,1,0,DSL,1,1,0,1,0,1,Month-to-month,0,Bank transfer (automatic),842.25,0,64.78846154,67.8
9821-POOTN,1,0,1,0,35,1,1,Fiber optic,0,0,0,0,0,0,Month-to-month,1,Electronic check,2576.2,1,73.60571429,75.2
3836-FZSDJ,1,1,1,0,71,1,1,No,0,0,0,0,0,0,Two year,0,Bank transfer (automatic),1901,0,26.77464789,24.85
9142-XMYJH,0,0,0,0,29,1,0,No,0,0,0,0,0,0,Month-to-month,0,Credit card (automatic),601.6,0,20.74482759,19.35
6559-ILWKJ,1,0,1,0,71,0,0,DSL,0,1,0,0,1,1,Two year,0,Electronic check,3515.25,1,49.51056338,49.35
0187-QSXOE,1,1,1,0,7,1,0,Fiber optic,0,0,0,0,1,1,Month-to-month,1,Electronic check,605.45,0,86.49285714,89
7733-UDMTP,0,1,0,0,57,0,0,DSL,0,1,1,0,1,1,Month-to-month,1,Electronic check,3094.05,0,54.28157895,55
2649-HWLYB,1,0,1,0,65,1,1,DSL,1,0,1,1,0,1,Two year,0,Bank transfer (automatic),4929.55,0,75.83923077,76.15
5214-CHIWJ,1,0,0,0,27,1,0,No,0,0,0,0,0,0,One year,0,Mailed check,595.05,0,22.03888889,20.3
4229-CZMLL,1,0,0,0,6,1,1,Fiber optic,0,0,0,0,0,0,Month-to-month,1,Electronic check,469.8,1,78.3,74.9
6904-JLBGY,0,1,0,0,72,1,1,Fiber optic,1,1,1,1,1,1,Two year,1,Credit card (automatic),8436.25,0,117.1701389,114.729
2465-BLLEU,1,0,0,0,1,1,0,No,0,0,0,0,0,0,Month-to-month,1,Mailed check,19.75,0,19.75,19.75
1685-VAYJF,1,0,0,0,11,1,0,DSL,0,0,0,0,0,0,Month-to-month,0,Credit card (automatic),492,0,44.72727273,45.2
8874-EJNSR,1,0,1,1,39,1,1,No,0,0,0,0,0,0,Two year,0,Mailed check,987.95,0,25.33205128,25.2
6917-YACBP,0,1,0,0,59,1,1,Fiber optic,1,1,1,0,0,0,Month-to-month,1,Electronic check,5496.9,0,93.16779661,89.75
5049-MUBWG,1,0,0,0,26,1,0,DSL,1,0,0,1,1,1,One year,0,Bank transfer (automatic),1908.35,0,73.39807692,75
4223-WOZCM,1,1,0,0,2,1,0,DSL,0,0,1,0,0,0,Month-to-month,0,Mailed check,107.1,0,53.55,49.95
0769-MURVM,0,0,1,1,72,0,0,DSL,1,1,1,1,1,1,Two year,0,Bank transfer (automatic),4575.35,0,63.54652778,65.7
9253-VIFJQ,1,0,1,0,65,1,1,DSL,1,1,1,0,0,0,One year,0,Credit card (automatic),4309.55,0,66.30076923,67.05
7030-FZTFM,1,0,1,1,72,1,1,Fiber optic,0,1,1,1,1,1,Two year,0,Credit card (automatic),7922.75,0,110.0381944,110.9
9741-YLNTD,1,0,0,0,6,1,1,Fiber optic,0,0,0,1,0,1,Month-to-month,1,Bank transfer (automatic),522.35,0,87.05833333,87.95
5917-RYRMG,1,1,0,0,32,1,0,No,0,0,0,0,0,0,One year,0,Credit card (automatic),587.7,0,18.365625,19.8
5120-ZBLAI,0,0,1,0,50,1,1,DSL,0,0,1,0,1,1,One year,0,Bank transfer (automatic),3876.2,0,77.524,75.7
1194-BHJYC,1,0,1,0,61,0,0,DSL,1,0,1,1,1,1,Two year,1,Mailed check,3778.85,0,61.94836066,62.15
3663-MITLP,0,0,0,0,15,1,0,Fiber optic,0,1,1,0,1,1,Month-to-month,1,Electronic check,1457.25,1,97.15,101.25
0906-QVPMS,1,0,1,0,72,1,1,Fiber optic,1,1,1,1,1,1,Two year,0,Bank transfer (automatic),8349.45,0,115.9645833,114.729
9025-ZRPVR,1,0,0,0,9,1,0,No,0,0,0,0,0,0,Month-to-month,1,Mailed check,185.6,1,20.62222222,18.95
1905-OEILC,0,0,0,0,1,1,0,No,0,0,0,0,0,0,Month-to-month,0,Mailed check,19.5,0,19.5,19.5
7858-GTZSP,0,0,0,0,12,1,1,Fiber optic,0,0,0,0,0,1,Month-to-month,1,Electronic check,1066.9,0,88.90833333,86.55
3285-UCQVC,0,0,0,0,37,0,0,DSL,0,0,0,1,0,0,Month-to-month,0,Credit card (automatic),973.55,1,26.31216216,28.6
6248-BSHKG,1,0,1,1,61,1,0,No,0,0,0,0,0,0,One year,0,Mailed check,1226.45,0,20.1057377,20.4
4685-TFLLS,1,0,1,1,18,1,0,No,0,0,0,0,0,0,One year,0,Bank transfer (automatic),342.3,0,19.01666667,19.8
3470-BTGQO,1,0,0,1,21,1,0,DSL,0,0,0,0,0,0,Month-to-month,0,Mailed check,985.05,0,46.90714286,45.65
1209-VFFOC,1,0,1,1,68,0,0,DSL,1,1,1,1,0,1,Two year,1,Mailed check,3948.45,0,58.06544118,56.4
8224-DWCKX,1,1,0,0,12,1,1,Fiber optic,0,0,0,0,0,0,Month-to-month,1,Credit card (automatic),828.05,0,69.00416667,73.3
5482-PLVPE,0,1,0,0,2,0,0,DSL,0,0,0,0,0,0,Month-to-month,0,Electronic check,41.85,1,20.925,24.35
4553-DVPZG,0,0,1,0,62,1,1,Fiber optic,0,0,1,0,1,1,Month-to-month,1,Electronic check,6164.7,0,99.43064516,101.35
4902-OHLSK,0,1,0,0,29,1,1,Fiber optic,0,0,0,1,1,1,Month-to-month,0,Electronic check,2862.75,1,98.71551724,98.65
6917-IAYHD,1,0,0,1,1,0,0,DSL,0,1,0,1,0,0,Month-to-month,0,Mailed check,33.6,0,33.6,33.6
0495-ZBNGW,1,1,1,0,5,1,1,Fiber optic,0,0,1,0,0,0,Month-to-month,1,Bank transfer (automatic),343.95,1,68.79,79.9
8620-RJPZN,0,0,0,0,1,1,0,No,0,0,0,0,0,0,Month-to-month,0,Electronic check,20.7,0,20.7,20.7
7572-KPVKK,1,0,0,1,62,1,1,Fiber optic,0,0,1,1,1,1,Two year,1,Electronic check,6590.5,0,106.2983871,104.05
2642-MAWLJ,0,0,1,1,36,1,0,No,0,0,0,0,0,0,Two year,0,Bank transfer (automatic),717.95,0,19.94305556,20.25
2357-COQEK,0,1,0,0,28,1,1,Fiber optic,0,0,1,1,1,1,Month-to-month,1,Electronic check,2890.65,1,103.2375,103.3
7103-ZGVNT,0,0,1,1,69,1,1,DSL,1,1,0,1,1,0,One year,0,Credit card (automatic),4885.85,0,70.80942029,73.7
3737-GCSPV,0,0,1,0,11,1,1,Fiber optic,1,0,0,1,1,0,Month-to-month,1,Credit card (automatic),1222.05,1,111.0954545,96.2
2027-WKXMW,0,0,1,0,63,1,1,Fiber optic,0,1,1,1,1,1,Month-to-month,1,Electronic check,6871.7,0,109.0746032,108.75
7137-NAXML,1,0,0,0,23,1,0,No,0,0,0,0,0,0,One year,0,Bank transfer (automatic),405.6,0,17.63478261,20.15
2428-ZMCTB,1,0,0,0,10,1,0,No,0,0,0,0,0,0,Month-to-month,0,Credit card (automatic),208.25,0,20.825,19.75
2961-VNFKL,0,0,1,0,71,1,1,No,0,0,0,0,0,0,Two year,1,Credit card (automatic),1801.9,0,25.37887324,25.95
1768-HNVGJ,0,1,0,0,45,1,1,DSL,1,0,0,1,0,1,Month-to-month,1,Electronic check,3062.45,0,68.05444444,70.05
6963-KQYQB,0,0,1,1,70,1,1,No,0,0,0,0,0,0,Two year,0,Mailed check,1764.75,0,25.21071429,24.05
5934-RMPOV,0,0,0,1,22,1,1,Fiber optic,0,0,0,0,0,1,Month-to-month,1,Electronic check,1816.75,0,82.57954545,84.75
1207-BLKSA,0,0,1,1,52,1,1,No,0,0,0,0,0,0,Two year,0,Mailed check,1255.1,0,24.13653846,23.05
4088-YLDSU,1,0,1,0,55,1,1,Fiber optic,0,0,1,1,1,1,One year,1,Electronic check,5743.05,1,104.4190909,104.15
8316-BBQAY,0,0,0,0,65,0,0,DSL,1,0,1,1,1,1,Two year,0,Credit card (automatic),3921.1,0,60.32461538,59.95
1166-PQLGG,0,0,1,1,72,1,0,No,0,0,0,0,0,0,Two year,0,Bank transfer (automatic),1463.45,0,20.32569444,19.55
3146-JTQHR,1,0,1,0,10,1,0,No,0,0,0,0,0,0,One year,0,Bank transfer (automatic),189.45,0,18.945,19.6
4291-YZODP,0,0,0,1,7,1,0,No,0,0,0,0,0,0,One year,0,Mailed check,96.8,0,13.82857143,20.05
4395-PZMSN,1,1,0,0,5,1,0,Fiber optic,0,1,0,0,0,1,Month-to-month,1,Electronic check,408.5,0,81.7,85.55
6427-FEFIG,0,0,1,1,24,1,1,DSL,1,0,1,0,1,1,Two year,0,Credit card (automatic),1846.65,0,76.94375,78.6
0017-IUDMW,0,0,1,1,72,1,1,Fiber optic,1,1,1,1,1,1,Two year,1,Credit card (automatic),8456.75,0,117.4548611,114.729
8706-HRADD,1,0,0,0,21,0,0,DSL,1,0,0,1,1,0,Month-to-month,1,Mailed check,1011.5,0,48.16666667,43.55
9955-QOPOY,1,0,1,0,69,0,0,DSL,0,1,1,1,1,1,One year,1,Credit card (automatic),4263.4,0,61.7884058,60.8
4385-ZKVNW,1,0,1,1,44,1,0,DSL,0,1,0,1,0,0,Month-to-month,1,Bank transfer (automatic),2549.1,0,57.93409091,54.9
5446-DKWYW,0,1,1,1,61,1,1,DSL,0,0,1,0,1,0,One year,1,Electronic check,3965.05,0,65.00081967,65.2
2034-CGRHZ,1,1,0,0,24,1,1,Fiber optic,0,1,1,0,1,1,Month-to-month,1,Credit card (automatic),2496.7,1,104.0291667,102.95
5797-APWZC,0,0,0,0,1,1,0,Fiber optic,0,0,0,0,1,1,Month-to-month,0,Electronic check,90.6,1,90.6,90.6
3683-QKIUE,0,0,0,0,6,1,0,DSL,0,0,0,1,0,0,Month-to-month,1,Bank transfer (automatic),288.05,1,48.00833333,50.8
4228-ZGYUW,1,0,0,0,4,1,1,Fiber optic,0,1,0,0,0,1,Month-to-month,1,Electronic check,368.1,1,92.025,90.05
9031-ZVQPT,1,0,1,0,72,1,1,Fiber optic,0,1,1,1,1,1,Two year,1,Electronic check,7840.6,0,108.8972222,108.2
2990-IAJSV,1,0,0,0,72,1,1,DSL,1,1,1,1,1,1,Two year,0,Bank transfer (automatic),6632.75,0,92.12152778,92
8107-KNCIM,1,1,1,0,14,1,1,Fiber optic,0,0,0,0,0,0,Month-to-month,1,Electronic check,1013.35,0,72.38214286,75.1
9027-YFHQJ,1,0,0,0,7,1,1,No,0,0,0,0,0,0,Month-to-month,1,Bank transfer (automatic),152.95,0,21.85,25.05
5176-LDKUH,0,0,0,0,48,1,0,Fiber optic,0,1,0,0,0,0,One year,0,Electronic check,3772.65,0,78.596875,75.15
4644-OBGFZ,1,0,1,1,55,1,0,No,0,0,0,0,0,0,One year,0,Mailed check,1026.35,0,18.66090909,19.5
7926-IJOOU,1,0,0,0,1,1,0,No,0,0,0,0,0,0,Month-to-month,0,Credit card (automatic),19.3,0,19.3,19.3
6480-YAGIY,1,0,0,0,45,1,0,Fiber optic,1,1,1,1,1,1,One year,0,Credit card (automatic),5031.85,0,111.8188889,112.2
4029-HPFVY,1,0,0,0,3,1,0,Fiber optic,0,0,0,0,0,0,Month-to-month,1,Mailed check,220.4,0,73.46666667,70.3
7602-DBTOU,0,0,1,0,71,1,0,No,0,0,0,0,0,0,Two year,0,Mailed check,1416.5,0,19.95070423,19.6
5345-BMKWB,1,0,1,0,8,1,0,No,0,0,0,0,0,0,Month-to-month,0,Mailed check,158.35,0,19.79375,20.25
3519-ZKXGG,0,0,1,0,3,1,1,Fiber optic,0,0,0,0,0,0,Month-to-month,1,Electronic check,256.6,1,85.53333333,75.85
5457-COLHT,1,0,1,1,69,1,0,DSL,1,1,0,1,1,1,Two year,0,Bank transfer (automatic),5542.55,0,80.32681159,80.65
6416-TVAIH,1,0,1,1,1,1,0,Fiber optic,0,0,0,0,0,0,Month-to-month,1,Electronic check,68.5,1,68.5,68.5
5451-YHYPW,0,1,1,0,72,1,1,Fiber optic,1,1,1,1,1,1,Two year,1,Credit card (automatic),8443.7,0,117.2736111,114.729
5108-ADXWO,1,0,0,0,11,1,0,Fiber optic,1,0,0,0,0,0,Month-to-month,1,Electronic check,791.75,1,71.97727273,73.5
7998-WNZEM,1,0,0,0,71,1,1,DSL,1,1,1,1,0,1,Two year,0,Bank transfer (automatic),5708.2,0,80.3971831,80.6
3066-RRJIO,0,0,0,0,1,1,0,Fiber optic,0,0,0,0,0,0,Month-to-month,1,Mailed check,69.95,1,69.95,69.95
4664-NJCMS,0,0,1,0,33,0,0,DSL,1,0,1,1,1,1,Two year,0,Bank transfer (automatic),2016.3,0,61.1,59.55
0307-BCOPK,0,0,0,0,16,1,0,No,0,0,0,0,0,0,One year,0,Mailed check,326.65,0,20.415625,19.05
7629-WFGLW,0,1,1,0,56,1,1,Fiber optic,1,1,1,1,0,0,One year,0,Electronic check,5471.75,0,97.70982143,95.65
2542-HYGIQ,0,0,0,0,1,1,0,No,0,0,0,0,0,0,Month-to-month,0,Credit card (automatic),19.95,0,19.95,19.95
6715-OFDBP,1,0,0,0,5,1,0,DSL,0,0,1,0,1,1,Month-to-month,1,Electronic check,346.4,1,69.28,70.05
5016-LIPDW,1,0,1,1,57,1,0,No,0,0,0,0,0,0,One year,0,Mailed check,1061.6,0,18.6245614,19.4
6481-LXPWL,1,0,1,1,56,0,0,DSL,0,1,1,0,0,0,One year,1,Credit card (automatic),1971.5,0,35.20535714,36.1
1567-DSCIC,1,0,0,0,8,1,1,Fiber optic,0,1,1,0,1,0,Month-to-month,1,Electronic check,773.65,1,96.70625,94
2150-UWTFY,0,0,1,1,22,1,0,DSL,1,1,1,0,0,0,Month-to-month,0,Mailed check,1422.05,1,64.63863636,61.15
6124-ACRHJ,0,0,0,0,1,1,0,No,0,0,0,0,0,0,Month-to-month,0,Mailed check,19.75,0,19.75,19.75
9362-MWODR,0,0,0,1,40,1,0,DSL,1,0,0,1,1,0,Month-to-month,1,Credit card (automatic),2460.35,0,61.50875,64.1
9975-GPKZU,1,0,1,1,46,1,0,No,0,0,0,0,0,0,Two year,0,Credit card (automatic),856.5,0,18.61956522,19.75
9625-RZFUK,1,0,1,1,63,1,0,No,0,0,0,0,0,0,Two year,0,Mailed check,1275.85,0,20.2515873,19.7
5153-LXKDT,1,0,1,1,68,1,1,Fiber optic,1,1,1,0,1,1,Two year,1,Electronic check,7467.5,0,109.8161765,110.2
5161-UBZXI,1,0,1,1,69,1,0,Fiber optic,1,1,0,1,1,1,Two year,1,Credit card (automatic),7261.75,0,105.2427536,106.35
1020-JPQOW,0,0,1,0,56,1,1,Fiber optic,0,1,1,1,0,0,Month-to-month,0,Electronic check,5116.6,0,91.36785714,90.55
7919-ZODZZ,0,0,1,1,10,1,0,DSL,0,1,1,0,0,1,One year,1,Mailed check,660.05,0,66.005,65.9
0565-JUPYD,1,0,0,0,63,1,1,Fiber optic,1,1,1,1,1,0,One year,0,Credit card (automatic),6590.8,0,104.615873,104.5
6867-ACCZI,0,0,1,1,24,0,0,DSL,1,1,1,1,0,1,Two year,1,Mailed check,1208.15,0,50.33958333,52.5
5939-XAIXZ,0,0,0,0,19,1,1,DSL,0,0,1,0,0,0,Month-to-month,1,Mailed check,1033.9,0,54.41578947,56.1
9054-FOWNV,1,0,1,1,22,1,1,Fiber optic,0,0,1,0,1,0,Month-to-month,1,Electronic check,1885.15,0,85.68863636,88.75
2683-BPJSO,1,0,1,0,29,1,1,Fiber optic,1,1,0,0,0,0,Month-to-month,1,Electronic check,2467.1,1,85.07241379,84.45
2157-MXBJS,1,0,1,0,13,1,1,DSL,0,0,1,0,1,1,One year,1,Mailed check,989.45,1,76.11153846,75.3
8207-VVMYB,0,0,1,0,70,1,1,No,0,0,0,0,0,0,Two year,1,Bank transfer (automatic),2006.95,0,28.67071429,26
9732-EQMWY,0,0,1,0,49,1,0,Fiber optic,0,1,1,0,1,1,Month-to-month,0,Electronic check,5025,0,102.5510204,99.4
9360-AHGNL,0,1,1,0,43,1,1,Fiber optic,1,0,1,1,1,1,One year,1,Mailed check,4830.25,1,112.3313953,109.55
1087-UDSIH,0,0,0,0,3,1,0,No,0,0,0,0,0,0,Month-to-month,1,Mailed check,59.75,1,19.91666667,19.6
5269-NRGDP,1,0,1,1,42,1,0,DSL,0,0,1,1,1,1,One year,0,Electronic check,3088.25,0,73.5297619,73.15
6195-MELTI,1,0,0,0,57,1,0,DSL,0,1,0,1,0,0,One year,1,Mailed check,3134.7,0,54.99473684,54.65
5485-WUYWF,1,1,0,0,2,1,0,DSL,1,0,1,0,1,0,Month-to-month,0,Bank transfer (automatic),94.55,1,47.275,66.4
2121-JAFOM,0,0,1,0,72,1,1,Fiber optic,1,1,1,1,1,1,Two year,1,Credit card (automatic),8312.4,0,115.45,114.729
8818-DOPVL,0,1,0,0,46,1,1,Fiber optic,0,1,1,0,1,1,Month-to-month,1,Electronic check,4863.85,0,105.7358696,104.45
2632-UCGVD,1,1,1,0,66,1,1,Fiber optic,0,0,0,1,1,1,Month-to-month,1,Credit card (automatic),6871.9,1,104.119697,100.05
5445-PZWGX,1,0,0,0,62,1,1,Fiber optic,1,1,0,1,0,1,One year,0,Electronic check,6529.25,1,105.3104839,102
1227-UDMZR,0,0,1,0,72,1,1,DSL,1,1,1,1,1,1,Two year,1,Bank transfer (automatic),6637.9,0,92.19305556,91.15
5198-HQAEN,1,0,1,1,35,1,0,Fiber optic,0,1,0,1,1,0,One year,1,Electronic check,3165.6,0,90.44571429,89.7
9170-CCKOU,1,0,1,0,17,1,1,Fiber optic,1,1,1,0,0,0,Month-to-month,0,Credit card (automatic),1454.15,1,85.53823529,90.2
2167-FQSTQ,0,0,1,0,72,1,1,DSL,1,1,1,1,1,1,Two year,1,Electronic check,6786.1,0,94.25138889,92.4
2819-GWENI,0,0,1,1,28,1,0,No,0,0,0,0,0,0,One year,0,Mailed check,543,0,19.39285714,19.9
1043-YCUTE,1,0,1,0,56,1,1,No,0,0,0,0,0,0,Two year,1,Credit card (automatic),1327.15,1,23.69910714,25.15
3814-MLAXC,0,0,0,0,31,1,1,Fiber optic,0,0,0,1,0,0,Month-to-month,1,Credit card (automatic),2404.15,1,77.55322581,79.85
3572-UUHRS,1,0,0,0,45,1,0,No,0,0,0,0,0,0,One year,0,Bank transfer (automatic),867.3,0,19.27333333,18.85
2692-PFYTJ,0,0,0,0,1,1,1,No,0,0,0,0,0,0,Month-to-month,1,Mailed check,25.75,0,25.75,25.75
1226-UDFZR,0,0,0,0,2,1,0,DSL,0,1,0,0,0,0,Month-to-month,1,Mailed check,114.7,1,57.35,49.6
5955-EPOAZ,0,0,0,0,6,1,0,No,0,0,0,0,0,0,Month-to-month,1,Mailed check,109.5,0,18.25,20.95
6821-JPCDC,0,0,1,0,48,1,0,Fiber optic,0,1,1,0,1,1,One year,1,Electronic check,4692.95,0,97.76979167,97.05
8815-LMFLX,1,0,1,1,25,1,1,No,0,0,0,0,0,0,Month-to-month,1,Bank transfer (automatic),546.85,0,21.874,25.4
9135-HSWOC,1,0,1,1,64,1,0,No,0,0,0,0,0,0,Two year,1,Bank transfer (automatic),1274.05,0,19.90703125,19.7
8582-KRHPJ,1,0,0,0,50,0,0,DSL,1,1,0,0,0,0,Month-to-month,1,Mailed check,1782.4,0,35.648,35
5811-IWXYM,0,0,1,1,52,1,1,Fiber optic,0,0,1,0,1,1,One year,0,Bank transfer (automatic),5301.1,0,101.9442308,101.25
7044-YAACC,1,1,1,0,4,1,0,Fiber optic,0,0,0,0,0,0,Month-to-month,1,Electronic check,280.35,0,70.0875,70.2
8189-XRIKE,0,1,0,0,32,1,0,Fiber optic,0,0,0,0,1,1,Month-to-month,0,Electronic check,2897.95,0,90.5609375,90.95
1506-YJTYT,1,0,1,1,45,1,1,DSL,1,1,0,1,1,0,Two year,0,Credit card (automatic),3371,0,74.91111111,73.85
4123-DVHPH,1,0,1,0,9,1,1,Fiber optic,1,0,0,0,0,1,Month-to-month,1,Electronic check,801.3,0,89.03333333,88.05
6425-YQLLO,0,1,1,0,66,1,1,Fiber optic,0,0,1,1,1,1,One year,1,Credit card (automatic),6975.25,1,105.6856061,105.95
5442-UTCVD,1,0,0,1,3,1,1,Fiber optic,0,0,1,0,0,1,Month-to-month,0,Electronic check,257.05,1,85.68333333,91.85
2228-BZDEE,0,0,0,0,54,1,0,No,0,0,0,0,0,0,Two year,0,Mailed check,1079.45,0,19.98981481,20.1
7734-DBOAI,0,0,1,1,1,0,0,DSL,0,0,0,1,1,0,Month-to-month,0,Electronic check,40.1,1,40.1,40.1
2789-CZANW,0,0,1,1,64,1,1,Fiber optic,1,1,0,1,1,1,Two year,0,Bank transfer (automatic),6997.3,0,109.3328125,110.3
2091-RFFBA,0,1,0,0,31,1,1,Fiber optic,0,0,0,0,0,0,Month-to-month,1,Electronic check,2217.15,1,71.52096774,73.9
2114-MGINA,0,0,0,0,14,1,0,Fiber optic,0,0,0,0,1,1,Month-to-month,1,Mailed check,1129.1,1,80.65,89.8
7596-LDUXP,0,0,0,0,12,1,0,Fiber optic,1,0,0,0,1,0,One year,1,Credit card (automatic),979.05,0,81.5875,85.15
3740-RLMVT,1,1,1,0,67,1,0,DSL,1,1,0,1,0,0,One year,1,Bank transfer (automatic),4119.4,0,61.48358209,60.95
4489-SNOJF,0,0,1,1,35,1,1,DSL,1,0,1,1,1,0,Month-to-month,0,Electronic check,2568.55,1,73.38714286,72.25
2192-OZITF,0,0,0,0,45,1,1,DSL,1,0,0,1,0,1,Two year,0,Mailed check,3349.1,0,74.42444444,73.55
5651-CPDND,1,0,0,0,10,1,0,DSL,0,0,0,0,0,0,Month-to-month,0,Mailed check,492.1,0,49.21,46
2186-QZEYA,0,1,0,0,29,1,1,DSL,1,1,0,0,0,0,Month-to-month,1,Bank transfer (automatic),1718.95,0,59.27413793,58.55
1131-ALZWV,0,0,0,0,24,1,1,No,0,0,0,0,0,0,One year,0,Bank transfer (automatic),605.25,0,25.21875,24.6
7729-XBTWX,1,0,1,1,66,1,0,No,0,0,0,0,0,0,Two year,1,Mailed check,1344.5,0,20.37121212,19.75
9134-WYRVP,1,0,0,0,51,1,0,Fiber optic,1,0,0,0,1,0,One year,0,Mailed check,4267.15,0,83.66960784,86.35
3284-SVCRO,0,0,1,0,45,1,1,No,0,0,0,0,0,0,Two year,0,Mailed check,1121.05,0,24.91222222,25.5
9732-OUYRN,0,0,1,0,49,1,0,No,0,0,0,0,0,0,One year,0,Credit card (automatic),918.7,0,18.74897959,19
0559-CKHUS,0,0,1,0,29,1,0,No,0,0,0,0,0,0,Two year,1,Mailed check,521.8,0,17.99310345,19.55
2931-SVLTV,1,0,1,1,40,1,1,Fiber optic,1,1,0,1,1,1,Month-to-month,1,Credit card (automatic),4469.1,0,111.7275,110.1
6899-PPEEA,0,1,0,0,37,1,1,Fiber optic,0,0,0,0,1,1,Month-to-month,1,Electronic check,3580.3,1,96.76486486,96.55
7504-UWHNB,1,0,0,0,25,1,0,Fiber optic,0,0,0,0,0,0,Month-to-month,0,Electronic check,1729.35,0,69.174,69.75
2582-FFFZR,0,0,0,0,22,0,0,DSL,0,0,1,0,1,1,Month-to-month,1,Electronic check,1073.3,0,48.78636364,50.6
8908-NMQTX,1,0,0,0,72,0,0,DSL,1,1,1,1,1,1,Two year,1,Bank transfer (automatic),4566.5,0,63.42361111,65.6
2187-LZGPL,0,0,0,0,7,0,0,DSL,0,1,0,0,0,1,Month-to-month,1,Credit card (automatic),293.3,1,41.9,40.1
1431-AIDJQ,1,0,1,1,33,1,0,DSL,0,1,1,1,1,1,Two year,0,Credit card (automatic),2603.1,0,78.88181818,82.1
6288-LBEAR,0,0,0,0,23,1,0,Fiber optic,0,1,0,1,0,0,Month-to-month,1,Mailed check,1783.75,0,77.55434783,79.1
4597-NUCQV,1,1,0,0,24,1,1,Fiber optic,0,1,0,0,1,1,Month-to-month,1,Electronic check,2440.15,1,101.6729167,101.25
9019-QVLZD,0,0,0,0,1,1,0,Fiber optic,0,0,0,0,1,0,Month-to-month,0,Electronic check,79.55,1,79.55,79.55
8413-YNHNV,1,0,0,0,69,1,1,DSL,1,1,1,1,1,1,Two year,0,Mailed check,6322.1,0,91.62463768,90.65
5808-TOTXO,0,0,0,1,3,1,0,No,0,0,0,0,0,0,One year,1,Credit card (automatic),57.4,0,19.13333333,20.55
4369-NYSCF,1,0,0,0,56,1,0,DSL,0,1,0,1,1,1,One year,1,Bank transfer (automatic),4284.65,0,76.51160714,75.75
6333-YDVLT,1,0,0,0,65,1,1,Fiber optic,1,0,1,1,1,1,One year,1,Credit card (automatic),7138.65,0,109.8253846,110
5324-KTGCG,1,0,1,0,71,1,0,No,0,0,0,0,0,0,One year,0,Electronic check,1539.75,0,21.68661972,20.85
5599-HVLTW,0,1,0,0,14,1,1,Fiber optic,0,0,1,0,0,0,Month-to-month,1,Bank transfer (automatic),1058.1,0,75.57857143,80.35
7394-LWLYN,0,0,0,0,2,1,0,Fiber optic,0,0,0,0,0,0,Month-to-month,1,Electronic check,123.8,0,61.9,70.15
3707-LRWZD,0,0,0,0,32,1,1,Fiber optic,0,0,0,0,1,0,One year,0,Electronic check,2781.85,1,86.9328125,84.05
6873-UDNLD,1,0,0,0,40,1,0,DSL,1,0,1,0,0,1,Month-to-month,0,Electronic check,2731,0,68.275,67.45
2700-LUEVA,1,0,0,0,1,1,0,No,0,0,0,0,0,0,Month-to-month,0,Credit card (automatic),20.75,0,20.75,20.75
1455-ESIQH,1,0,0,0,1,1,0,Fiber optic,0,0,0,0,1,1,Month-to-month,1,Electronic check,89.1,1,89.1,89.1
0958-YHXGP,0,0,0,0,7,1,0,Fiber optic,0,0,0,0,0,0,Month-to-month,1,Mailed check,497.3,0,71.04285714,69.9
1101-SSWAG,0,0,1,0,15,1,1,DSL,0,0,0,0,0,0,Month-to-month,1,Electronic check,711.15,0,47.41,51.1
2979-SXESE,0,0,1,1,17,1,1,Fiber optic,1,0,1,0,1,0,Month-to-month,0,Electronic check,1607.2,1,94.54117647,94.4
4013-TLDHQ,1,0,0,0,19,1,0,Fiber optic,0,1,1,0,0,0,Month-to-month,1,Electronic check,1490.95,1,78.47105263,78.25
5743-KHMNA,1,0,0,0,71,1,1,No,0,0,0,0,0,0,Two year,0,Bank transfer (automatic),1898.1,0,26.73380282,25.55
4194-FJARJ,0,0,1,1,54,1,1,DSL,1,0,0,1,0,0,Two year,0,Bank transfer (automatic),3273.95,0,60.6287037,60
5325-UWTWJ,1,0,1,0,31,1,1,Fiber optic,1,1,0,1,0,0,Month-to-month,1,Credit card (automatic),2929.75,0,94.50806452,90.55
3969-GYXEL,0,0,0,0,11,1,0,Fiber optic,1,0,0,0,0,0,Month-to-month,0,Electronic check,838.7,0,76.24545455,76.4
9208-OLGAQ,0,1,0,0,18,1,0,Fiber optic,0,0,1,0,0,1,Month-to-month,1,Electronic check,1443.65,0,80.20277778,84.95
3244-CQPHU,0,1,0,0,72,1,1,Fiber optic,1,1,0,1,1,1,Two year,1,Bank transfer (automatic),7746.7,0,107.5930556,110.1
2674-MLXMN,0,1,0,0,71,1,1,Fiber optic,0,1,0,0,1,1,Month-to-month,1,Credit card (automatic),6951.15,0,97.90352113,99.65
9708-HPXWZ,1,1,0,0,5,0,0,DSL,0,0,1,1,1,0,Month-to-month,0,Credit card (automatic),214.75,0,42.95,45.4
6992-TKNYO,1,0,1,0,38,1,1,DSL,0,0,1,1,0,1,One year,0,Credit card (automatic),2669.45,0,70.24868421,69
4468-YDOVK,1,0,0,1,5,1,0,DSL,0,0,0,1,0,0,Month-to-month,1,Bank transfer (automatic),235.2,0,47.04,48.65
3754-DXMRT,1,1,0,0,2,1,0,DSL,0,0,0,0,0,0,Month-to-month,1,Electronic check,92.65,1,46.325,44.15
5792-JALQC,0,1,0,0,52,1,1,DSL,1,0,1,0,0,0,Two year,0,Bank transfer (automatic),3103.25,0,59.67788462,59.85
7130-VTEWQ,0,1,0,0,8,1,1,Fiber optic,0,0,0,0,0,0,Month-to-month,1,Electronic check,606.25,1,75.78125,75.75
2200-DSAAL,0,0,0,0,68,1,1,DSL,0,1,1,0,1,1,Two year,1,Electronic check,5330.2,0,78.38529412,80.65
4302-ZYFEL,1,0,1,1,69,1,0,No,0,0,0,0,0,0,One year,1,Credit card (automatic),1403.1,0,20.33478261,20.55
9351-LZYGF,0,0,1,0,42,1,1,DSL,1,1,0,1,0,0,Month-to-month,1,Credit card (automatic),2727.8,0,64.94761905,66.4
4366-CTOUZ,0,0,0,0,50,1,0,Fiber optic,0,1,0,1,1,1,Two year,1,Mailed check,5038.45,0,100.769,100.2
6121-VZNQB,0,0,0,0,1,1,0,No,0,0,0,0,0,0,Month-to-month,1,Mailed check,19.1,1,19.1,19.1
7903-CMPEY,1,1,1,0,1,1,1,Fiber optic,1,0,0,0,0,0,Month-to-month,1,Electronic check,80.3,1,80.3,80.3
1518-OMDIK,1,0,1,0,33,1,0,DSL,0,0,0,0,0,0,Month-to-month,1,Credit card (automatic),1462.6,0,44.32121212,44.55
6671-NGWON,0,0,0,0,7,1,0,No,0,0,0,0,0,0,Month-to-month,0,Mailed check,150.6,0,21.51428571,20.35
0595-ITUDF,1,0,1,1,64,1,1,Fiber optic,1,1,1,0,0,0,Month-to-month,1,Electronic check,5960.5,0,93.1328125,91.8
6996-KNSML,0,0,0,0,1,1,0,Fiber optic,0,0,1,0,0,0,Month-to-month,1,Electronic check,74.9,1,74.9,74.9
1955-IBMMB,1,0,0,0,59,1,0,No,0,0,0,0,0,0,Two year,1,Bank transfer (automatic),1192.3,0,20.20847458,20.2
0096-BXERS,0,0,1,0,6,1,1,DSL,0,0,0,0,0,0,Month-to-month,0,Electronic check,314.55,0,52.425,50.35
3806-YAZOV,0,0,0,0,3,1,0,No,0,0,0,0,0,0,Month-to-month,0,Mailed check,56,0,18.66666667,18.8
7998-ZLXWN,0,0,1,0,15,1,0,No,0,0,0,0,0,0,Month-to-month,0,Credit card (automatic),330.8,0,22.05333333,20.45
6253-WRFHY,1,0,1,1,13,1,0,DSL,0,0,0,0,1,1,One year,1,Electronic check,877.35,0,67.48846154,64.75
9133-AYJZG,0,0,0,0,23,1,1,Fiber optic,0,1,0,0,1,1,Month-to-month,1,Credit card (automatic),2249.1,0,97.78695652,98.7
2675-OTVVJ,1,1,1,0,31,1,1,Fiber optic,1,0,0,0,1,0,Month-to-month,0,Electronic check,2807.65,0,90.56935484,89.45
8680-CGLTP,1,0,0,0,29,1,0,DSL,1,1,0,1,0,0,One year,1,Electronic check,1696.2,0,58.48965517,58.75
8430-TWCBX,0,0,1,0,49,1,0,No,0,0,0,0,0,0,One year,0,Credit card (automatic),1032.05,0,21.0622449,20.7
5018-GWURO,0,0,1,0,56,1,1,Fiber optic,0,0,0,0,1,0,Month-to-month,1,Bank transfer (automatic),4902.8,0,87.55,85.6
6741-QRLUP,0,0,0,0,63,1,1,DSL,1,1,1,1,0,1,Two year,1,Credit card (automatic),4995.35,0,79.29126984,80.3
4737-HOBAX,1,0,1,0,63,1,1,DSL,0,0,1,1,1,1,Two year,0,Credit card (automatic),5034.05,0,79.90555556,79.8
0537-QYZZN,1,1,1,1,24,1,1,Fiber optic,1,0,0,0,0,0,Month-to-month,1,Electronic check,1857.75,0,77.40625,79.85
3340-QBBFM,1,1,1,0,36,1,0,DSL,0,0,1,1,0,0,One year,0,Credit card (automatic),1992.85,0,55.35694444,54.1
1704-NRWYE,0,1,0,0,9,1,0,Fiber optic,0,0,0,0,1,0,Month-to-month,1,Electronic check,751.65,1,83.51666667,80.85
2592-SEIFQ,1,0,0,0,3,0,0,DSL,0,0,0,0,0,0,Month-to-month,0,Electronic check,66.95,1,22.31666667,24.75
8200-KLNYW,0,0,1,0,21,1,0,DSL,1,0,1,1,1,1,One year,0,Mailed check,1714.95,0,81.66428571,80.9
3372-CDXFJ,1,0,1,1,13,1,1,No,0,0,0,0,0,0,One year,0,Bank transfer (automatic),343.6,0,26.43076923,24.5
4781-ZXYGU,1,0,1,1,1,1,0,No,0,0,0,0,0,0,Month-to-month,1,Bank transfer (automatic),20.15,0,20.15,20.15
7632-YUTXB,0,0,1,1,25,1,0,No,0,0,0,0,0,0,One year,0,Mailed check,520.1,0,20.804,20.05
2718-YSKCS,1,0,1,1,71,1,0,No,0,0,0,0,0,0,Two year,1,Bank transfer (automatic),1387.45,0,19.5415493,19.6
9896-UYMIE,1,0,0,0,66,1,1,Fiber optic,1,1,1,1,1,1,One year,1,Bank transfer (automatic),7383.7,0,111.8742424,114.3
0853-NWIFK,0,0,0,0,45,1,0,Fiber optic,1,1,0,0,1,1,One year,1,Electronic check,4483.95,0,99.64333333,100.3
8212-CRQXP,0,0,1,0,22,1,0,Fiber optic,0,0,0,0,1,0,Month-to-month,1,Credit card (automatic),1706.45,0,77.56590909,80
6980-CDGFC,0,0,1,0,67,1,0,No,0,0,0,0,0,0,One year,1,Bank transfer (automatic),1327.4,0,19.8119403,20.85
7691-XVTZH,0,0,1,0,68,1,1,Fiber optic,0,0,1,0,1,0,Two year,1,Bank transfer (automatic),5974.3,0,87.85735294,89.95
2520-SGTTA,0,0,1,1,0,1,0,No,0,0,0,0,0,0,Two year,0,Mailed check,2283.300441,0,inf,20
7481-ATQQS,0,1,0,0,49,1,1,Fiber optic,0,0,1,0,0,1,Month-to-month,1,Credit card (automatic),4515.85,1,92.16020408,90.85
2277-VWCNI,0,1,0,0,4,1,1,DSL,0,0,0,0,0,0,Month-to-month,0,Mailed check,179.85,0,44.9625,48.75
1088-CNNKB,1,0,1,0,63,1,1,DSL,1,1,1,1,0,1,One year,0,Credit card (automatic),5040.2,0,80.0031746,80
8642-GVWRF,0,0,1,0,2,1,0,Fiber optic,0,1,1,0,0,0,Month-to-month,0,Bank transfer (automatic),165,1,82.5,79.7
1930-BZLHI,1,0,0,0,21,1,0,No,0,0,0,0,0,0,One year,1,Mailed check,422.7,0,20.12857143,20.35
3400-ESFUW,1,0,1,1,55,1,0,DSL,1,1,0,1,0,0,Two year,0,Bank transfer (automatic),3046.4,1,55.38909091,57.55
5868-YTYKS,1,0,0,1,1,1,0,No,0,0,0,0,0,0,Month-to-month,1,Mailed check,20.25,0,20.25,20.25
3525-DVKFN,0,0,0,0,17,1,0,No,0,0,0,0,0,0,Two year,0,Mailed check,358.05,0,21.06176471,19.4
1482-OXZSY,1,0,0,0,30,1,1,Fiber optic,1,0,0,0,1,1,Month-to-month,1,Bank transfer (automatic),2936.25,0,97.875,100.4
0377-JBKKT,1,0,1,1,22,1,0,DSL,1,1,0,1,0,0,Month-to-month,1,Mailed check,1271.8,0,57.80909091,57.95
5778-BVOFB,0,0,0,0,9,1,0,DSL,0,0,0,1,1,0,Month-to-month,1,Bank transfer (automatic),530.05,0,58.89444444,59.5
3373-YZZYM,1,0,1,1,1,1,0,No,0,0,0,0,0,0,Month-to-month,0,Mailed check,19.2,0,19.2,19.2
2057-ZBLPD,0,0,1,0,21,1,1,Fiber optic,0,0,0,0,0,1,Month-to-month,1,Electronic check,1808.7,1,86.12857143,86.5
0228-MAUWC,1,0,0,0,19,1,1,DSL,0,0,1,1,0,0,Month-to-month,0,Electronic check,1144.6,0,60.24210526,59.55
5502-RLUYV,0,0,1,1,69,1,1,Fiber optic,0,1,1,0,1,1,Month-to-month,1,Electronic check,7446.9,1,107.926087,103.95
0023-HGHWL,1,1,0,0,1,0,0,DSL,0,0,0,0,0,0,Month-to-month,1,Electronic check,25.1,1,25.1,25.1
7663-YJHSN,0,0,1,0,72,1,1,Fiber optic,1,1,1,1,1,0,Two year,1,Bank transfer (automatic),7556.9,0,104.9569444,103.95
4915-BFSXL,1,0,1,1,70,1,1,DSL,1,0,1,0,1,0,Two year,0,Credit card (automatic),4858.7,0,69.41,68.95
3086-RUCRN,0,0,0,0,66,1,1,Fiber optic,1,1,1,1,0,1,Month-to-month,1,Bank transfer (automatic),6595,0,99.92424242,103.1
5215-LNLDJ,0,0,1,1,7,0,0,DSL,0,0,0,0,0,0,Month-to-month,1,Electronic check,149.05,0,21.29285714,24.7
7576-JMYWV,0,1,1,1,46,1,1,Fiber optic,1,1,0,1,1,1,Month-to-month,1,Electronic check,4972.1,0,108.0891304,110.2
9039-RBEEE,1,0,0,0,39,0,0,DSL,1,1,0,1,1,0,Month-to-month,1,Credit card (automatic),1880.85,1,48.22692308,48.95
0257-KXZGU,0,0,1,1,32,1,1,DSL,0,1,1,0,0,0,Month-to-month,0,Bank transfer (automatic),2045.55,0,63.9234375,62.45
1307-ATKGB,1,0,0,0,24,1,0,Fiber optic,0,1,1,0,0,1,Month-to-month,1,Electronic check,2187.15,0,91.13125,89.55
8417-FMLZI,1,0,1,1,6,1,0,Fiber optic,0,1,0,0,0,1,Month-to-month,1,Credit card (automatic),477.55,1,79.59166667,83.55
3714-XPXBW,0,0,0,0,37,1,1,DSL,1,1,1,1,1,0,Month-to-month,1,Credit card (automatic),2976.95,0,80.45810811,78.9
1850-AKQEP,1,0,0,1,8,1,0,No,0,0,0,0,0,0,Month-to-month,0,Mailed check,178.7,0,22.3375,20.35
2824-DXNKN,0,0,1,1,72,1,1,DSL,1,0,1,0,1,0,Two year,1,Bank transfer (automatic),5025.85,0,69.80347222,71.45
5227-JSCFE,1,1,1,0,71,0,0,DSL,1,1,1,1,0,0,Two year,0,Credit card (automatic),3353.4,0,47.23098592,46.35
0848-ZGQIJ,0,0,1,0,16,1,0,Fiber optic,0,1,0,0,1,1,Month-to-month,1,Bank transfer (automatic),1461.15,0,91.321875,94.65
3621-CHYVB,0,0,1,0,57,0,0,DSL,1,0,1,1,0,1,Month-to-month,1,Bank transfer (automatic),2782.4,0,48.81403509,49.9
8042-RNLKO,1,0,0,0,66,1,1,No,0,0,0,0,0,0,One year,0,Bank transfer (automatic),1699.15,0,25.74469697,25.45
1792-UXAFY,0,1,0,0,17,1,0,Fiber optic,0,1,1,0,1,0,Month-to-month,1,Electronic check,1496.9,1,88.05294118,89.15
5372-FBKBN,0,0,0,1,21,1,0,No,0,0,0,0,0,0,Month-to-month,0,Mailed check,452.2,0,21.53333333,20.75
0420-TXVSG,1,0,1,0,66,1,1,DSL,1,1,1,0,0,0,Two year,1,Credit card (automatic),4428.45,0,67.09772727,66.1
6217-TOWGS,0,0,1,0,17,1,1,DSL,0,1,0,0,1,1,Month-to-month,1,Bank transfer (automatic),1322.55,0,77.79705882,75.4
0515-YPMCW,1,0,0,1,1,1,0,Fiber optic,0,0,0,0,0,0,Month-to-month,1,Mailed check,70.45,1,70.45,70.45
0378-XSZPU,1,0,1,0,58,1,0,DSL,1,1,1,0,0,0,One year,0,Credit card (automatic),3563.8,1,61.44482759,60.3
1045-LTCYT,0,0,1,1,8,1,0,No,0,0,0,0,0,0,Month-to-month,0,Credit card (automatic),139.75,0,17.46875,21.05
1544-JJMYL,1,0,0,0,27,1,0,DSL,1,0,1,1,1,0,One year,0,Credit card (automatic),1927.3,0,71.38148148,69.35
4636-JGAAI,1,0,1,0,34,1,1,Fiber optic,0,1,0,0,0,1,Month-to-month,0,Mailed check,3000.25,0,88.24264706,88.85
6874-SGLHU,1,0,0,0,30,1,0,Fiber optic,0,1,0,0,1,1,One year,1,Bank transfer (automatic),3021.3,0,100.71,97
5951-AOFIH,1,0,0,0,33,1,0,DSL,0,1,1,0,1,0,Month-to-month,1,Credit card (automatic),2245.4,0,68.04242424,66.4
4729-XKASR,1,0,0,1,1,0,0,DSL,0,0,0,0,0,0,Month-to-month,0,Electronic check,24.75,1,24.75,24.75
3059-NGMXB,1,0,1,1,14,1,1,DSL,1,1,0,0,0,1,Month-to-month,0,Mailed check,944.65,0,67.475,69.2
8652-YHIYU,0,0,0,1,16,1,1,Fiber optic,0,0,0,1,0,0,One year,1,Credit card (automatic),1264.2,0,79.0125,79.5
5278-PNYOX,0,0,0,0,49,1,0,Fiber optic,0,0,1,1,1,1,Two year,0,Credit card (automatic),4917.75,0,100.3622449,100.65
5449-FIBXJ,1,0,1,1,19,1,1,Fiber optic,0,0,1,1,1,1,Month-to-month,0,Electronic check,2012.7,1,105.9315789,103.3
3486-HOOGQ,0,0,1,1,70,1,1,DSL,1,1,1,1,1,0,Two year,0,Bank transfer (automatic),5743.3,0,82.04714286,79.7
5061-PBXFW,0,0,1,1,32,1,0,DSL,1,1,0,1,0,0,Month-to-month,0,Bank transfer (automatic),1864.65,0,58.2703125,61.4
8630-FJLIB,0,0,0,0,18,1,0,Fiber optic,0,0,0,0,0,0,Month-to-month,1,Electronic check,1221.65,0,67.86944444,69.8
3891-NLXJB,1,0,0,0,37,0,0,DSL,1,1,0,1,0,0,Two year,1,Mailed check,1390.85,0,37.59054054,40.55
4749-OJKQU,0,0,0,0,4,1,1,Fiber optic,0,0,0,0,0,0,Month-to-month,1,Electronic check,302.35,0,75.5875,75.65
0577-WHMEV,0,0,1,0,16,1,1,Fiber optic,1,1,1,0,0,0,Month-to-month,0,Electronic check,1374.9,0,85.93125,90.7
5453-AXEPF,1,0,1,0,17,1,1,Fiber optic,0,1,0,0,0,0,Month-to-month,1,Bank transfer (automatic),1336.9,0,78.64117647,80.5
3639-XJHKQ,0,0,0,1,19,1,0,DSL,1,1,1,0,0,0,Month-to-month,1,Electronic check,1297.8,0,68.30526316,60.6
3716-LRGXK,1,0,1,0,60,1,1,Fiber optic,0,0,1,0,1,1,Two year,0,Credit card (automatic),6067.4,0,101.1233333,101.15
2263-SFSQZ,1,0,1,1,51,1,1,No,0,0,0,0,0,0,Two year,1,Mailed check,1222.25,0,23.96568627,24.95
9950-MTGYX,1,0,1,1,28,1,0,No,0,0,0,0,0,0,Two year,1,Credit card (automatic),487.95,0,17.42678571,20.3
3397-AVTKU,1,0,0,0,43,1,0,DSL,0,1,0,0,0,1,Two year,1,Electronic check,2548.55,0,59.26860465,60
4825-FUREZ,1,0,1,0,42,1,0,No,0,0,0,0,0,0,Two year,0,Electronic check,835.5,0,19.89285714,20.25
9837-BMCLM,1,0,0,0,3,1,0,Fiber optic,0,0,0,0,1,0,Month-to-month,1,Electronic check,242.05,1,80.68333333,78.5
2672-OJQZP,0,0,0,0,1,1,0,DSL,0,0,0,0,0,0,Month-to-month,0,Mailed check,44.75,0,44.75,44.75
0137-UDEUO,0,0,0,0,3,1,0,No,0,0,0,0,0,0,Month-to-month,0,Mailed check,63.75,1,21.25,19.85
3134-DSHVC,0,0,0,0,63,1,1,Fiber optic,1,1,1,0,1,0,Two year,0,Credit card (automatic),6218.45,0,98.70555556,98
6161-UUUTA,1,1,0,0,3,1,0,Fiber optic,0,0,0,0,1,0,Month-to-month,1,Electronic check,260.9,1,86.96666667,79.9
7821-DPRQE,1,0,1,0,68,1,1,Fiber optic,1,1,0,1,1,1,Month-to-month,1,Electronic check,7320.9,0,107.6602941,107.7
6543-XRMYR,0,1,0,0,30,1,1,Fiber optic,0,1,0,0,1,1,Month-to-month,1,Electronic check,2967.35,1,98.91166667,99.7
2001-EWBQU,0,0,0,0,60,1,1,Fiber optic,0,1,1,0,1,1,Two year,0,Electronic check,6333.8,0,105.5633333,104.7
4925-LMHOK,1,0,0,0,15,1,1,DSL,0,1,0,1,0,0,Month-to-month,1,Credit card (automatic),939.7,1,62.64666667,58.6
1608-GMEWB,1,1,0,0,45,1,1,Fiber optic,0,0,0,0,1,1,Month-to-month,1,Bank transfer (automatic),4200.25,0,93.33888889,93.9
6695-AMZUF,0,0,1,0,70,1,0,DSL,1,1,1,1,1,1,Two year,0,Credit card (automatic),5950.2,0,85.00285714,86.45
1455-UGQVH,1,0,1,0,10,1,1,Fiber optic,0,0,1,0,1,1,Month-to-month,1,Electronic check,1037.75,1,103.775,98.5
8410-BGQXN,1,0,0,0,4,1,0,No,0,0,0,0,0,0,Month-to-month,0,Mailed check,93.4,0,23.35,19.4
8280-MQRQN,0,0,0,0,1,1,0,DSL,0,0,1,0,0,0,Month-to-month,1,Mailed check,50.45,1,50.45,50.45
1619-YWUBB,0,0,1,0,68,1,1,No,0,0,0,0,0,0,Two year,1,Credit card (automatic),1614.9,0,23.74852941,24.95
7611-YKYTC,1,0,1,1,22,1,0,Fiber optic,1,0,0,0,0,0,Month-to-month,0,Bank transfer (automatic),1573.95,0,71.54318182,75
2037-SGXHH,1,0,1,1,38,1,1,Fiber optic,0,1,1,0,1,0,Month-to-month,1,Electronic check,3624.3,1,95.37631579,94.65
3178-FESZO,0,0,0,0,1,1,1,Fiber optic,0,1,0,0,1,1,Month-to-month,1,Credit card (automatic),100.25,1,100.25,100.25
0365-GXEZS,1,0,1,0,18,1,0,Fiber optic,0,0,1,1,0,0,Month-to-month,0,Electronic check,1468.75,0,81.59722222,78.2
0082-OQIQY,1,0,0,0,29,1,0,Fiber optic,0,0,0,1,1,1,Month-to-month,1,Electronic check,2607.6,0,89.91724138,94.2
6087-MVHJH,0,0,0,0,16,1,1,Fiber optic,0,0,1,0,0,1,Month-to-month,1,Electronic check,1422.1,1,88.88125,88.45
4603-JANFB,1,0,0,0,1,1,0,Fiber optic,0,0,0,0,0,0,Month-to-month,1,Electronic check,69.85,1,69.85,69.85
3018-TFTSU,1,0,0,0,12,1,0,Fiber optic,1,0,1,0,0,0,Month-to-month,0,Bank transfer (automatic),858.6,1,71.55,81.7
3606-SBKRY,1,0,0,0,31,0,0,DSL,0,0,1,0,1,1,One year,1,Electronic check,1523.4,0,49.14193548,50.05
4806-KEXQR,1,0,0,0,4,1,0,Fiber optic,0,0,0,0,0,1,Month-to-month,1,Electronic check,324.3,1,81.075,79.9
0667-NSRGI,0,0,1,0,48,1,1,DSL,0,0,1,1,0,1,One year,1,Mailed check,3435.6,0,71.575,69.55
7083-YNSKY,0,0,0,0,15,1,1,No,0,0,0,0,0,0,Month-to-month,1,Credit card (automatic),399.6,1,26.64,25.4
6893-ODYYE,1,0,0,0,50,1,0,Fiber optic,1,1,1,1,0,0,One year,1,Credit card (automatic),4549.45,0,90.989,90.1
8242-JSVBO,1,0,0,0,7,1,0,DSL,0,0,0,0,0,0,Month-to-month,1,Bank transfer (automatic),322.5,0,46.07142857,44.65
2479-BRAMR,1,1,1,0,41,1,1,Fiber optic,1,0,1,0,0,0,Month-to-month,1,Bank transfer (automatic),3273.55,1,79.84268293,83.75
9541-ZPSEA,1,0,1,1,68,1,0,Fiber optic,1,0,1,0,0,0,Two year,0,Credit card (automatic),5375.15,0,79.04632353,80.35
2665-NPTGL,0,1,1,0,26,1,1,Fiber optic,0,0,1,0,1,1,Month-to-month,1,Bank transfer (automatic),2510.7,0,96.56538462,98.1
1139-WUOAH,1,0,0,0,57,0,0,DSL,0,0,1,1,1,1,Two year,0,Credit card (automatic),3090.05,0,54.21140351,53.35
4693-VWVBO,0,0,0,0,3,1,0,No,0,0,0,0,0,0,Month-to-month,0,Electronic check,61.05,0,20.35,19.55
7434-SHXLS,0,0,0,0,1,1,0,No,0,0,0,0,0,0,Month-to-month,0,Mailed check,20.9,1,20.9,20.9
6937-GCDGQ,1,0,1,1,19,1,0,DSL,1,0,0,0,0,0,One year,1,Bank transfer (automatic),955.6,0,50.29473684,48.95
0988-JRWWP,0,0,0,0,3,1,0,DSL,0,0,0,0,1,0,Month-to-month,1,Electronic check,140.4,0,46.8,54.2
5075-JSDKI,0,0,0,0,59,1,1,No,0,0,0,0,0,0,Two year,0,Electronic check,1493.1,0,25.30677966,24.45
7908-QCBCA,0,0,1,0,1,1,0,Fiber optic,0,0,0,0,0,0,Month-to-month,1,Mailed check,69.4,1,69.4,69.4
8644-XYTSV,1,0,1,0,42,0,0,DSL,1,0,0,0,1,0,Month-to-month,1,Bank transfer (automatic),1626.05,0,38.71547619,40.15
6711-FLDFB,0,0,0,0,7,1,1,Fiber optic,0,0,0,0,0,0,Month-to-month,1,Electronic check,541.15,1,77.30714286,74.9
3873-WOSBC,1,0,1,0,67,1,1,No,0,0,0,0,0,0,Two year,0,Credit card (automatic),1784.9,0,26.64029851,25.6
7465-ZZRVX,1,0,0,0,1,1,0,Fiber optic,0,0,0,0,0,0,Month-to-month,1,Electronic check,70.35,0,70.35,70.35
7975-JMZNT,1,0,1,0,66,1,1,DSL,1,1,1,1,1,1,Two year,0,Bank transfer (automatic),6075.9,0,92.05909091,91.7
7251-XFOIL,0,0,0,0,61,1,1,Fiber optic,0,0,1,0,0,1,Month-to-month,0,Mailed check,5500.6,0,90.17377049,89.2
4116-IQRFR,1,0,1,1,4,1,1,No,0,0,0,0,0,0,One year,0,Credit card (automatic),73.1,0,18.275,24.1
3714-JTVOV,0,1,1,0,42,1,0,Fiber optic,1,0,0,0,0,0,Month-to-month,1,Credit card (automatic),3229.4,1,76.89047619,74.15
8259-DZLIZ,0,0,1,1,64,1,1,DSL,0,1,0,0,0,0,One year,1,Bank transfer (automatic),3399.85,0,53.12265625,53.85
0442-ZXKVS,0,1,1,0,54,1,1,Fiber optic,1,1,1,1,1,1,One year,1,Bank transfer (automatic),6431.05,0,119.0935185,114.729
7853-WNZSY,1,0,0,0,1,1,0,No,0,0,0,0,0,0,Month-to-month,1,Credit card (automatic),19.75,0,19.75,19.75
3120-FAZKD,1,0,1,1,54,1,1,No,0,0,0,0,0,0,Two year,1,Bank transfer (automatic),1230.9,0,22.79444444,24.05
8606-OEGQZ,0,0,0,1,18,1,1,No,0,0,0,0,0,0,Two year,0,Credit card (automatic),454.65,0,25.25833333,25.3
0225-ZORZP,1,0,0,0,3,1,0,Fiber optic,0,1,0,0,0,1,Month-to-month,0,Electronic check,235.05,0,78.35,84.3
4702-IOQDC,0,0,0,0,1,1,0,Fiber optic,0,0,0,0,0,0,Month-to-month,1,Electronic check,70.1,1,70.1,70.1
9489-JMTTN,0,0,1,1,72,1,1,DSL,1,1,1,1,1,1,Two year,0,Credit card (automatic),6595.9,0,91.60972222,89.75
0575-CUQOV,1,1,1,0,60,1,0,Fiber optic,0,1,1,0,1,1,One year,1,Electronic check,5867,0,97.78333333,97.95
0967-BMLBD,0,0,1,1,11,1,0,No,0,0,0,0,0,0,One year,1,Mailed check,196.35,0,17.85,20
6178-KFNHS,0,0,0,1,12,1,1,Fiber optic,1,0,0,0,0,0,Month-to-month,1,Electronic check,909.25,1,75.77083333,78.3
2830-LEWOA,1,0,1,1,61,1,0,Fiber optic,0,1,1,1,1,1,One year,0,Credit card (automatic),6449.15,0,105.7237705,103.9
5006-MXVRN,0,0,0,0,39,1,0,No,0,0,0,0,0,0,Two year,0,Credit card (automatic),762.45,0,19.55,20.7
1264-BYWMS,1,0,0,0,55,1,1,Fiber optic,0,0,0,0,1,1,Month-to-month,1,Electronic check,5283.95,1,96.07181818,96.8
9658-WYUFB,0,0,0,0,17,1,1,Fiber optic,1,1,0,0,1,0,Month-to-month,1,Electronic check,1617.5,1,95.14705882,94.4
8327-WKMIE,1,0,0,0,37,1,0,No,0,0,0,0,0,0,One year,0,Credit card (automatic),785.75,0,21.23648649,20.15
6917-FIJHC,0,0,1,0,72,1,1,No,0,0,0,0,0,0,Two year,1,Mailed check,1776,0,24.66666667,26
5329-KRDTM,1,1,1,0,72,1,1,DSL,0,1,1,1,1,0,Two year,0,Credit card (automatic),5396.25,0,74.94791667,77.35
7797-EJMDP,0,0,0,0,8,1,0,DSL,1,0,0,1,0,1,Month-to-month,0,Bank transfer (automatic),574.5,0,71.8125,66.05
3530-VWVGU,0,0,1,1,22,1,0,No,0,0,0,0,0,0,Month-to-month,0,Mailed check,400.3,0,18.19545455,19.9
2013-SGDXK,0,0,0,0,1,1,0,Fiber optic,0,1,0,0,1,0,Month-to-month,0,Electronic check,84.3,1,84.3,84.3
6368-NWMCE,0,0,0,0,38,1,1,DSL,0,1,0,1,0,1,Month-to-month,0,Credit card (automatic),2656.3,0,69.90263158,68.15
3633-CDBUW,1,0,0,1,17,1,0,DSL,0,1,1,1,1,1,One year,0,Electronic check,1445.95,0,85.05588235,80.85
0707-HOVVN,0,1,0,0,70,1,1,DSL,0,1,1,1,1,0,Two year,1,Bank transfer (automatic),5212.65,0,74.46642857,75.5
8580-QVLOC,0,1,1,1,72,1,1,DSL,1,1,1,1,1,1,Two year,0,Credit card (automatic),6440.25,1,89.44791667,92.45
3956-MGXOG,0,0,0,0,28,1,0,Fiber optic,0,0,0,0,0,1,Month-to-month,1,Electronic check,2244.95,0,80.17678571,80.6
9274-UARKJ,0,0,0,0,15,1,0,Fiber optic,0,1,0,0,1,0,Month-to-month,1,Bank transfer (automatic),1130,0,75.33333333,83.2
4077-HWUYD,1,0,1,1,72,1,1,DSL,1,1,1,1,1,1,Two year,1,Bank transfer (automatic),6463.15,0,89.76597222,87.55
2012-NWRPA,0,1,1,0,11,1,1,Fiber optic,0,0,1,0,1,1,Month-to-month,1,Electronic check,1131.2,1,102.8363636,99.55
8808-ELEHO,1,1,0,0,8,1,1,Fiber optic,0,0,1,0,0,0,Month-to-month,1,Electronic check,585.95,1,73.24375,81.25
0103-CSITQ,0,0,1,0,57,1,1,Fiber optic,0,1,1,1,1,1,One year,1,Bank transfer (automatic),6252.7,0,109.6964912,109.4
3506-LCJDC,1,0,1,1,1,1,0,No,0,0,0,0,0,0,Month-to-month,0,Bank transfer (automatic),19.95,1,19.95,19.95
8671-KKKOS,0,0,1,0,46,0,0,DSL,1,1,0,0,1,0,Month-to-month,0,Electronic check,2062.15,0,44.82934783,45.55
7305-ZWMAJ,1,0,1,0,30,1,0,No,0,0,0,0,0,0,One year,0,Credit card (automatic),587.1,0,19.57,20.7
9518-XXBXE,1,1,1,0,10,1,0,Fiber optic,1,0,0,0,0,0,Month-to-month,0,Electronic check,720.45,0,72.045,75.3
3934-HXCFZ,1,0,1,0,23,1,1,Fiber optic,1,1,1,0,1,0,Month-to-month,1,Electronic check,2186.4,1,95.06086957,99.25
6578-KRMAW,1,0,0,0,32,1,0,Fiber optic,1,1,1,0,0,1,Month-to-month,1,Credit card (automatic),2979.3,0,93.103125,93.4
4860-IJUDE,1,0,0,0,13,1,0,Fiber optic,1,0,0,0,0,0,Month-to-month,1,Credit card (automatic),956.65,0,73.58846154,73.75
7666-WKRON,0,0,0,0,39,1,0,Fiber optic,0,0,1,1,0,0,Two year,1,Electronic check,3201.55,1,82.09102564,80.45
9688-YGXVR,0,0,0,0,44,1,0,Fiber optic,0,1,1,0,1,0,Month-to-month,1,Credit card (automatic),3973.2,0,90.3,88.15
0423-UDIJQ,1,1,0,0,9,1,0,DSL,0,0,0,1,0,0,Month-to-month,0,Mailed check,447.9,0,49.76666667,49.2
1945-XISKS,0,0,1,0,67,1,0,No,0,0,0,0,0,0,Two year,0,Mailed check,1335.2,0,19.92835821,19.65
4910-AQFFX,1,0,1,1,9,1,1,Fiber optic,0,0,1,0,0,0,Month-to-month,1,Bank transfer (automatic),661.25,1,73.47222222,79.35
2154-KVJFF,0,0,0,0,15,1,1,Fiber optic,0,1,0,0,0,0,Month-to-month,1,Electronic check,1111.85,1,74.12333333,79.75
5360-LJCNJ,0,0,1,0,71,1,1,Fiber optic,0,1,1,0,1,1,Two year,1,Bank transfer (automatic),7555,0,106.4084507,105.15
2607-FBDFF,1,0,0,0,1,1,0,DSL,0,0,0,1,0,0,Month-to-month,0,Credit card (automatic),49,0,49,49
9647-ERGBE,0,0,1,1,30,1,1,Fiber optic,0,0,1,0,1,1,Month-to-month,1,Electronic check,3046.15,1,101.5383333,100.05
3428-XZMAZ,1,0,0,0,1,1,0,Fiber optic,0,0,0,0,0,0,Month-to-month,1,Electronic check,69.35,1,69.35,69.35
1100-DDVRV,1,0,1,0,17,0,0,DSL,0,1,0,0,1,1,Month-to-month,1,Mailed check,836.35,0,49.19705882,49.8
0378-TOVMS,0,0,0,0,3,1,0,Fiber optic,0,0,0,1,0,1,Month-to-month,0,Electronic check,272.2,1,90.73333333,85.8
4355-HBJHH,1,0,1,1,67,1,1,DSL,1,0,1,0,1,1,Two year,1,Electronic check,5293.4,1,79.00597015,79.7
6728-WYQBC,1,0,0,0,1,1,0,No,0,0,0,0,0,0,Month-to-month,0,Bank transfer (automatic),20.95,0,20.95,20.95
9058-CBREO,0,1,0,0,1,1,1,DSL,0,0,0,0,0,0,Month-to-month,0,Mailed check,50.55,1,50.55,50.55
9029-FEGVJ,0,1,1,0,32,1,1,Fiber optic,0,0,1,0,0,0,Month-to-month,0,Mailed check,2570,0,80.3125,79.3
7216-KAOID,1,0,1,1,41,1,0,No,0,0,0,0,0,0,One year,0,Bank transfer (automatic),798.2,0,19.46829268,19.5
0318-QUUOB,1,0,1,0,1,1,0,Fiber optic,0,0,0,0,1,0,Month-to-month,1,Electronic check,80.55,1,80.55,80.55
6145-NNPNO,0,0,0,0,1,1,0,DSL,0,0,0,0,0,0,Month-to-month,0,Bank transfer (automatic),44.15,0,44.15,44.15
5520-FVEWJ,0,0,1,1,12,1,1,Fiber optic,0,1,1,0,0,0,Month-to-month,1,Electronic check,916.9,1,76.40833333,84.5
5339-TJFEK,1,0,1,1,62,1,1,Fiber optic,1,1,0,0,1,1,Month-to-month,1,Electronic check,6487.2,0,104.6322581,105.5
5572-ZDXHY,0,0,0,0,22,1,0,Fiber optic,0,1,0,0,0,1,Month-to-month,1,Mailed check,1855.65,1,84.34772727,84.3
2074-GUHPQ,0,0,0,1,17,1,1,Fiber optic,0,1,1,1,0,0,Month-to-month,1,Credit card (automatic),1556.85,0,91.57941176,92.7
4625-XMOYM,0,0,1,1,72,1,1,No,0,0,0,0,0,0,Two year,1,Bank transfer (automatic),1988.05,0,27.61180556,26.25
5827-MWCZK,1,0,1,1,56,1,1,Fiber optic,0,1,0,1,1,0,Month-to-month,1,Credit card (automatic),5432.2,0,97.00357143,96.95
1385-TQOZW,0,0,0,0,9,1,0,No,0,0,0,0,0,0,Month-to-month,1,Credit card (automatic),147.55,0,16.39444444,20.45
5914-XRFQB,1,0,1,0,72,1,1,Fiber optic,1,1,1,1,1,1,Two year,1,Bank transfer (automatic),8424.9,0,117.0125,114.729
4329-YPDDQ,1,0,0,0,20,1,0,Fiber optic,1,1,1,1,1,1,Month-to-month,1,Bank transfer (automatic),2203.7,0,110.185,108.2
4804-NCPET,1,0,1,1,19,1,0,No,0,0,0,0,0,0,Two year,0,Mailed check,387.4,0,20.38947368,20.2
3750-CKVKH,1,0,0,0,2,1,0,Fiber optic,0,0,0,0,0,0,Month-to-month,1,Electronic check,116.65,1,58.325,67.75
5944-UGLLK,1,0,0,0,53,0,0,DSL,0,0,1,1,1,1,One year,0,Credit card (automatic),3045.75,0,57.46698113,54.9
8063-GBATB,0,1,0,0,27,1,1,Fiber optic,0,0,0,0,0,1,Month-to-month,1,Electronic check,2287.25,1,84.71296296,85.25
7787-BNTZM,1,0,0,0,6,1,0,No,0,0,0,0,0,0,Month-to-month,0,Bank transfer (automatic),130.5,0,21.75,20.15
2252-ISRNH,1,0,1,1,9,1,1,Fiber optic,0,0,1,0,1,0,One year,1,Electronic check,767.9,0,85.32222222,90.35
9415-TPKRV,0,0,1,1,8,1,1,DSL,0,1,0,0,0,0,Month-to-month,0,Electronic check,446.8,0,55.85,55.75
5322-TEUJK,0,0,1,1,71,1,1,Fiber optic,1,1,1,1,1,1,Two year,0,Bank transfer (automatic),8100.25,0,114.0880282,114.6
4547-KQRTM,0,0,0,0,10,1,1,Fiber optic,0,1,0,0,0,0,Month-to-month,1,Bank transfer (automatic),830.7,1,83.07,80.05
4877-EVATK,1,0,0,0,1,1,0,No,0,0,0,0,0,0,Month-to-month,0,Mailed check,20,1,20,20
1866-DIOQZ,0,0,1,0,71,0,0,DSL,1,1,1,1,1,1,One year,0,Bank transfer (automatic),4689.15,0,66.0443662,66.8
8375-KVTHK,1,0,1,0,68,1,0,Fiber optic,0,1,0,1,1,1,One year,1,Electronic check,6754.35,0,99.32867647,100.3
2697-NQBPF,1,0,0,0,34,1,1,Fiber optic,0,1,0,1,1,1,Month-to-month,1,Electronic check,3540.65,0,104.1367647,105.35
3709-OIJEA,1,0,0,0,26,1,0,Fiber optic,0,1,1,1,0,0,One year,1,Electronic check,2184.6,0,84.02307692,85.2
7639-SUPCW,0,0,0,0,22,1,0,DSL,1,0,0,0,0,0,Month-to-month,1,Credit card (automatic),1054.6,1,47.93636364,48.8
1386-ZIKUV,1,0,0,0,7,1,0,No,0,0,0,0,0,0,Month-to-month,1,Mailed check,130.55,0,18.65,18.95
0599-XNYDO,0,0,1,0,20,1,0,Fiber optic,0,0,0,0,0,0,Month-to-month,1,Bank transfer (automatic),1540.35,0,77.0175,69.8
6377-WHAOX,0,0,1,0,60,1,1,Fiber optic,0,1,1,0,1,1,Month-to-month,1,Electronic check,6411.25,0,106.8541667,106.15
6855-VLGOS,1,0,1,1,72,1,0,No,0,0,0,0,0,0,Two year,0,Electronic check,1432.55,0,19.89652778,20.55
8999-XXGNS,0,1,1,0,72,1,1,Fiber optic,0,1,1,0,1,1,One year,1,Credit card (automatic),7629.85,0,105.9701389,105.75
8746-OQQRW,1,0,0,0,4,1,1,No,0,0,0,0,0,0,Month-to-month,0,Mailed check,101.9,0,25.475,25.25
3181-MIZBN,1,0,1,1,16,1,0,No,0,0,0,0,0,0,Month-to-month,0,Electronic check,313.4,0,19.5875,19.75
0471-ARVMX,0,1,1,0,62,1,1,Fiber optic,1,0,1,0,1,1,One year,1,Electronic check,6312.9,0,101.8209677,104.85
7766-CLTIC,0,0,0,0,10,1,0,DSL,0,0,0,1,0,1,Month-to-month,1,Mailed check,629.55,0,62.955,60.95
5650-YLIBA,1,0,0,0,31,1,1,Fiber optic,0,1,0,0,0,0,Month-to-month,1,Electronic check,2640.55,0,85.17903226,81.15
0825-CPPQH,0,0,1,0,71,1,0,No,0,0,0,0,0,0,Two year,0,Credit card (automatic),1372.45,0,19.33028169,19.1
9084-OAYKL,1,0,0,0,58,1,0,No,0,0,0,0,0,0,Two year,0,Mailed check,1212.25,0,20.90086207,20.8
6122-LJADA,1,0,1,1,70,1,1,DSL,1,1,1,1,1,1,Two year,1,Credit card (automatic),6237.05,0,89.10071429,90.15
2400-XIWIO,0,0,1,0,71,1,1,DSL,1,1,1,1,1,1,Two year,0,Electronic check,6310.9,0,88.88591549,90.1
7524-VRLPL,1,1,0,0,69,1,1,DSL,1,0,1,1,0,1,Two year,0,Credit card (automatic),5031,0,72.91304348,74.1
1069-XAIEM,0,1,0,0,1,1,1,Fiber optic,0,0,0,0,0,1,Month-to-month,1,Electronic check,85.05,1,85.05,85.05
7569-NMZYQ,0,0,1,1,72,1,1,Fiber optic,1,1,1,1,1,1,Two year,1,Bank transfer (automatic),8672.45,0,120.4506944,114.729
5201-USSQZ,0,0,1,0,26,1,0,Fiber optic,0,0,0,1,0,1,Month-to-month,0,Credit card (automatic),2196.45,0,84.47884615,85.9
2105-PHWON,0,0,1,0,33,1,1,Fiber optic,0,0,1,1,0,1,Month-to-month,1,Credit card (automatic),3008.15,0,91.15606061,95
1494-EJZDW,0,0,1,1,10,1,0,No,0,0,0,0,0,0,Two year,0,Mailed check,220.8,0,22.08,20.15
4884-TVUQF,0,1,0,0,57,1,1,Fiber optic,1,0,1,1,0,1,Two year,0,Credit card (automatic),5779.6,0,101.3964912,101.3
8003-EWNDZ,0,0,0,0,10,1,0,No,0,0,0,0,0,0,Month-to-month,1,Electronic check,222.65,0,22.265,21.2
1897-RCFUM,0,0,1,1,39,1,1,No,0,0,0,0,0,0,One year,1,Mailed check,914.6,0,23.45128205,24.2
9256-JTBNZ,0,0,0,0,11,1,0,No,0,0,0,0,0,0,Month-to-month,0,Bank transfer (automatic),246.3,0,22.39090909,20.3
4658-HCOHW,0,0,1,1,21,1,0,Fiber optic,0,1,1,1,1,1,Month-to-month,1,Electronic check,2110.15,1,100.4833333,102.8
2211-RMNHO,0,0,1,1,68,1,1,DSL,0,1,1,1,1,1,Two year,0,Bank transfer (automatic),5560,0,81.76470588,85.3
2432-TFSMK,1,0,0,0,18,1,1,Fiber optic,0,0,1,0,1,0,One year,1,Credit card (automatic),1633,0,90.72222222,89.6
3440-JPSCL,0,0,0,0,6,1,0,Fiber optic,0,0,1,1,1,1,Month-to-month,1,Mailed check,547.65,1,91.275,99.95
4929-ROART,1,0,0,0,18,1,1,DSL,1,0,0,0,0,0,Month-to-month,0,Mailed check,969.85,0,53.88055556,56.25
1834-ABKHQ,0,0,1,1,52,1,0,DSL,0,0,1,0,0,0,One year,1,Bank transfer (automatic),2610.65,0,50.20480769,50.95
1741-WTPON,1,0,1,1,56,1,1,Fiber optic,1,1,1,1,1,1,Two year,0,Mailed check,6567.9,0,117.2839286,114.729
3932-IJWDZ,1,0,0,0,45,1,1,Fiber optic,0,0,1,1,1,1,Month-to-month,1,Bank transfer (automatic),4747.85,0,105.5077778,103.65
1240-HCBOH,0,0,0,0,67,1,1,No,0,0,0,0,0,0,Two year,1,Mailed check,1759.55,0,26.2619403,26.1
3594-KADLU,1,0,1,0,3,0,0,DSL,1,0,0,1,0,0,Month-to-month,0,Mailed check,101.1,0,33.7,35.1
8065-BVEPF,1,1,0,0,65,1,0,Fiber optic,0,1,1,0,1,1,Month-to-month,1,Bank transfer (automatic),6496.15,0,99.94076923,99.1
3796-ENZGF,1,0,1,0,63,1,1,DSL,0,1,0,1,0,1,Two year,0,Mailed check,4234.15,0,67.20873016,67.25
1734-ZMNTZ,0,0,1,1,11,1,1,No,0,0,0,0,0,0,Two year,0,Mailed check,300.7,0,27.33636364,25
2853-CWQFQ,1,0,0,1,1,1,0,DSL,0,0,0,1,0,1,Month-to-month,1,Mailed check,59.55,0,59.55,59.55
0813-TAXXS,1,0,0,0,55,1,1,DSL,0,0,1,0,1,1,Two year,1,Bank transfer (automatic),4323.35,0,78.60636364,77.8
2519-TWKFS,1,0,1,1,25,1,1,DSL,0,0,0,1,0,0,One year,1,Mailed check,1466.1,0,58.644,55.1
2889-FPWRM,1,0,1,0,72,1,1,Fiber optic,1,1,1,1,1,1,One year,1,Bank transfer (automatic),8684.8,1,120.6222222,114.729
0626-QXNGV,0,0,1,0,72,1,1,No,0,0,0,0,0,0,Two year,1,Credit card (automatic),1776.45,0,24.67291667,24.15
6723-CEGQI,0,0,0,1,65,0,0,DSL,0,1,0,1,1,0,Two year,0,Mailed check,2933.95,0,45.13769231,45.25
6987-XQSJT,0,1,0,0,54,1,1,Fiber optic,0,1,0,0,0,0,Month-to-month,1,Electronic check,4370.25,1,80.93055556,79.5
4732-RRJZC,1,0,1,1,7,1,0,No,0,0,0,0,0,0,Month-to-month,0,Mailed check,144.35,0,20.62142857,20.25
9499-XPZXM,0,0,1,0,72,1,1,DSL,1,1,0,1,0,0,Two year,0,Bank transfer (automatic),4804.75,0,66.73263889,64.75
4338-EYCER,1,0,1,0,21,1,0,DSL,0,0,0,0,1,0,Month-to-month,0,Bank transfer (automatic),1125.2,0,53.58095238,54.6
3007-FDPEA,0,0,0,0,2,1,0,No,0,0,0,0,0,0,Month-to-month,1,Bank transfer (automatic),39.85,0,19.925,20.7
6350-XFYGW,1,1,0,0,4,1,0,Fiber optic,0,0,1,0,1,1,Month-to-month,1,Electronic check,422.4,0,105.6,94.75
4290-BSXUX,1,0,1,0,3,1,1,Fiber optic,0,0,0,1,0,0,Month-to-month,1,Bank transfer (automatic),251.75,1,83.91666667,79.65
8513-OLYGY,1,0,1,0,72,1,1,Fiber optic,1,1,1,1,1,1,Two year,0,Credit card (automatic),8332.15,0,115.7243056,114.729
0311-QYWSS,0,0,0,0,6,1,0,DSL,1,0,0,0,0,0,Month-to-month,1,Electronic check,314.6,0,52.43333333,49.45
8705-DWKTI,1,0,0,0,52,1,0,Fiber optic,0,0,1,0,0,1,Month-to-month,1,Credit card (automatic),4331.4,0,83.29615385,83.8
8755-IWJHN,1,1,1,0,69,1,1,Fiber optic,0,1,1,0,0,1,Month-to-month,1,Bank transfer (automatic),6382,0,92.49275362,95.35
0325-XBFAC,1,0,0,0,8,1,0,Fiber optic,0,0,1,0,1,1,Month-to-month,1,Electronic check,740.3,1,92.5375,94.7
4480-QQRHC,0,1,0,0,8,1,0,Fiber optic,0,0,1,0,0,0,Month-to-month,1,Bank transfer (automatic),600.15,0,75.01875,74.05
0929-PECLO,0,1,0,0,63,1,1,Fiber optic,0,0,1,0,0,1,Month-to-month,1,Bank transfer (automatic),5538.8,0,87.91746032,89.6
3680-CTHUH,1,0,0,0,60,1,1,Fiber optic,1,1,1,1,1,1,One year,1,Credit card (automatic),7049.5,0,117.4916667,114.729
1202-KKGFU,0,0,1,0,12,1,0,DSL,1,0,0,1,0,0,Month-to-month,0,Bank transfer (automatic),690.5,0,57.54166667,54.2
6112-KTHFQ,0,0,0,0,13,1,0,No,0,0,0,0,0,0,Month-to-month,1,Mailed check,279.3,0,21.48461538,19.3
1852-XEMDW,1,0,0,0,22,1,1,DSL,1,1,1,0,0,0,Month-to-month,0,Mailed check,1427.55,0,64.88863636,65.05
2462-XIIJB,1,0,0,0,5,1,1,Fiber optic,0,0,1,0,1,0,Month-to-month,1,Electronic check,452.7,1,90.54,92.5
4760-XOHVN,0,0,1,1,1,1,0,No,0,0,0,0,0,0,Month-to-month,0,Mailed check,19.45,1,19.45,19.45
1820-DJFPH,0,0,1,1,72,1,1,No,0,0,0,0,0,0,Two year,1,Bank transfer (automatic),1709.15,0,23.73819444,24.05
9426-SXNHE,0,0,0,0,2,1,0,No,0,0,0,0,0,0,Month-to-month,0,Bank transfer (automatic),53.15,0,26.575,18.75
9068-FHQHD,0,0,1,1,40,1,0,No,0,0,0,0,0,0,Two year,0,Bank transfer (automatic),777.35,0,19.43375,20.15
1269-FOYWN,1,0,1,1,44,1,0,No,0,0,0,0,0,0,One year,0,Bank transfer (automatic),860.85,0,19.56477273,20
9470-YFUYI,1,1,1,0,71,1,0,DSL,1,1,0,1,1,0,One year,1,Bank transfer (automatic),5012.1,0,70.59295775,71
7817-BOQPW,0,0,0,0,2,1,1,Fiber optic,0,0,0,0,0,0,Month-to-month,1,Electronic check,166.3,1,83.15,75.55
7402-EYFXX,1,1,0,0,26,1,1,Fiber optic,0,0,0,0,1,1,Month-to-month,1,Electronic check,2404.1,0,92.46538462,93.6
1853-UDXBW,1,0,1,1,1,1,0,Fiber optic,0,0,0,0,0,0,Month-to-month,1,Electronic check,70,1,70,70
9895-VFOXH,0,0,0,0,1,0,0,DSL,0,0,0,0,0,0,Month-to-month,0,Mailed check,24.4,0,24.4,24.4
5458-CQJTA,1,0,1,1,65,1,0,DSL,1,0,0,1,1,1,Two year,1,Bank transfer (automatic),4820.15,1,74.15615385,74.8
1230-QAJDW,1,0,0,0,3,1,1,DSL,0,0,0,1,1,0,Month-to-month,1,Mailed check,209.9,0,69.96666667,65.25
5701-ZIKJE,1,0,0,0,13,1,0,DSL,0,0,0,1,0,0,Month-to-month,1,Mailed check,610.75,0,46.98076923,50.55
5219-YIPTK,0,0,1,0,33,1,1,Fiber optic,0,1,1,0,1,1,Month-to-month,1,Electronic check,3409.6,1,103.3212121,104.4
5032-MIYKT,0,0,0,0,1,1,0,Fiber optic,0,0,0,0,0,0,Month-to-month,1,Mailed check,70.7,0,70.7,70.7
7396-VJUZB,1,0,1,1,4,1,0,DSL,0,0,0,0,0,0,Month-to-month,0,Mailed check,155.35,0,38.8375,45.25
9717-QEBGU,1,0,0,0,2,1,0,Fiber optic,0,0,0,0,0,0,Month-to-month,1,Electronic check,144,0,72,70.3
5172-RKOCB,1,0,1,0,72,1,1,Fiber optic,1,1,0,1,1,1,Two year,1,Credit card (automatic),7875,0,109.375,108.95
6509-TSGWN,0,0,1,1,37,1,1,No,0,0,0,0,0,0,Month-to-month,0,Mailed check,911.6,0,24.63783784,26.45
3540-RZJYU,0,0,0,0,15,1,0,Fiber optic,1,0,0,0,1,0,Month-to-month,0,Electronic check,1270.2,1,84.68,86.2
3178-CIFOT,0,0,0,0,23,1,0,No,0,0,0,0,0,0,One year,1,Credit card (automatic),478.1,0,20.78695652,19.65
2091-MJTFX,0,0,1,1,30,0,0,DSL,0,0,0,1,1,1,Month-to-month,0,Credit card (automatic),1561.5,1,52.05,51.2
4530-NDRKU,0,0,1,1,42,1,0,No,0,0,0,0,0,0,One year,1,Electronic check,761.85,0,18.13928571,19.05
5985-TBABQ,0,0,0,0,32,1,1,DSL,1,0,0,0,1,1,One year,0,Mailed check,2282.95,0,71.3421875,74.75
9800-ONTFE,0,0,1,1,22,1,1,Fiber optic,0,0,0,0,0,0,Month-to-month,1,Bank transfer (automatic),1615.1,0,73.41363636,75.8
6743-HHQPF,1,0,1,0,42,0,0,DSL,0,0,0,0,0,0,Month-to-month,1,Credit card (automatic),1097.15,0,26.12261905,25.1
8455-HIRAQ,0,0,0,0,8,1,0,DSL,0,0,0,0,0,0,Month-to-month,0,Mailed check,369.3,0,46.1625,44.45
6616-AALSR,0,0,1,1,65,1,1,Fiber optic,1,0,1,0,1,1,Two year,1,Credit card (automatic),6725.3,0,103.4661538,104.3
0883-EIBTI,0,0,0,0,2,1,0,No,0,0,0,0,0,0,Month-to-month,0,Mailed check,31.55,1,15.775,19.5
9415-ZNBSX,0,0,1,1,70,1,1,DSL,1,1,1,1,1,1,Two year,1,Bank transfer (automatic),6293.2,0,89.90285714,89
4018-KJYUY,1,0,0,1,22,1,0,No,0,0,0,0,0,0,Month-to-month,0,Credit card (automatic),432.5,0,19.65909091,20.15
0722-TROQR,0,1,0,0,4,1,1,Fiber optic,0,0,0,0,0,0,Month-to-month,1,Electronic check,321.75,1,80.4375,74.9
7571-YXDAD,0,0,0,0,2,1,1,Fiber optic,0,0,0,0,0,0,Month-to-month,0,Credit card (automatic),147.15,1,73.575,74.9
3884-UEBXB,0,0,1,1,67,0,0,DSL,1,1,0,0,0,0,Two year,0,Bank transfer (automatic),2434.45,0,36.33507463,36.15
8780-RSYYU,0,0,0,0,25,1,0,No,0,0,0,0,0,0,Month-to-month,1,Credit card (automatic),532.1,0,21.284,19.2
5537-UXXVS,0,0,1,0,20,1,0,No,0,0,0,0,0,0,Month-to-month,0,Bank transfer (automatic),375.25,0,18.7625,19.25
1791-PQHBB,0,0,0,1,2,1,0,DSL,1,0,0,0,0,1,Month-to-month,1,Credit card (automatic),125.95,0,62.975,61.2
8701-DGLVH,1,0,0,0,51,1,0,No,0,0,0,0,0,0,Two year,0,Mailed check,1042.65,0,20.44411765,20.45
8741-LQOBK,0,0,1,1,46,0,0,DSL,1,1,0,0,0,0,Month-to-month,0,Bank transfer (automatic),1620.25,0,35.22282609,35.05
3393-FMZPV,0,0,0,0,25,1,1,Fiber optic,0,1,0,0,1,1,Month-to-month,1,Electronic check,2387.75,1,95.51,100.25
8082-GHXOP,1,0,0,1,13,1,0,DSL,0,0,0,0,0,0,Month-to-month,0,Mailed check,659.35,0,50.71923077,44
6402-ZFPPI,0,1,0,0,25,1,1,Fiber optic,1,1,0,0,1,1,Month-to-month,1,Mailed check,2660.2,1,106.408,102.8
0980-FEXWF,1,0,1,1,26,1,0,DSL,0,0,1,0,0,0,One year,0,Mailed check,1285.8,0,49.45384615,50.35
7486-KSRVI,1,0,0,0,43,1,1,Fiber optic,0,0,0,1,1,1,One year,1,Electronic check,4211.55,1,97.94302326,100
3011-WQKSZ,1,0,0,1,19,1,0,No,0,0,0,0,0,0,Month-to-month,1,Electronic check,377.55,0,19.87105263,20
8443-WVPSS,1,0,1,0,10,1,0,Fiber optic,0,1,0,1,1,1,Month-to-month,1,Electronic check,990.9,1,99.09,99.85
3006-XIMLN,0,0,0,1,2,1,1,Fiber optic,0,0,0,0,1,1,Month-to-month,1,Bank transfer (automatic),193.8,1,96.9,94.2
8218-FFJDS,0,0,1,0,72,1,1,DSL,1,1,0,1,1,1,Two year,1,Bank transfer (automatic),6058.95,0,84.15208333,86.4
1986-PHGZF,1,1,0,0,18,1,1,DSL,1,1,0,0,0,0,Month-to-month,1,Credit card (automatic),964.9,0,53.60555556,58.4
9965-YOKZB,1,1,0,0,9,1,1,Fiber optic,0,0,0,0,0,1,Month-to-month,1,Electronic check,790.15,1,87.79444444,83.85
0504-HHAPI,0,1,0,0,27,1,1,Fiber optic,0,0,1,0,0,1,Month-to-month,0,Credit card (automatic),2467.75,1,91.39814815,88.3
9360-OMDZZ,1,0,0,0,24,1,1,Fiber optic,0,0,0,0,1,1,Month-to-month,1,Electronic check,2322.85,0,96.78541667,94.1
6305-YLBMM,1,0,0,0,69,1,0,Fiber optic,0,1,1,1,1,1,One year,1,Bank transfer (automatic),7262,1,105.2463768,104.05
0345-XMMUG,0,0,1,0,46,1,1,Fiber optic,0,1,1,1,1,1,Two year,1,Credit card (automatic),4854.3,0,105.5282609,108.9
8024-XNAFQ,0,1,0,0,72,1,1,Fiber optic,1,1,1,1,0,1,Two year,1,Bank transfer (automatic),7748.75,0,107.6215278,107.4
3647-GMGDH,1,0,1,0,22,1,0,Fiber optic,0,0,1,0,1,1,Month-to-month,1,Credit card (automatic),1914.9,1,87.04090909,94.7
2988-GBIVW,0,1,1,0,70,1,1,Fiber optic,1,0,0,0,0,1,Month-to-month,1,Electronic check,6470.1,0,92.43,90.85
2832-SCUCO,0,0,0,0,2,1,0,No,0,0,0,0,0,0,Month-to-month,0,Electronic check,57.4,0,28.7,19.9
7036-ZZKBD,1,0,1,0,31,1,0,DSL,0,0,1,1,0,1,Month-to-month,1,Credit card (automatic),2019.8,0,65.15483871,66.4
3791-LGQCY,0,1,1,0,56,1,1,Fiber optic,0,0,1,0,1,1,Month-to-month,1,Bank transfer (automatic),5688.05,1,101.5723214,100.65
0265-PSUAE,0,0,1,1,16,1,0,Fiber optic,1,0,1,0,1,1,Month-to-month,0,Bank transfer (automatic),1522.7,0,95.16875,100.7
0463-TXOAK,1,0,0,1,52,1,1,No,0,0,0,0,0,0,Two year,0,Credit card (automatic),1334.5,0,25.66346154,25.6
0594-UFTUL,1,0,1,1,13,1,0,No,0,0,0,0,0,0,Month-to-month,1,Mailed check,252,0,19.38461538,19.85
9509-MPYOD,0,0,0,0,35,1,0,No,0,0,0,0,0,0,One year,0,Mailed check,700.45,0,20.01285714,20.75
9128-CPXKI,0,0,0,0,59,1,0,Fiber optic,0,0,1,0,1,1,Two year,0,Electronic check,5655.45,0,95.85508475,95.8
0129-KPTWJ,1,0,1,0,72,1,0,Fiber optic,0,0,1,0,1,1,Month-to-month,1,Electronic check,6747.35,0,93.71319444,94.65
8166-ZZTFS,0,1,1,0,66,1,1,DSL,0,1,1,0,1,1,Two year,1,Bank transfer (automatic),5265.1,1,79.77424242,80.55
5855-EIBDE,0,0,1,0,49,1,1,Fiber optic,1,1,1,1,0,1,Two year,0,Credit card (automatic),5174.35,0,105.5989796,106.65
5365-LLFYV,0,0,0,0,2,1,0,DSL,0,0,0,0,0,0,Month-to-month,1,Mailed check,105.6,0,52.8,45.85
5956-YHHRX,1,1,0,0,21,1,1,Fiber optic,0,1,1,0,1,1,Month-to-month,1,Electronic check,2271.85,0,108.1833333,104.35
6008-NAIXK,1,1,0,0,54,0,0,DSL,0,1,1,0,1,1,One year,1,Electronic check,2966.95,0,54.94351852,55.45
2956-GGUCQ,1,1,1,0,24,1,1,Fiber optic,1,0,0,0,0,0,Month-to-month,1,Electronic check,1772.25,1,73.84375,78.85
1928-BXYIV,1,0,0,0,1,1,1,DSL,1,1,0,0,0,0,Month-to-month,0,Electronic check,61.15,0,61.15,61.15
5760-FXFVO,1,0,0,0,6,1,0,Fiber optic,1,1,0,0,0,0,Month-to-month,1,Electronic check,494.95,0,82.49166667,78.95
6595-COKXZ,0,0,0,0,1,1,0,DSL,0,0,0,0,0,0,Month-to-month,1,Mailed check,44.45,1,44.45,44.45
0961-ZWLVI,1,0,0,1,49,1,1,Fiber optic,1,1,1,0,1,1,One year,1,Credit card (automatic),5290.45,0,107.9683673,109.2
5181-OABFK,0,0,1,1,56,1,0,DSL,1,1,1,0,0,0,Two year,1,Credit card (automatic),3346.8,0,59.76428571,61.3
4007-NHVHI,0,1,0,0,56,1,1,Fiber optic,1,1,0,0,0,1,Month-to-month,1,Electronic check,5219.65,0,93.20803571,96.85
7816-VGHTO,0,0,1,1,6,0,0,DSL,0,1,1,1,0,0,Two year,0,Mailed check,217.5,0,36.25,40.55
5871-DGTXZ,1,0,0,0,32,1,0,No,0,0,0,0,0,0,One year,0,Mailed check,607.7,0,18.990625,19.8
7550-WIQVA,1,0,1,1,50,1,1,Fiber optic,1,1,1,0,1,1,One year,1,Electronic check,5431.4,0,108.628,108.25
7544-ZVIKX,1,0,1,1,58,1,1,Fiber optic,0,0,1,1,1,1,One year,1,Bank transfer (automatic),6004.85,0,103.5318966,105.05
0016-QLJIS,0,0,1,1,65,1,1,DSL,1,1,1,1,1,1,Two year,1,Mailed check,5957.9,0,91.66,90.45
7508-DQAKK,0,0,0,0,64,1,1,DSL,1,1,1,1,1,1,Two year,1,Credit card (automatic),5442.05,0,85.03203125,86.4
5176-OLSKT,0,0,1,0,66,1,1,DSL,1,1,1,0,0,0,Two year,0,Bank transfer (automatic),4370.25,0,66.21590909,66.9
9356-AXGMP,1,0,1,0,38,1,1,Fiber optic,1,0,1,1,1,1,One year,1,Electronic check,4428.6,0,116.5421053,110.7
3556-BVQGL,0,0,1,0,20,1,0,No,0,0,0,0,0,0,One year,1,Mailed check,416.45,0,20.8225,20
0362-ZBZWJ,1,0,0,0,36,1,1,Fiber optic,0,0,0,0,0,1,Month-to-month,1,Electronic check,3067.2,1,85.2,84.9
8979-CAMGB,1,1,0,0,64,1,1,Fiber optic,0,0,1,1,1,1,One year,0,Electronic check,6688.1,0,104.5015625,102.1
4211-MMAZN,1,0,0,0,1,1,0,No,0,0,0,0,0,0,Month-to-month,0,Mailed check,20.25,1,20.25,20.25
7581-EBBOU,0,0,0,0,60,1,0,DSL,0,1,1,1,1,0,One year,1,Credit card (automatic),4224.7,0,70.41166667,70.15
4274-OWWYO,1,0,0,0,1,1,0,Fiber optic,0,1,0,0,0,0,Month-to-month,1,Electronic check,74.35,1,74.35,74.35
5073-RZGBK,0,0,1,1,50,1,1,DSL,1,1,1,1,0,1,One year,1,Bank transfer (automatic),4042.2,0,80.844,80.05
1541-ETJZO,1,0,0,0,1,1,1,DSL,0,0,1,1,0,0,Month-to-month,0,Mailed check,62.05,1,62.05,62.05
2192-CKRLV,0,0,1,0,72,0,0,DSL,1,1,1,0,0,1,Two year,1,Electronic check,3580.95,0,49.73541667,49.2
3154-HMWUU,1,0,1,0,60,1,0,No,0,0,0,0,0,0,Two year,1,Bank transfer (automatic),1198.8,0,19.98,20.5
6119-SPUDB,1,0,0,0,46,0,0,DSL,1,0,1,1,0,0,Two year,0,Mailed check,1755.35,0,38.15978261,38.25
6522-OIQSX,0,0,1,1,69,0,0,DSL,0,1,1,0,1,1,Two year,1,Credit card (automatic),3772.5,0,54.67391304,54.95
7813-ZGGAW,1,1,0,0,31,1,1,Fiber optic,0,0,1,1,1,0,Month-to-month,1,Bank transfer (automatic),2877.95,0,92.83709677,96.6
8748-HFWBO,1,0,1,1,19,1,0,No,0,0,0,0,0,0,One year,0,Mailed check,357.7,0,18.82631579,19.9
1052-QJIBV,0,0,1,1,71,1,0,No,0,0,0,0,0,0,Two year,0,Credit card (automatic),1397.3,0,19.68028169,19.9
1319-YLZJG,1,0,1,0,12,1,0,Fiber optic,1,1,1,0,0,0,Month-to-month,1,Electronic check,959.9,0,79.99166667,84.6
4106-HADHQ,1,0,1,1,39,1,0,DSL,1,0,1,1,1,1,One year,0,Credit card (automatic),3182.95,1,81.61410256,80
0723-FDLAY,1,0,0,0,44,1,1,DSL,0,1,1,1,1,1,One year,1,Bank transfer (automatic),3704.15,0,84.18522727,85.25
3050-RLLXC,0,0,1,1,56,1,1,DSL,1,1,1,1,1,0,Two year,0,Credit card (automatic),4620.4,0,82.50714286,81.25
9298-WGMRW,0,0,1,0,72,1,1,Fiber optic,1,1,1,1,1,1,Two year,1,Bank transfer (automatic),8312.75,0,115.4548611,114.729
2369-UAPKZ,1,0,0,0,5,1,1,Fiber optic,0,1,1,0,1,1,Month-to-month,0,Mailed check,541.9,1,108.38,104.1
3088-LHEFH,0,0,0,0,11,1,1,Fiber optic,1,0,0,0,0,0,Month-to-month,1,Bank transfer (automatic),929.3,0,84.48181818,79
2778-OCLGR,1,1,1,0,24,0,0,DSL,1,0,0,0,0,1,Month-to-month,0,Bank transfer (automatic),971.3,1,40.47083333,39.1
6583-KQJLK,0,1,1,0,15,1,0,Fiber optic,0,1,0,0,1,1,Month-to-month,1,Electronic check,1285.05,0,85.67,94.65
8544-JNBOX,1,0,0,0,72,1,0,No,0,0,0,0,0,0,Two year,1,Mailed check,1521.2,0,21.12777778,20.8
6681-ZSEXG,1,0,1,0,56,1,1,DSL,0,1,1,0,0,0,Two year,0,Credit card (automatic),3389.25,0,60.52232143,59.5
6139-ZZRBQ,1,1,0,0,64,1,0,No,0,0,0,0,0,0,Two year,1,Bank transfer (automatic),1198.05,0,18.71953125,20.05
6116-RFVHN,0,0,1,0,34,1,1,Fiber optic,0,0,1,0,1,1,Month-to-month,1,Electronic check,3414.65,0,100.4308824,100.45
0637-KVDLV,1,0,0,0,2,1,1,Fiber optic,0,0,0,0,0,0,Month-to-month,1,Electronic check,162.45,1,81.225,76.5
8884-FEEWR,1,0,0,0,35,1,0,No,0,0,0,0,0,0,One year,0,Bank transfer (automatic),754,0,21.54285714,20.6
3125-RAHBV,1,0,0,0,22,1,0,No,0,0,0,0,0,0,One year,0,Credit card (automatic),467.15,0,21.23409091,20.3
6633-MPWBS,1,0,0,0,5,1,0,DSL,0,0,0,1,0,0,Month-to-month,1,Electronic check,216.9,1,43.38,49.2
0373-AIVNJ,1,0,0,0,9,0,0,DSL,1,1,1,0,0,0,One year,0,Mailed check,373,0,41.44444444,39.55
8785-EPNCG,1,0,0,0,11,1,1,No,0,0,0,0,0,0,Month-to-month,0,Credit card (automatic),245.2,1,22.29090909,23.15
1682-VCOIO,1,0,0,0,23,1,0,No,0,0,0,0,0,0,One year,0,Mailed check,481.1,0,20.9173913,20.45
5729-KLZAR,0,0,1,1,4,1,0,Fiber optic,0,0,0,0,0,1,Month-to-month,0,Electronic check,302.75,1,75.6875,80.85
2072-ZVJJX,1,0,1,0,68,1,1,No,0,0,0,0,0,0,Two year,0,Bank transfer (automatic),1728.2,0,25.41470588,25.25
8849-AYPTR,1,0,1,0,33,1,0,Fiber optic,0,0,0,0,1,1,Month-to-month,0,Electronic check,2964.05,0,89.81969697,91.25
9518-IMLHK,1,0,0,0,31,1,0,DSL,1,1,1,1,1,0,Month-to-month,1,Bank transfer (automatic),2156.25,0,69.55645161,72.45
1582-RAFML,1,0,0,0,1,1,1,DSL,0,1,0,1,0,0,Month-to-month,0,Mailed check,60.1,1,60.1,60.1
3646-ITDGM,0,0,0,0,56,1,0,No,0,0,0,0,0,0,Two year,0,Bank transfer (automatic),1051.9,0,18.78392857,19.7
8740-CRYFY,1,0,0,0,1,1,0,Fiber optic,0,0,0,0,1,0,Month-to-month,1,Electronic check,78.95,1,78.95,78.95
3569-VLDHH,1,0,1,1,66,1,0,DSL,1,1,1,1,1,0,One year,1,Electronic check,5013,0,75.95454545,75.1
8224-KDLKN,1,0,1,1,72,1,1,No,0,0,0,0,0,0,Two year,0,Bank transfer (automatic),1738.9,0,24.15138889,25
7594-LZNWR,1,1,0,0,34,1,0,Fiber optic,0,0,0,0,0,0,Month-to-month,0,Credit card (automatic),2275.1,0,66.91470588,69.15
4001-TSBTV,0,0,1,1,58,1,0,Fiber optic,0,1,1,0,1,0,Month-to-month,1,Electronic check,5511.65,0,95.02844828,91.55
2962-XPMCQ,1,0,0,0,2,1,0,DSL,0,0,0,0,0,0,Month-to-month,1,Electronic check,98.5,1,49.25,45.15
8727-XDPUD,1,0,0,0,37,0,0,DSL,0,0,0,0,1,0,Two year,0,Credit card (automatic),1316.9,0,35.59189189,35.8
1043-UXOVO,0,0,0,0,71,1,1,Fiber optic,1,1,1,1,1,1,Two year,1,Credit card (automatic),7993.3,0,112.5816901,113.15
1064-FBXNK,1,0,1,1,1,1,0,No,0,0,0,0,0,0,One year,0,Credit card (automatic),19.85,0,19.85,19.85
3996-ZNWYK,1,1,1,1,71,1,0,No,0,0,0,0,0,0,Two year,0,Credit card (automatic),1388.45,0,19.5556338,19.8
2878-DHMIN,1,0,1,1,35,1,0,No,0,0,0,0,0,0,One year,0,Electronic check,666,0,19.02857143,19.9
7762-ONLJY,0,0,1,1,6,1,0,No,0,0,0,0,0,0,One year,0,Mailed check,94.45,0,15.74166667,19.7
1678-FYZOW,0,0,0,0,3,1,0,Fiber optic,0,0,0,0,1,0,Month-to-month,1,Electronic check,244.65,1,81.55,79.4
5795-BKOYE,0,0,1,1,69,1,0,DSL,0,1,1,1,0,0,One year,0,Bank transfer (automatic),4134.7,0,59.92318841,59.1
8627-EHGIP,1,0,0,0,44,0,0,DSL,0,1,1,0,1,1,One year,1,Mailed check,2375.4,1,53.98636364,53.95
7402-PWYJJ,0,0,1,0,53,1,1,Fiber optic,0,0,0,1,0,1,One year,1,Electronic check,4862.5,0,91.74528302,91.15
5480-TBGPH,0,0,1,0,24,1,0,Fiber optic,0,1,1,0,1,1,Month-to-month,1,Credit card (automatic),2431.35,1,101.30625,99.3
0018-NYROU,0,0,1,0,5,1,0,Fiber optic,0,0,0,0,0,0,Month-to-month,1,Electronic check,351.5,0,70.3,68.95
7501-VTYLJ,0,0,0,1,2,1,0,DSL,0,1,0,0,0,0,Month-to-month,0,Mailed check,106.2,0,53.1,51.55
7608-RGIRO,1,0,0,1,62,1,1,No,0,0,0,0,0,0,Two year,1,Mailed check,1413,0,22.79032258,24.4
0480-BIXDE,0,0,1,0,19,1,0,Fiber optic,0,0,1,0,1,1,Month-to-month,1,Electronic check,1743.05,0,91.73947368,96.8
5895-QSXOD,1,0,0,0,9,1,0,Fiber optic,0,0,0,0,0,0,Month-to-month,0,Mailed check,657.5,0,73.05555556,70.05
9814-AOUDH,1,0,0,0,53,1,0,No,0,0,0,0,0,0,Two year,0,Credit card (automatic),1050.5,0,19.82075472,19.5
6175-IRFIT,1,0,0,0,5,1,0,Fiber optic,0,0,0,0,0,1,Month-to-month,0,Mailed check,426.35,0,85.27,78.75
8760-ZRHKE,0,1,1,1,71,1,1,DSL,1,1,0,0,1,0,One year,0,Electronic check,4982.5,0,70.17605634,69.2
1622-HSHSF,0,0,0,0,1,1,0,No,0,0,0,0,0,0,Month-to-month,1,Mailed check,19.55,0,19.55,19.55
8854-CCVSQ,1,0,0,0,18,1,1,Fiber optic,0,1,0,0,0,0,Month-to-month,1,Electronic check,1451.9,1,80.66111111,80.65
6749-UTDVX,1,0,0,0,72,1,1,Fiber optic,0,1,1,0,1,1,Two year,1,Electronic check,7634.8,0,106.0388889,103.65
5542-DHSXL,0,0,1,0,4,1,0,DSL,1,1,0,0,0,0,Month-to-month,0,Mailed check,235.05,0,58.7625,54.7
9102-OXKFY,1,0,0,0,59,1,1,DSL,0,0,1,0,0,0,Two year,0,Credit card (automatic),3116.15,0,52.81610169,54.15
0511-JTEOY,0,0,0,0,1,1,0,Fiber optic,0,0,0,0,0,0,Month-to-month,0,Mailed check,71.1,1,71.1,71.1
5216-WASFJ,0,1,1,0,31,1,1,Fiber optic,0,0,0,0,0,1,Month-to-month,1,Electronic check,2633.4,0,84.9483871,84.85
7808-DVWEP,1,0,1,0,3,1,0,No,0,0,0,0,0,0,Month-to-month,0,Bank transfer (automatic),49.65,0,16.55,20
7067-KSAZT,0,1,1,0,65,1,1,Fiber optic,0,1,1,0,1,1,One year,1,Electronic check,6979.8,1,107.3815385,106.25
2284-VFLKH,1,0,1,0,49,1,0,Fiber optic,0,0,1,1,1,1,One year,1,Credit card (automatic),4920.8,0,100.4244898,99.25
0366-NQSHS,1,0,0,0,2,1,0,No,0,0,0,0,0,0,Month-to-month,0,Mailed check,46.35,0,23.175,19.35
6532-YLWSI,0,0,1,0,53,1,0,No,0,0,0,0,0,0,One year,0,Bank transfer (automatic),1021.8,1,19.27924528,20.8
3807-BPOMJ,0,0,1,0,55,1,0,Fiber optic,1,0,0,0,1,1,One year,1,Electronic check,5276.1,0,95.92909091,94.75
3892-NXAZG,1,0,1,1,72,1,1,Fiber optic,1,1,1,1,1,1,Two year,1,Credit card (automatic),8289.2,0,115.1277778,114.05
4948-WBBKL,0,1,0,0,36,1,1,Fiber optic,0,0,0,0,0,0,Month-to-month,1,Bank transfer (automatic),2659.45,0,73.87361111,74.9
4182-BGSIQ,0,0,1,1,10,1,0,No,0,0,0,0,0,0,Month-to-month,1,Bank transfer (automatic),196.75,0,19.675,19.8
9300-AGZNL,1,1,0,0,1,1,1,Fiber optic,0,0,0,0,1,1,Month-to-month,1,Electronic check,94,1,94,94
0988-AADSA,0,0,1,1,72,1,1,DSL,1,1,1,1,0,1,Two year,0,Bank transfer (automatic),5824.75,0,80.89930556,80.85
9972-NKTFD,0,0,0,0,28,1,0,DSL,0,1,0,1,0,0,Month-to-month,0,Bank transfer (automatic),1517.5,0,54.19642857,54.65
3717-LNXKW,1,0,1,0,38,1,1,Fiber optic,1,0,0,0,1,0,Month-to-month,0,Bank transfer (automatic),3479.05,0,91.55394737,91.7
5734-EJKXG,0,0,0,0,61,1,1,Fiber optic,1,1,1,1,1,1,One year,1,Electronic check,7365.7,0,120.7491803,114.729
2207-RYYRL,1,0,1,1,52,1,1,No,0,0,0,0,0,0,Two year,0,Mailed check,1331.05,0,25.59711538,24.55
6729-FZWSY,1,0,0,0,67,1,0,No,0,0,0,0,0,0,One year,1,Mailed check,1195.95,0,17.85,19.45
9695-IDRZR,0,0,0,1,34,1,1,Fiber optic,1,1,1,1,1,1,Two year,1,Credit card (automatic),3946.9,0,116.0852941,114.729
8144-DGHXP,0,0,0,0,54,1,0,DSL,1,0,1,1,1,1,Two year,0,Electronic check,4299.95,0,79.6287037,80.6
7814-LEEVE,0,0,1,0,1,1,0,No,0,0,0,0,0,0,Month-to-month,1,Bank transfer (automatic),20.3,0,20.3,20.3
1112-CUNAO,0,1,0,0,15,1,1,Fiber optic,0,1,0,0,0,1,Month-to-month,0,Electronic check,1424.95,1,94.99666667,89.85
5175-AOBHI,0,0,0,0,4,1,0,DSL,0,0,0,0,0,0,Month-to-month,1,Mailed check,193.6,1,48.4,46
5174-RNGBH,0,0,0,0,9,1,0,DSL,0,1,0,1,1,0,Month-to-month,0,Mailed check,620.55,1,68.95,66.25
8631-WUXGY,0,0,0,1,46,1,0,Fiber optic,0,1,1,0,1,1,Month-to-month,1,Electronic check,4391.25,0,95.46195652,99.8
7270-BDIOA,0,0,0,0,22,1,1,Fiber optic,0,0,0,1,1,0,Month-to-month,1,Electronic check,1993.8,1,90.62727273,90
9565-JSNFM,1,0,0,0,38,1,0,Fiber optic,0,0,0,0,0,0,One year,1,Bank transfer (automatic),2597.6,1,68.35789474,70.45
5906-DVAPM,0,0,1,1,55,1,1,DSL,1,1,0,1,1,0,One year,1,Credit card (automatic),4213.9,0,76.61636364,75
6654-QGBZZ,0,0,0,0,1,1,0,No,0,0,0,0,0,0,Month-to-month,0,Mailed check,19.9,0,19.9,19.9
8348-JLBUG,1,1,1,0,64,1,0,Fiber optic,1,0,1,0,0,0,One year,0,Credit card (automatic),5017.7,0,78.4015625,80.3
0607-DAAHE,1,0,0,1,53,1,0,No,0,0,0,0,0,0,Two year,0,Bank transfer (automatic),1052.35,1,19.85566038,19.75
5641-DMBFJ,0,0,1,0,58,1,1,DSL,1,0,1,1,1,1,Two year,1,Electronic check,4916.4,0,84.76551724,84.3
9200-NLNPD,1,0,1,0,56,0,0,DSL,0,0,1,1,1,1,One year,1,Bank transfer (automatic),2959.8,0,52.85357143,54.05
2664-XJZNO,1,0,1,1,72,1,0,Fiber optic,1,0,1,1,1,1,Two year,1,Credit card (automatic),7559.55,0,104.99375,104.9
9732-KPKBW,1,0,0,0,1,1,0,DSL,1,0,0,1,0,0,Month-to-month,1,Electronic check,53.95,1,53.95,53.95
3339-EAQNV,1,1,1,0,72,1,1,Fiber optic,0,1,0,0,1,1,One year,1,Credit card (automatic),7133.1,0,99.07083333,97.25
0921-OHLVP,1,0,0,0,22,1,1,Fiber optic,0,0,0,0,0,1,Month-to-month,0,Electronic check,1799.3,0,81.78636364,83.05
3389-YGYAI,0,1,0,0,8,1,1,Fiber optic,0,1,1,0,1,1,Month-to-month,1,Electronic check,829.55,1,103.69375,105.5
9560-ARGQJ,0,0,0,1,16,1,0,Fiber optic,0,0,0,0,1,0,Month-to-month,1,Electronic check,1312.15,1,82.009375,81
8350-NYMVI,0,0,0,0,39,0,0,DSL,0,1,1,1,0,0,Month-to-month,0,Bank transfer (automatic),1597.05,0,40.95,41.1
1600-DILPE,0,0,0,0,12,1,0,DSL,0,0,0,0,0,0,Month-to-month,1,Bank transfer (automatic),524.35,0,43.69583333,45
0536-ESJEP,1,0,1,0,54,1,0,DSL,1,1,0,0,1,1,Two year,1,Bank transfer (automatic),4191.45,0,77.61944444,74.55
4654-GGUII,0,0,0,0,18,0,0,DSL,1,1,0,1,0,0,One year,1,Mailed check,711.95,0,39.55277778,40.2
6478-HRRCZ,1,0,1,0,32,1,0,DSL,1,1,0,1,0,1,One year,0,Mailed check,2201.75,0,68.8046875,70.5
8510-BBWMU,0,0,0,0,41,1,0,No,0,0,0,0,0,0,One year,1,Mailed check,806.95,0,19.68170732,19.75
6857-TKDJV,1,0,1,1,67,1,1,No,0,0,0,0,0,0,Two year,0,Bank transfer (automatic),1620.45,0,24.1858209,24.65
2360-RDGRO,1,0,1,0,65,1,1,Fiber optic,1,0,1,0,1,1,Month-to-month,1,Electronic check,6812.95,0,104.8146154,104.25
0584-BJQGZ,0,0,0,0,25,1,1,DSL,1,1,1,1,1,0,Month-to-month,1,Bank transfer (automatic),1837.9,0,73.516,78.35
5134-IKDAY,0,0,1,1,1,1,0,Fiber optic,0,0,0,0,0,0,Month-to-month,1,Electronic check,69.8,1,69.8,69.8
1360-XFJMR,0,0,1,0,67,1,1,Fiber optic,0,1,1,1,1,1,One year,1,Credit card (automatic),7344.45,0,109.6186567,109.7
3070-DVEYC,1,1,0,0,7,1,1,Fiber optic,0,0,0,0,0,0,Month-to-month,0,Mailed check,545.15,1,77.87857143,73.75
5730-RIITO,0,1,0,0,43,0,0,DSL,1,1,0,0,0,0,Month-to-month,1,Credit card (automatic),1500.25,0,34.88953488,33.45
9058-MJLZC,0,0,0,0,24,1,0,Fiber optic,1,0,0,0,1,1,Month-to-month,1,Electronic check,2283.15,0,95.13125,94.6
5707-ORNDZ,1,1,0,0,9,1,1,DSL,1,0,0,0,0,0,Month-to-month,0,Electronic check,494.05,1,54.89444444,54.55
0902-XKXPN,1,0,1,1,69,1,0,No,0,0,0,0,0,0,Two year,0,Bank transfer (automatic),1376.5,0,19.94927536,20.2
5177-RVZNU,0,0,0,1,37,1,0,No,0,0,0,0,0,0,One year,0,Bank transfer (automatic),755.4,0,20.41621622,20.3
0056-EPFBG,1,0,1,1,20,0,0,DSL,1,0,1,1,0,0,Two year,1,Credit card (automatic),825.4,0,41.27,39.4
8993-IZEUX,1,0,0,0,7,1,0,Fiber optic,0,0,0,0,0,0,Month-to-month,0,Bank transfer (automatic),488.65,0,69.80714286,69.15
8696-JKZNU,0,1,0,0,37,1,1,Fiber optic,0,0,0,0,0,0,Month-to-month,1,Electronic check,2841.55,1,76.79864865,76.25
5380-AFSSK,0,0,0,0,5,1,1,Fiber optic,0,0,0,0,1,1,Month-to-month,1,Mailed check,486.85,1,97.37,93.9
8190-ZTQFB,1,0,0,0,41,0,0,DSL,0,0,1,0,1,1,One year,1,Electronic check,2075.1,0,50.61219512,51.35
0931-MHTEM,0,0,0,0,54,1,0,Fiber optic,1,1,0,0,1,1,One year,1,Credit card (automatic),5299.65,0,98.14166667,100.05
2055-PDADH,0,1,0,0,3,1,0,Fiber optic,0,0,0,0,0,0,Month-to-month,1,Electronic check,204.7,1,68.23333333,70.4
7515-LODFU,1,1,0,0,69,1,0,No,0,0,0,0,0,0,Two year,0,Credit card (automatic),1356.3,0,19.65652174,20.3
0440-UEDAI,0,0,0,0,53,1,0,Fiber optic,0,1,1,1,0,1,One year,1,Credit card (automatic),5042.75,0,95.14622642,94.45
1337-BOZWO,1,0,1,1,18,0,0,DSL,0,1,1,0,1,0,One year,0,Credit card (automatic),812.4,0,45.13333333,46.4
0868-VJRDR,1,0,1,0,64,1,0,Fiber optic,1,1,0,1,1,1,Two year,1,Credit card (automatic),6605.55,0,103.2117188,104.05
8714-EUHJO,0,0,1,1,31,1,1,Fiber optic,0,1,0,0,0,1,Month-to-month,1,Electronic check,2995.45,1,96.62741935,91.15
6344-SFJVH,0,0,0,0,20,0,0,DSL,0,0,0,0,0,0,Month-to-month,0,Credit card (automatic),505.95,0,25.2975,24.9
3950-VPYJB,1,0,1,1,57,1,0,DSL,1,1,0,1,0,0,One year,0,Mailed check,3509.4,0,61.56842105,59.6
8041-TMEID,1,1,1,0,63,1,1,Fiber optic,1,1,1,0,1,1,Two year,0,Credit card (automatic),6991.9,0,110.9825397,108.5
7321-ZNSLA,1,0,1,1,13,0,0,DSL,1,1,0,1,0,0,Two year,0,Mailed check,590.35,0,45.41153846,40.55
6941-KXRRV,0,1,1,0,48,1,0,DSL,0,1,0,0,0,1,One year,1,Bank transfer (automatic),2789.7,0,58.11875,58.95
3721-CNEYS,0,0,0,0,2,1,0,Fiber optic,0,0,0,0,0,0,Month-to-month,1,Electronic check,137.95,1,68.975,70.95
8727-JQFHV,1,0,1,1,57,1,0,No,0,0,0,0,0,0,Two year,0,Mailed check,1123.15,0,19.70438596,20.75
9475-NNDGC,1,0,1,0,71,1,1,Fiber optic,0,1,1,1,1,1,One year,1,Bank transfer (automatic),7953.25,0,112.0176056,113.15
1355-KUSBG,0,0,1,1,7,1,1,DSL,0,0,0,0,0,0,Month-to-month,0,Electronic check,349.8,0,49.97142857,48.8
3688-FTHLT,0,0,0,0,16,1,1,DSL,0,0,0,0,0,1,Month-to-month,1,Bank transfer (automatic),1067.05,0,66.690625,63.05
0899-LIIBW,1,0,1,0,34,1,1,Fiber optic,0,0,1,0,1,1,Month-to-month,0,Electronic check,3527.3,0,103.7441176,100.85
2568-OIADY,0,0,1,0,37,1,1,Fiber optic,0,0,1,0,1,1,Month-to-month,1,Electronic check,3762,1,101.6756757,99.5
1384-RCUXW,1,0,0,0,16,1,1,Fiber optic,0,1,0,0,0,0,Month-to-month,1,Mailed check,1248.9,0,78.05625,80.55
5825-XJOCM,1,0,0,1,48,1,1,DSL,1,1,1,0,0,0,One year,1,Bank transfer (automatic),3035.35,0,63.23645833,64.4
6848-YLDFR,1,0,1,1,58,1,0,DSL,0,1,0,1,1,1,One year,1,Credit card (automatic),4300.8,0,74.15172414,75.2
8125-QPFJD,0,0,1,0,72,1,1,DSL,1,0,1,1,1,1,Two year,1,Bank transfer (automatic),6065.3,0,84.24027778,84.9
2320-YKQBO,0,0,0,0,7,1,0,No,0,0,0,0,0,0,Month-to-month,0,Mailed check,144.95,0,20.70714286,19.3
1193-RTSLK,0,0,0,0,38,1,0,Fiber optic,1,1,1,0,0,0,Month-to-month,1,Credit card (automatic),3233.6,1,85.09473684,83.9
2302-ANTDP,0,1,1,0,48,1,1,Fiber optic,1,1,1,1,1,1,Month-to-month,0,Electronic check,5438.9,1,113.3104167,114.729
5923-GXUOC,1,0,0,0,10,1,0,Fiber optic,1,1,1,0,1,1,Month-to-month,1,Electronic check,1081.45,1,108.145,104.4
4973-RLZVI,0,0,0,0,30,1,0,DSL,1,1,1,1,1,0,One year,0,Credit card (automatic),2308.6,0,76.95333333,74.65
7869-ZYDST,1,0,1,0,31,1,1,DSL,0,0,0,0,1,0,Month-to-month,1,Credit card (automatic),1882.8,0,60.73548387,59.05
4501-UYKBC,0,1,0,0,46,1,1,DSL,0,0,1,1,0,1,One year,1,Credit card (automatic),3255.35,0,70.76847826,69.1
1215-EXRMO,1,0,1,0,50,1,0,No,0,0,0,0,0,0,Two year,0,Mailed check,1067.65,0,21.353,20.55
2305-MRGLV,1,0,1,0,28,1,0,Fiber optic,0,0,0,1,0,0,Month-to-month,0,Bank transfer (automatic),2065.4,0,73.76428571,76.55
8404-VIOMB,0,0,0,0,66,0,0,DSL,1,1,1,1,1,1,Two year,1,Bank transfer (automatic),4136.4,0,62.67272727,62.5
5233-GEEAX,1,1,0,0,8,0,0,DSL,0,0,1,0,0,0,Month-to-month,1,Electronic check,221.9,1,27.7375,29.4
2359-KLTEK,0,0,1,1,41,1,0,Fiber optic,0,0,1,0,1,1,Month-to-month,1,Bank transfer (automatic),3848,0,93.85365854,94.9
5304-EFJLP,1,1,1,0,72,1,1,Fiber optic,0,1,1,1,1,1,Two year,1,Bank transfer (automatic),8022.85,0,111.4284722,111.65
2673-ZALNP,0,0,0,0,7,1,0,No,0,0,0,0,0,0,One year,0,Mailed check,173.15,0,24.73571429,19.9
9184-GALIL,0,0,1,1,38,1,0,No,0,0,0,0,0,0,Month-to-month,0,Mailed check,781.25,0,20.55921053,20.45
4393-RYCRE,1,0,0,0,44,1,0,Fiber optic,1,1,1,0,1,1,One year,1,Electronic check,4510.8,0,102.5181818,106.05
9746-MDMBK,1,0,1,1,47,1,1,Fiber optic,1,1,1,1,1,1,One year,1,Bank transfer (automatic),5317.8,0,113.1446809,113.45
3162-ZJZFU,1,0,1,1,53,1,0,Fiber optic,0,1,0,1,1,0,Month-to-month,1,Electronic check,4779.45,0,90.17830189,92.55
8404-GFGCZ,1,0,1,0,4,1,1,DSL,0,0,1,0,1,0,Month-to-month,0,Electronic check,250.1,0,62.525,65.6
8875-AKBYH,1,1,0,0,20,1,1,Fiber optic,0,0,0,0,1,0,Month-to-month,1,Electronic check,1745.2,0,87.26,84.35
4432-ADRLB,1,0,0,0,2,1,0,DSL,0,0,0,0,0,0,Month-to-month,0,Mailed check,74.9,1,37.45,44.65
0533-UCAAU,1,1,1,0,57,1,1,DSL,0,1,1,0,1,0,One year,1,Credit card (automatic),4140.1,0,72.63333333,71.1
1394-SUIUH,0,1,1,0,44,1,0,Fiber optic,1,1,0,1,0,0,Month-to-month,1,Electronic check,3670.5,0,83.42045455,85.15
3521-MNKLV,1,0,0,0,24,1,0,DSL,0,0,1,0,0,0,Month-to-month,1,Mailed check,1167.8,0,48.65833333,49.7
2533-TIBIX,1,0,1,1,15,0,0,DSL,1,0,0,0,0,0,Month-to-month,1,Bank transfer (automatic),469.65,0,31.31,30.2
8993-PHFWD,0,0,0,0,3,0,0,DSL,0,0,0,0,0,0,Month-to-month,0,Electronic check,58.9,1,19.63333333,25.25
1565-RHDJD,0,0,0,1,4,1,1,Fiber optic,0,1,1,0,0,0,Month-to-month,0,Bank transfer (automatic),333.55,1,83.3875,84.05
7137-RYLPP,1,1,1,0,37,1,1,Fiber optic,0,0,0,0,1,0,Month-to-month,1,Electronic check,3171.15,1,85.70675676,85.7
3765-JXVKY,0,0,0,0,1,1,0,Fiber optic,0,1,0,0,0,0,Month-to-month,1,Electronic check,74.7,1,74.7,74.7
5092-STPKP,0,0,0,0,24,1,0,DSL,1,0,0,1,0,0,Month-to-month,0,Credit card (automatic),1381.2,0,57.55,56.35
7330-WZLNC,0,0,0,0,5,1,1,Fiber optic,0,1,0,0,1,0,Month-to-month,1,Electronic check,455.5,1,91.1,90.8
0114-PEGZZ,0,0,0,0,33,1,1,Fiber optic,0,1,1,0,1,1,Month-to-month,0,Electronic check,3645.5,0,110.469697,107.55
3359-DSRKA,0,0,1,1,58,1,0,No,0,0,0,0,0,0,Two year,1,Mailed check,1158.85,0,19.98017241,19.85
8639-NHQEI,0,0,1,1,72,1,1,Fiber optic,1,1,0,0,1,0,Two year,1,Bank transfer (automatic),6954.15,0,96.58541667,95.9
7161-DFHUF,0,0,1,0,71,1,1,No,0,0,0,0,0,0,Two year,0,Mailed check,1672.1,0,23.55070423,23.85
3957-LXOLK,0,1,0,0,28,1,1,Fiber optic,0,1,1,0,1,1,Month-to-month,1,Electronic check,3152.5,1,112.5892857,106.15
3720-DBRWL,1,0,1,0,51,1,0,DSL,1,1,1,1,1,1,Two year,1,Credit card (automatic),4307.1,0,84.45294118,83.85
6635-MYYYZ,0,0,0,0,30,1,0,DSL,1,1,1,1,1,1,One year,0,Bank transfer (automatic),2530.4,1,84.34666667,85.35
8565-WUXZU,1,1,1,0,72,1,0,Fiber optic,1,1,0,1,0,0,Two year,1,Credit card (automatic),6141.65,0,85.30069444,84.8
5281-BUZGT,1,1,0,0,36,1,1,Fiber optic,1,0,0,0,1,0,Month-to-month,1,Electronic check,3186.7,1,88.51944444,90.85
4994-OBRSZ,1,0,0,1,14,1,0,DSL,1,1,1,1,0,1,Two year,0,Bank transfer (automatic),1054.8,0,75.34285714,76.1
0562-FGDCR,0,0,1,1,72,1,1,DSL,1,1,0,1,1,0,Two year,0,Mailed check,5430.65,0,75.42569444,74.55
2436-QBZFP,0,0,1,1,22,0,0,DSL,0,1,0,0,1,0,Month-to-month,0,Electronic check,849.9,0,38.63181818,39.2
3420-YJLQT,0,0,0,0,2,1,1,Fiber optic,0,1,0,0,0,0,Month-to-month,0,Electronic check,151.75,0,75.875,79.55
6040-CGACY,0,0,0,0,15,1,0,No,0,0,0,0,0,0,Month-to-month,0,Mailed check,299.4,0,19.96,19.6
6582-PLFUU,1,0,1,1,51,1,0,No,0,0,0,0,0,0,Two year,0,Credit card (automatic),1086.75,0,21.30882353,19.55
8242-PDSGJ,1,0,1,0,70,0,0,DSL,1,0,1,1,0,0,Two year,1,Credit card (automatic),2692.75,0,38.46785714,39.15
0264-CNITK,0,0,1,1,71,1,0,No,0,0,0,0,0,0,Two year,0,Bank transfer (automatic),1389.6,0,19.57183099,20.1
0089-IIQKO,0,0,1,1,39,1,1,Fiber optic,0,0,0,1,1,1,Month-to-month,1,Credit card (automatic),3767.4,0,96.6,99.95
7839-NUIAA,0,0,1,1,61,1,1,DSL,1,1,0,0,0,0,Month-to-month,0,Electronic check,3641.5,0,59.69672131,59.8
6075-QMNRR,0,0,0,0,52,1,0,DSL,1,0,0,0,0,0,Month-to-month,1,Bank transfer (automatic),2535.55,0,48.76057692,49.75
5378-IKEEG,0,0,0,0,1,0,0,DSL,0,0,0,0,1,0,Month-to-month,1,Electronic check,35.75,1,35.75,35.75
5966-EMAZU,1,0,1,0,64,1,1,Fiber optic,1,0,1,1,1,1,One year,1,Mailed check,6880.85,0,107.5132813,108.5
0440-EKDCF,1,0,1,0,62,1,0,DSL,0,1,1,1,0,0,Two year,1,Credit card (automatic),3753.2,0,60.53548387,60.15
4774-HHGGS,1,0,1,0,30,1,0,No,0,0,0,0,0,0,Two year,0,Mailed check,637.55,0,21.25166667,19.05
2718-GAXQD,0,1,1,1,4,1,0,DSL,0,0,0,0,0,0,Month-to-month,0,Electronic check,181.6,1,45.4,46
2055-BFOCC,1,1,1,0,63,1,0,DSL,1,1,1,1,1,1,One year,1,Bank transfer (automatic),5329.55,0,84.59603175,84
8180-AKMJV,0,0,0,0,1,1,0,DSL,0,0,0,0,0,0,Month-to-month,1,Credit card (automatic),44.55,0,44.55,44.55
4298-OYIFC,1,0,1,0,15,1,1,Fiber optic,0,0,1,1,1,1,Month-to-month,1,Electronic check,1539.8,0,102.6533333,103.45
5566-SOEZD,1,0,1,1,27,1,0,Fiber optic,1,1,0,0,0,0,One year,1,Credit card (automatic),2209.75,0,81.84259259,80.65
9842-EFSYY,0,0,0,1,4,0,0,DSL,1,1,1,0,1,1,Month-to-month,1,Mailed check,223.75,0,55.9375,57.2
2272-WUSPA,0,0,1,0,72,1,1,Fiber optic,1,1,1,0,1,1,Two year,1,Electronic check,7751.7,0,107.6625,110.75
4584-LBNMK,1,1,1,0,45,1,1,No,0,0,0,0,0,0,One year,0,Credit card (automatic),1174.35,0,26.09666667,24.7
3898-GUYTS,0,1,0,0,45,1,1,Fiber optic,1,1,0,1,1,0,Month-to-month,1,Electronic check,4385.05,0,97.44555556,97.05
0930-EHUZA,0,0,0,0,36,1,0,DSL,1,1,1,1,1,0,One year,1,Mailed check,2606.35,0,72.39861111,76.35
6413-XKKPU,1,0,1,1,17,1,0,Fiber optic,1,0,1,0,1,0,Month-to-month,1,Electronic check,1539.45,1,90.55588235,89.4
9975-SKRNR,1,0,0,0,1,1,0,No,0,0,0,0,0,0,Month-to-month,0,Mailed check,18.9,0,18.9,18.9
3703-KBKZP,1,1,0,0,16,1,1,Fiber optic,0,0,0,0,0,0,Month-to-month,1,Bank transfer (automatic),1261.35,0,78.834375,74.45
1449-XQEMT,1,0,0,0,3,1,0,No,0,0,0,0,0,0,Month-to-month,1,Mailed check,58.15,1,19.38333333,19.8
2626-URJFX,1,0,1,1,4,1,1,DSL,0,0,0,0,0,0,Month-to-month,1,Electronic check,225.6,1,56.4,50.9
4973-MGTON,0,0,1,0,71,1,0,DSL,1,1,1,1,1,1,Two year,1,Credit card (automatic),5969.3,0,84.07464789,84.4
3682-YEUWS,1,0,1,1,10,1,1,No,0,0,0,0,0,0,Month-to-month,1,Mailed check,253.9,0,25.39,24.4
1223-UNPKS,1,0,1,1,20,1,0,No,0,0,0,0,0,0,Two year,0,Mailed check,400,0,20,20.05
2612-RRIDN,1,0,0,0,4,1,0,Fiber optic,0,0,0,0,1,0,Month-to-month,1,Electronic check,340.85,1,85.2125,81
4735-ASGMA,1,0,0,0,26,1,1,Fiber optic,0,0,1,0,1,1,Month-to-month,1,Electronic check,2515.3,1,96.74230769,98.35
3446-QDSZF,0,0,0,0,4,1,0,DSL,0,0,0,0,1,0,Month-to-month,0,Credit card (automatic),227.35,0,56.8375,55.5
3669-LVWZB,1,0,0,0,5,0,0,DSL,0,1,0,0,1,1,Month-to-month,1,Mailed check,305.95,1,61.19,51
6892-EZDTG,0,0,1,0,4,1,1,Fiber optic,0,1,0,0,1,0,Month-to-month,1,Electronic check,365.4,1,91.35,91.65
5117-IFGPS,1,1,1,0,29,1,1,Fiber optic,0,0,0,0,0,1,Month-to-month,1,Electronic check,2357.75,0,81.30172414,84.3
7379-FNIUJ,1,0,0,0,2,1,0,Fiber optic,1,1,0,0,1,1,Month-to-month,0,Electronic check,198.5,0,99.25,100.2
1627-AFWVJ,0,0,0,0,29,1,0,No,0,0,0,0,0,0,Two year,0,Mailed check,554.25,0,19.11206897,19.4
9725-SCPZG,1,0,0,1,1,1,0,Fiber optic,0,0,0,0,1,1,Month-to-month,1,Electronic check,90.85,1,90.85,90.85
5884-GCYMI,1,0,0,0,1,1,0,Fiber optic,0,0,0,0,0,0,Month-to-month,0,Mailed check,69.4,1,69.4,69.4
3217-FZDMN,0,1,0,0,8,1,0,Fiber optic,0,0,1,0,1,1,Month-to-month,1,Credit card (automatic),742.95,1,92.86875,94.45
4486-EFAEB,1,0,0,0,13,1,0,No,0,0,0,0,0,0,Month-to-month,1,Electronic check,251.65,0,19.35769231,20.4
0060-FUALY,0,0,1,0,59,1,1,Fiber optic,1,1,0,0,1,0,Month-to-month,1,Electronic check,5597.65,0,94.87542373,94.75
7853-GVUDZ,0,0,1,1,1,1,0,No,0,0,0,0,0,0,Month-to-month,1,Credit card (automatic),20.15,1,20.15,20.15
7480-QNVZJ,1,1,0,0,50,1,1,Fiber optic,0,0,0,0,1,1,Month-to-month,1,Electronic check,4816.7,1,96.334,95.7
6954-OOYZZ,1,0,1,0,18,1,0,DSL,0,0,0,0,0,0,Month-to-month,1,Bank transfer (automatic),768.05,0,42.66944444,44.35
7088-FBAWU,0,0,1,1,17,1,0,DSL,1,1,0,0,1,1,Month-to-month,0,Mailed check,1215.8,0,71.51764706,74.55
8313-AFGBW,1,0,1,0,47,1,0,DSL,0,1,1,0,1,1,Two year,0,Electronic check,3522.65,0,74.95,73.6
3943-KDREE,0,0,0,0,26,1,1,Fiber optic,0,0,0,0,0,0,Month-to-month,1,Bank transfer (automatic),1834.95,1,70.575,74.95
9239-ZBZZV,0,0,0,0,6,0,0,DSL,0,0,1,0,1,1,Month-to-month,1,Electronic check,305.1,1,50.85,47.95
3097-IDVPU,1,0,1,1,19,1,1,DSL,0,0,0,0,0,0,Month-to-month,0,Credit card (automatic),910.45,0,47.91842105,50.1
4398-HSCJH,0,0,0,0,3,1,1,DSL,0,0,0,1,1,0,Month-to-month,1,Electronic check,155.65,1,51.88333333,63.6
2197-OMWGI,0,1,1,1,68,0,0,DSL,0,1,1,0,1,1,Two year,1,Electronic check,3656.25,0,53.76838235,53
2303-PJYHN,0,0,1,0,2,1,0,No,0,0,0,0,0,0,Month-to-month,0,Bank transfer (automatic),52,0,26,19.85
9795-VOWON,1,0,0,0,7,0,0,DSL,0,0,0,0,0,0,One year,1,Credit card (automatic),150.85,0,21.55,24.35
1237-WIYYZ,0,0,0,0,18,1,0,No,0,0,0,0,0,0,Month-to-month,1,Mailed check,389.25,0,21.625,19.55
1987-AUELQ,0,0,1,0,71,1,1,No,0,0,0,0,0,0,Two year,0,Credit card (automatic),1873.7,0,26.39014085,25.05
7852-LECYP,1,1,1,0,13,1,1,Fiber optic,1,1,0,0,0,1,Month-to-month,0,Credit card (automatic),1261,0,97,93.8
4430-UZIPO,1,0,0,0,3,0,0,DSL,0,1,0,1,0,0,Month-to-month,1,Mailed check,108.7,1,36.23333333,36.85
4822-LPTYJ,1,0,1,0,72,1,1,Fiber optic,0,1,1,0,1,1,Two year,1,Bank transfer (automatic),7346.2,0,102.0305556,103.75
8165-CBKXO,1,0,1,1,66,0,0,DSL,0,1,1,0,1,1,Two year,1,Credit card (automatic),3708.4,0,56.18787879,56.75
6527-PZFPV,1,0,1,1,24,1,0,No,0,0,0,0,0,0,One year,1,Credit card (automatic),469.65,0,19.56875,20.8
4855-SNKMY,0,0,0,0,1,1,0,DSL,0,0,0,0,0,0,Month-to-month,1,Electronic check,44.1,1,44.1,44.1
9593-CVZKR,0,0,1,1,56,1,1,No,0,0,0,0,0,0,Two year,1,Mailed check,1385.85,0,24.74732143,24.45
8595-SIZNC,0,1,1,0,22,1,1,No,0,0,0,0,0,0,One year,0,Bank transfer (automatic),548.8,0,24.94545455,25.6
8008-HAWED,1,0,0,0,14,0,0,DSL,0,0,1,0,1,1,Month-to-month,1,Electronic check,712.75,1,50.91071429,50.75
7124-UGSUR,0,1,1,0,61,1,1,Fiber optic,0,1,1,0,1,1,One year,1,Credit card (automatic),6405,1,105,104.4
1862-SKORY,0,1,1,0,40,0,0,DSL,0,1,0,0,1,0,Month-to-month,1,Electronic check,1637.4,1,40.935,39.3
5236-XMZJY,0,0,0,0,42,1,0,DSL,1,1,1,0,0,0,Month-to-month,0,Bank transfer (automatic),2536.55,0,60.39404762,59.65
4827-DPADN,0,0,1,1,72,1,1,DSL,1,0,1,1,1,1,Two year,1,Bank transfer (automatic),6042.7,0,83.92638889,83.3
2694-CIUMO,0,0,0,0,12,1,1,Fiber optic,0,0,0,1,0,0,Month-to-month,1,Credit card (automatic),958.25,0,79.85416667,79.55
5846-ABOBJ,1,0,1,0,71,1,1,No,0,0,0,0,0,0,Two year,0,Bank transfer (automatic),1730.65,0,24.37535211,24.45
1439-LCGVL,0,0,1,0,26,1,0,No,0,0,0,0,0,0,One year,0,Mailed check,459.6,0,17.67692308,19.2
0909-SDHNU,0,0,0,1,7,0,0,DSL,1,0,0,0,0,0,Month-to-month,0,Mailed check,201.95,0,28.85,29.8
4647-XXZAM,0,0,1,1,6,1,0,DSL,0,0,0,0,0,0,Month-to-month,0,Mailed check,285.2,0,47.53333333,45.5
1502-XFCVR,0,0,0,0,58,1,0,Fiber optic,1,1,1,0,1,1,One year,1,Electronic check,6145.85,1,105.962931,106.45
7740-KKCXF,1,0,1,0,51,0,0,DSL,0,1,0,0,0,0,Month-to-month,1,Credit card (automatic),1529.45,0,29.98921569,30.05
5360-XGYAZ,1,0,1,1,72,0,0,DSL,1,1,1,1,1,1,Two year,1,Bank transfer (automatic),4664.5,0,64.78472222,65.65
9692-TUSXH,0,0,0,0,18,1,0,Fiber optic,1,0,0,0,1,1,Month-to-month,1,Electronic check,1740.7,1,96.70555556,96.05
7912-SYRQT,0,0,0,0,7,1,1,Fiber optic,0,0,0,0,0,0,Month-to-month,1,Bank transfer (automatic),552.95,1,78.99285714,75.1
3557-HTYWR,0,0,0,0,47,1,1,DSL,1,1,0,1,0,1,Two year,0,Mailed check,3496.3,0,74.3893617,74.05
4816-JBHOV,1,1,0,0,2,1,0,DSL,0,0,0,0,0,0,Month-to-month,1,Electronic check,93.7,1,46.85,44.7
8920-NAVAY,1,1,0,0,62,1,1,Fiber optic,0,1,1,1,1,1,One year,1,Bank transfer (automatic),7053.35,0,113.7637097,110.75
1699-TLDLZ,0,0,1,1,16,1,0,No,0,0,0,0,0,0,Two year,0,Mailed check,301.55,0,18.846875,19.7
5600-PDUJF,1,0,0,0,6,1,0,DSL,0,0,0,1,0,0,Month-to-month,1,Credit card (automatic),312.7,0,52.11666667,49.5
8292-TYSPY,1,0,0,0,19,1,0,DSL,0,0,1,1,0,0,Month-to-month,1,Credit card (automatic),1046.5,1,55.07894737,55
0567-XRHCU,0,0,1,1,69,0,0,DSL,1,0,1,0,0,1,Two year,1,Credit card (automatic),2960.1,0,42.9,43.95
1867-BDVFH,1,0,1,1,11,1,1,Fiber optic,0,0,0,0,0,0,Month-to-month,1,Electronic check,834.2,1,75.83636364,74.35
2067-QYTCF,0,0,1,0,64,1,1,Fiber optic,0,1,1,1,1,1,Month-to-month,1,Electronic check,6953.4,0,108.646875,111.15
2359-QWQUL,0,0,1,0,39,1,0,Fiber optic,1,0,1,1,1,1,One year,1,Credit card (automatic),4134.85,1,106.0217949,104.7
9103-TCIHJ,0,0,0,0,15,1,1,DSL,1,0,0,0,0,0,Month-to-month,1,Mailed check,899.8,1,59.98666667,55.7
7407-SUJIZ,1,0,0,0,25,1,0,No,0,0,0,0,0,0,Month-to-month,0,Mailed check,541.5,0,21.66,20.6
9150-KPBJQ,0,0,0,0,6,1,0,No,0,0,0,0,0,0,Two year,0,Credit card (automatic),116.85,0,19.475,19.65
0052-DCKON,1,0,1,0,66,1,1,Fiber optic,1,1,1,1,1,1,One year,0,Bank transfer (automatic),7942.15,0,120.3356061,114.729
3654-ARMGP,0,0,0,0,61,1,1,DSL,0,1,1,1,1,1,Two year,0,Credit card (automatic),5321.25,0,87.23360656,88.65
9699-UBQFS,0,1,1,0,43,1,1,Fiber optic,1,1,0,0,1,0,Month-to-month,1,Electronic check,4156.8,0,96.66976744,94.5
9367-TCUYN,0,0,0,0,12,1,0,No,0,0,0,0,0,0,Month-to-month,0,Mailed check,223.6,0,18.63333333,20.1
1261-FWTTE,1,1,0,0,23,0,0,DSL,0,0,0,0,0,1,Month-to-month,1,Bank transfer (automatic),768.45,0,33.41086957,34.65
3528-HFRIQ,1,1,1,0,71,0,0,DSL,0,1,1,0,1,1,Month-to-month,1,Bank transfer (automatic),3765.05,0,53.02887324,52.3
0708-SJDIS,0,0,0,0,34,1,1,DSL,0,0,0,1,1,0,Month-to-month,0,Mailed check,2157.5,0,63.45588235,65
4140-WJAWW,0,0,0,0,5,1,0,No,0,0,0,0,0,0,Month-to-month,0,Credit card (automatic),108.05,1,21.61,19.85
2073-QBVBI,0,0,1,0,41,0,0,DSL,0,1,0,1,0,0,One year,0,Mailed check,1391.65,0,33.94268293,35.45
6928-ONTRW,0,0,1,1,72,1,0,No,0,0,0,0,0,0,Two year,0,Credit card (automatic),1379.8,0,19.16388889,19.7
3320-VEOYC,1,1,0,0,14,1,1,Fiber optic,0,0,0,0,1,1,Month-to-month,1,Electronic check,1273.3,0,90.95,95.6
5231-FIQPA,0,0,0,0,41,1,0,No,0,0,0,0,0,0,Two year,1,Mailed check,810.45,0,19.76707317,19.85
6617-WLBQC,0,0,1,1,23,1,1,Fiber optic,1,0,0,0,0,0,One year,0,Credit card (automatic),1810.85,0,78.7326087,81.85
2599-CIPQE,1,0,1,1,71,1,0,Fiber optic,1,1,1,1,1,1,Two year,0,Credit card (automatic),7782.85,0,109.6176056,109.3
6653-CBBOM,0,0,0,0,1,1,0,Fiber optic,0,0,0,0,0,0,Month-to-month,1,Electronic check,70.3,1,70.3,70.3
8774-GSBUN,1,0,1,0,72,1,1,No,0,0,0,0,0,0,Two year,0,Mailed check,1797.1,0,24.95972222,25.4
7326-RIGQZ,1,0,1,1,6,1,0,Fiber optic,0,0,0,0,0,0,Month-to-month,1,Electronic check,377.85,0,62.975,69.8
1401-FTHFQ,1,0,1,1,23,1,0,No,0,0,0,0,0,0,One year,1,Credit card (automatic),445.3,0,19.36086957,20
3247-ZVOUO,1,1,1,0,10,1,1,Fiber optic,0,0,0,0,0,1,Month-to-month,0,Electronic check,851.75,1,85.175,85.55
0254-FNMCI,0,0,0,0,72,1,0,Fiber optic,1,1,1,1,1,1,Two year,1,Electronic check,7624.2,0,105.8916667,109.9
1848-LBZHY,0,0,1,0,7,1,0,DSL,1,0,0,0,0,0,Month-to-month,1,Bank transfer (automatic),355.1,0,50.72857143,50.3
6101-IMRMM,1,0,0,1,6,1,0,Fiber optic,0,0,1,0,1,1,Month-to-month,0,Mailed check,575.45,1,95.90833333,94.5
8118-TJAFG,1,0,1,1,9,1,0,Fiber optic,0,1,0,1,1,1,Month-to-month,1,Electronic check,906.85,0,100.7611111,101.5
5429-LWCMV,0,0,0,0,12,1,1,Fiber optic,0,1,0,0,0,1,Month-to-month,1,Electronic check,1057.55,0,88.12916667,89.15
7298-IZWLY,0,0,0,0,1,1,0,No,0,0,0,0,0,0,Month-to-month,1,Mailed check,19.4,0,19.4,19.4
9758-MFWGD,0,1,1,1,48,0,0,DSL,0,1,0,0,0,0,One year,0,Bank transfer (automatic),1388.75,0,28.93229167,29.9
3955-JBZZM,1,0,0,0,20,1,0,Fiber optic,0,0,0,0,1,0,Month-to-month,0,Electronic check,1641.3,0,82.065,78.8
1268-ASBGA,0,1,1,0,16,1,1,Fiber optic,0,0,0,0,0,1,Month-to-month,1,Credit card (automatic),1375.15,1,85.946875,85.35
8943-URTMR,0,0,0,0,2,1,0,Fiber optic,0,0,0,0,1,0,Month-to-month,1,Mailed check,152.7,1,76.35,79.65
4815-TUMEQ,0,0,0,0,10,1,0,No,0,0,0,0,0,0,One year,1,Mailed check,185.2,0,18.52,19.3
4713-LZDRV,0,1,0,0,2,1,0,Fiber optic,0,0,0,0,0,1,Month-to-month,1,Electronic check,195.05,1,97.525,79.6
9909-IDLEK,1,0,1,1,20,1,1,Fiber optic,0,1,0,1,1,0,Month-to-month,0,Mailed check,1826.7,0,91.335,96.8
4092-OFQZS,1,0,1,0,20,1,0,No,0,0,0,0,0,0,One year,0,Mailed check,417.5,0,20.875,20.65
1561-BWHIN,1,0,1,1,19,1,0,No,0,0,0,0,0,0,One year,0,Mailed check,344.5,0,18.13157895,19.8
4325-NFSKC,1,1,0,0,19,1,1,Fiber optic,1,0,0,0,1,0,Month-to-month,1,Electronic check,1660,1,87.36842105,90.6
9927-DSWDF,1,0,1,0,22,1,0,Fiber optic,1,1,0,1,1,1,Month-to-month,1,Electronic check,2180.55,0,99.11590909,104.6
9500-LTVBP,0,0,0,0,35,1,1,Fiber optic,0,0,0,1,0,0,Month-to-month,0,Credit card (automatic),2835.9,0,81.02571429,80.05
7252-NTGSS,0,0,0,0,1,1,0,DSL,0,0,0,0,0,0,Month-to-month,0,Mailed check,45.15,0,45.15,45.15
8149-AIQCG,1,0,0,0,39,1,1,Fiber optic,0,0,0,0,0,0,Month-to-month,1,Credit card (automatic),2730.85,0,70.02179487,73.15
1360-JYXKQ,0,1,1,0,54,1,0,Fiber optic,0,0,1,1,1,1,One year,1,Electronic check,5437.1,0,100.687037,99.1
2955-PSXOE,0,0,0,0,1,1,0,No,0,0,0,0,0,0,Month-to-month,1,Bank transfer (automatic),20.2,1,20.2,20.2
7762-URZQH,1,0,1,0,66,1,1,Fiber optic,1,0,1,0,1,1,Two year,1,Credit card (automatic),6981.35,1,105.7780303,106.05
0899-WZRSD,1,0,0,0,56,1,1,Fiber optic,1,0,0,1,1,1,Month-to-month,1,Mailed check,5794.45,0,103.4723214,105.35
3255-GRXMG,1,0,0,1,18,1,0,DSL,0,0,0,0,0,0,Month-to-month,1,Credit card (automatic),747.2,0,41.51111111,45.65
4828-FAZPK,0,0,1,1,16,1,1,Fiber optic,0,1,0,0,0,0,Month-to-month,1,Credit card (automatic),1267.95,0,79.246875,79.95
6094-ZIVKX,0,0,0,0,68,1,0,DSL,1,0,1,0,0,0,One year,1,Credit card (automatic),3674.95,0,54.04338235,54.45
6925-BAYGL,0,1,1,0,53,1,1,No,0,0,0,0,0,0,Two year,0,Credit card (automatic),1275.6,0,24.06792453,25.1
3262-EIDHV,0,0,1,1,72,1,1,DSL,1,0,1,1,1,1,Two year,0,Credit card (automatic),5893.9,0,81.85972222,84.7
7354-OIJLX,1,0,0,0,9,1,1,Fiber optic,0,0,0,0,0,0,Month-to-month,1,Electronic check,724.65,0,80.51666667,75.85
1376-HHBDV,0,0,0,0,30,1,0,DSL,1,0,0,0,0,0,Month-to-month,1,Mailed check,1536.75,0,51.225,48.8
6907-NZZIJ,0,0,0,0,36,1,1,Fiber optic,0,1,0,0,1,1,Month-to-month,1,Electronic check,3615.6,1,100.4333333,99.15
6133-OZILE,0,0,0,0,18,0,0,DSL,0,0,1,1,0,0,Month-to-month,1,Electronic check,607.3,0,33.73888889,35.2
4135-FRWKJ,0,1,1,1,55,1,1,DSL,1,0,1,1,1,0,One year,0,Electronic check,4154.55,0,75.53727273,76.25
2911-UREFD,0,0,1,0,39,0,0,DSL,1,0,1,0,1,1,Month-to-month,0,Electronic check,2184.35,1,56.00897436,55.9
3744-ZRRDZ,1,0,0,0,21,1,1,Fiber optic,0,1,0,0,0,0,Month-to-month,1,Electronic check,1852.85,1,88.23095238,82.35
5673-TIYIB,1,0,0,0,2,0,0,DSL,0,1,1,1,0,0,Month-to-month,1,Credit card (automatic),77.15,1,38.575,40.4
6551-ZCOTS,1,1,0,0,33,1,1,No,0,0,0,0,0,0,One year,1,Bank transfer (automatic),847.8,0,25.69090909,24.9
7191-ADRGF,1,0,1,0,44,0,0,DSL,0,1,1,0,1,1,Two year,0,Bank transfer (automatic),2390.45,0,54.32840909,54.3
5018-LXQQG,0,0,1,1,30,1,0,DSL,1,0,0,1,0,1,Month-to-month,0,Bank transfer (automatic),1923.5,0,64.11666667,66.3
6892-BOGQE,0,0,1,0,71,1,0,No,0,0,0,0,0,0,Two year,1,Bank transfer (automatic),1493.2,0,21.03098592,20.9
1602-IJQQE,0,0,0,0,4,1,1,Fiber optic,0,0,0,0,0,0,Month-to-month,0,Electronic check,338.1,1,84.525,75.35
4628-WQCQQ,1,0,0,1,35,1,0,Fiber optic,0,0,1,0,1,0,One year,1,Electronic check,3030.6,1,86.58857143,85.15
1746-TGTWV,1,0,1,0,1,1,0,Fiber optic,0,0,1,0,0,0,Month-to-month,0,Credit card (automatic),75.35,0,75.35,75.35
5995-SNNEW,1,1,1,0,23,1,1,Fiber optic,0,1,1,0,1,1,Month-to-month,1,Electronic check,2184.85,0,94.99347826,104.45
8050-WYBND,0,0,0,1,22,0,0,DSL,0,0,1,0,1,1,One year,1,Credit card (automatic),1031.4,0,46.88181818,49.45
2821-WARNZ,0,0,0,1,49,1,0,No,0,0,0,0,0,0,One year,0,Credit card (automatic),921.3,0,18.80204082,19.45
4879-GZLFH,0,0,1,1,42,1,0,Fiber optic,0,0,1,0,1,1,Month-to-month,1,Electronic check,3875.4,0,92.27142857,92.15
1644-IRKSF,0,0,1,1,33,1,0,Fiber optic,0,0,1,0,1,1,One year,1,Electronic check,3124.5,1,94.68181818,93.8
8314-HTWVE,0,0,1,1,7,1,0,No,0,0,0,0,0,0,Two year,0,Mailed check,144.15,0,20.59285714,19.85
9402-ROUMJ,0,0,1,1,67,1,1,Fiber optic,1,0,1,1,0,1,One year,1,Bank transfer (automatic),6689,0,99.8358209,100.25
2507-QZPQS,1,0,0,0,15,1,1,Fiber optic,0,1,0,1,0,1,Month-to-month,0,Electronic check,1451.1,0,96.74,95.7
7159-NOKYQ,1,0,1,0,67,1,1,Fiber optic,0,1,1,0,0,1,Two year,1,Electronic check,6368.2,0,95.04776119,93.15
5707-ZMDJP,1,0,1,1,53,1,0,DSL,1,1,0,1,1,0,Two year,1,Mailed check,3729.6,0,70.36981132,69.7
8779-YIQQA,1,0,1,1,21,1,0,No,0,0,0,0,0,0,One year,0,Mailed check,350.1,0,16.67142857,19.8
7136-IHZJA,0,0,1,1,40,1,0,DSL,1,1,0,1,0,1,Month-to-month,1,Mailed check,2847.2,0,71.18,71.35
8966-OIQHG,0,0,1,1,22,1,0,No,0,0,0,0,0,0,One year,0,Bank transfer (automatic),452.35,0,20.56136364,20.75
7074-STDCN,1,0,0,0,39,0,0,DSL,0,0,0,1,0,1,Month-to-month,1,Electronic check,1494.5,0,38.32051282,40.6
3705-PSNGL,1,0,0,0,45,1,0,No,0,0,0,0,0,0,One year,1,Electronic check,930.45,1,20.67666667,20.4
8739-QOTTN,0,0,1,0,2,1,0,No,0,0,0,0,0,0,Month-to-month,0,Mailed check,41.85,0,20.925,20.35
1399-OUPJN,0,0,1,1,57,1,0,No,0,0,0,0,0,0,Two year,0,Bank transfer (automatic),1272.05,0,22.31666667,19.75
0277-BKSQP,1,0,1,1,8,1,0,DSL,0,0,0,0,1,0,Month-to-month,1,Electronic check,475.1,0,59.3875,54.4
6502-HCJTI,1,1,1,0,7,1,1,Fiber optic,1,1,0,0,0,1,Month-to-month,1,Credit card (automatic),673.1,1,96.15714286,94.7
2606-RMDHZ,1,0,0,0,6,0,0,DSL,0,1,0,0,0,0,Month-to-month,1,Credit card (automatic),208.7,1,34.78333333,30.5
5774-XZTQC,0,0,1,1,7,1,0,No,0,0,0,0,0,0,Month-to-month,0,Mailed check,150.75,0,21.53571429,20.45
2676-SSLTO,1,0,0,0,49,1,1,DSL,0,0,0,1,1,0,Two year,1,Bank transfer (automatic),3199,0,65.28571429,66.15
6266-QHOJZ,0,0,0,0,65,1,1,Fiber optic,1,1,0,1,0,0,One year,1,Electronic check,5844.65,0,89.91769231,89.85
7269-JISCY,0,0,0,0,55,1,0,DSL,0,0,0,0,0,0,One year,0,Bank transfer (automatic),2462.6,0,44.77454545,45.05
0363-SVHYR,1,0,1,1,71,1,1,DSL,1,1,1,1,1,1,Two year,0,Bank transfer (automatic),6263.8,0,88.22253521,86.85
8547-NSBBO,1,0,0,0,35,1,1,Fiber optic,1,1,1,1,0,0,Month-to-month,1,Mailed check,3403.4,0,97.24,96.75
8258-GSTJK,1,1,0,0,3,1,1,Fiber optic,0,0,0,0,0,0,Month-to-month,1,Electronic check,237.75,1,79.25,77
6861-OKBCE,0,0,0,1,11,1,0,No,0,0,0,0,0,0,Month-to-month,0,Credit card (automatic),221.35,1,20.12272727,20.1
9940-RHLFB,0,0,0,0,1,1,0,Fiber optic,0,0,1,0,0,0,Month-to-month,0,Electronic check,75.3,1,75.3,75.3
6591-QGOYB,1,0,0,0,17,1,1,Fiber optic,1,1,1,1,1,0,Month-to-month,1,Bank transfer (automatic),1672.1,0,98.35882353,106.65
9070-BCKQP,0,0,1,0,72,1,1,Fiber optic,1,0,1,1,1,1,Two year,1,Credit card (automatic),7881.2,0,109.4611111,110.15
6421-SZVEM,0,0,1,1,28,1,0,Fiber optic,1,0,0,0,0,1,One year,1,Bank transfer (automatic),2320.8,0,82.88571429,82.85
1328-EUZHC,0,0,1,0,18,1,0,No,0,0,0,0,0,0,Two year,0,Mailed check,370.5,0,20.58333333,20.1
2995-UPRYS,0,1,1,0,40,1,0,Fiber optic,0,1,0,1,1,1,One year,1,Credit card (automatic),4062.2,1,101.555,99.2
8878-RYUKI,0,0,0,0,52,1,0,DSL,0,0,1,0,0,1,Month-to-month,1,Electronic check,3043.7,0,58.53269231,59.45
9633-DENPU,0,0,1,0,47,1,0,DSL,0,1,0,0,1,0,Month-to-month,1,Bank transfer (automatic),2723.4,0,57.94468085,58.6
7811-JIVPF,0,0,0,0,23,1,0,DSL,0,0,1,0,0,0,Month-to-month,0,Credit card (automatic),1081.25,0,47.01086957,49.7
7113-HIPFI,1,0,1,1,66,1,0,DSL,1,1,1,1,0,0,Two year,0,Mailed check,4097.05,0,62.07651515,65.85
8541-QVFKM,0,0,0,0,8,1,1,Fiber optic,0,0,0,0,0,0,Month-to-month,1,Electronic check,632.2,0,79.025,73.5
6686-YPGHK,1,1,0,0,47,1,0,Fiber optic,1,0,0,0,0,1,Month-to-month,0,Mailed check,4042.3,1,86.00638298,85.5
1383-EZRWL,0,0,0,0,7,1,0,No,0,0,0,0,0,0,Month-to-month,0,Mailed check,164.85,1,23.55,20.05
9258-CNWAC,0,0,1,1,71,1,1,Fiber optic,1,1,1,1,1,1,Two year,0,Credit card (automatic),8166.8,0,115.0253521,113.65
5371-VYLSX,0,1,0,0,50,1,1,Fiber optic,1,1,0,0,0,0,Month-to-month,1,Electronic check,4113.7,0,82.274,83.4
6374-AFWOX,1,0,1,0,46,1,0,DSL,1,1,1,1,0,0,Two year,0,Mailed check,3047.15,0,66.2423913,65.65
4759-TRPLW,1,0,0,0,1,1,0,Fiber optic,0,0,0,0,0,0,Month-to-month,0,Electronic check,70.4,1,70.4,70.4
5317-FLPJF,0,0,0,0,66,0,0,DSL,1,0,1,1,1,1,Two year,1,Bank transfer (automatic),4193.4,0,63.53636364,61.35
7621-VPNET,0,0,1,0,42,1,1,Fiber optic,0,0,1,1,0,0,Month-to-month,1,Credit card (automatic),3729.75,0,88.80357143,85.9
6034-YMTOB,0,0,0,0,5,1,0,Fiber optic,0,0,0,1,0,0,Month-to-month,1,Mailed check,399.45,0,79.89,75.65
8563-IIOXK,1,0,1,1,7,1,0,DSL,1,0,0,0,0,0,One year,1,Electronic check,331.3,1,47.32857143,49.75
4903-CNOZC,1,0,0,0,29,1,1,DSL,0,1,1,0,0,1,One year,0,Credit card (automatic),1964.6,0,67.74482759,70.9
4353-HYOJD,0,0,1,1,27,1,0,DSL,0,1,0,0,0,0,Month-to-month,0,Mailed check,1336.15,0,49.48703704,49.85
8020-BWHYL,0,1,0,0,15,1,0,Fiber optic,0,1,0,0,0,0,Month-to-month,1,Credit card (automatic),1147.45,1,76.49666667,75.3
7267-FRMJW,0,0,1,1,25,1,0,No,0,0,0,0,0,0,Two year,0,Mailed check,486.05,0,19.442,20.1
2982-VPSGI,0,0,1,0,11,1,1,Fiber optic,0,0,0,0,1,1,Month-to-month,1,Electronic check,1078.9,1,98.08181818,94
4188-FRABG,1,0,1,0,57,1,1,Fiber optic,1,1,1,1,1,0,Month-to-month,1,Electronic check,5925.75,0,103.9605263,103.05
8199-ZLLSA,1,0,0,0,67,1,1,Fiber optic,1,1,1,1,1,1,One year,1,Bank transfer (automatic),7804.15,1,116.4798507,114.729
4128-ETESU,0,1,1,0,47,1,1,Fiber optic,0,0,1,0,1,1,Month-to-month,0,Electronic check,4747.2,0,101.0042553,99.7
0620-DLSLK,0,0,0,0,13,1,0,Fiber optic,0,0,0,0,1,0,Month-to-month,1,Mailed check,1028.9,0,79.14615385,81.9
4625-EWPTF,1,0,0,0,8,0,0,DSL,1,0,0,0,0,0,Month-to-month,1,Electronic check,226.45,1,28.30625,30.45
5980-NOPLP,0,0,1,0,44,1,1,Fiber optic,0,0,0,0,1,1,Month-to-month,1,Electronic check,4364.1,1,99.18409091,96.1
3850-OKINF,1,0,1,1,71,1,1,DSL,1,0,0,0,1,0,One year,1,Electronic check,4692.55,0,66.09225352,66.2
6892-XPFPU,1,1,1,0,24,1,1,Fiber optic,0,1,1,0,1,1,Month-to-month,1,Electronic check,2433.9,1,101.4125,104.25
8010-EZLOU,1,1,0,0,15,1,1,Fiber optic,0,1,0,0,0,0,Month-to-month,1,Electronic check,1217.25,1,81.15,80.2
1156-ZFYDO,0,0,0,0,1,1,0,No,0,0,0,0,0,0,Month-to-month,0,Electronic check,19.75,0,19.75,19.75
3295-YVUSR,1,1,0,0,2,1,1,Fiber optic,0,0,0,0,0,0,Month-to-month,1,Mailed check,154.3,0,77.15,72.6
8016-NCFVO,1,1,0,0,55,1,1,Fiber optic,1,1,1,1,1,1,Month-to-month,1,Electronic check,6382.55,0,116.0463636,114.729
4119-ZYPZY,1,1,0,0,71,1,1,Fiber optic,0,1,0,1,1,1,Two year,1,Electronic check,7623.2,0,107.3690141,106.8
5549-ZGHFB,1,0,1,1,50,1,1,No,0,0,0,0,0,0,Two year,0,Mailed check,1261.45,0,25.229,24.95
7577-SWIFR,1,0,0,0,1,1,0,Fiber optic,0,0,0,0,1,1,Month-to-month,1,Electronic check,89.25,0,89.25,89.25
0303-WMMRN,1,0,0,0,5,1,0,No,0,0,0,0,0,0,Month-to-month,1,Mailed check,86.05,0,17.21,19.25
6408-OTUBZ,0,0,0,0,66,1,1,Fiber optic,1,1,1,1,1,0,One year,1,Bank transfer (automatic),6779.05,0,102.7128788,104.55
5204-HMGYF,0,0,1,1,49,1,0,DSL,1,1,1,1,1,1,One year,1,Mailed check,4345,0,88.67346939,87.2
1078-TDCRN,0,1,1,0,3,0,0,DSL,0,1,0,0,0,0,Month-to-month,1,Electronic check,82.85,0,27.61666667,30.75
3727-OVPRY,1,0,1,1,66,1,1,No,0,0,0,0,0,0,One year,1,Credit card (automatic),1714.55,0,25.9780303,25.7
3797-FKOGQ,1,0,0,1,11,1,1,Fiber optic,0,0,0,0,0,1,Month-to-month,0,Electronic check,893.2,0,81.2,86.2
7622-NXQZR,1,0,0,0,28,0,0,DSL,0,0,0,1,0,0,Month-to-month,1,Credit card (automatic),810.85,0,28.95892857,30.1
6196-HBOBZ,1,0,1,0,65,1,1,Fiber optic,1,1,1,0,1,0,Two year,1,Electronic check,6347.55,0,97.65461538,99.35
3970-XGJDU,0,0,0,0,62,1,0,No,0,0,0,0,0,0,Two year,1,Credit card (automatic),1123.65,0,18.1233871,19.2
7017-VFULY,0,0,1,0,2,1,0,No,0,0,0,0,0,0,Month-to-month,0,Bank transfer (automatic),43.15,0,21.575,20.1
5562-YJQGT,0,0,0,0,2,1,0,No,0,0,0,0,0,0,Month-to-month,0,Credit card (automatic),35.1,0,17.55,20.35
8807-OPMBM,0,0,1,1,55,1,1,No,0,0,0,0,0,0,Two year,1,Credit card (automatic),1388,0,25.23636364,25.65
5439-WIKXB,1,1,1,0,41,1,0,Fiber optic,0,1,0,0,1,1,Month-to-month,1,Electronic check,3851.45,0,93.93780488,94.55
9874-QLCLH,0,0,1,1,17,1,1,Fiber optic,1,0,1,0,1,1,Month-to-month,1,Electronic check,1743.5,1,102.5588235,104.2
8294-UIMBA,0,0,0,0,30,1,0,Fiber optic,0,0,0,1,1,1,One year,1,Bank transfer (automatic),2638.1,0,87.93666667,94.4
8109-YUOHE,1,0,0,0,17,1,0,DSL,1,1,0,0,0,0,One year,0,Mailed check,946.95,0,55.70294118,56.1
5840-NVDCG,0,0,1,1,16,1,0,DSL,1,1,0,1,0,1,Two year,0,Bank transfer (automatic),1114.85,0,69.678125,68.25
8092-NLTGF,1,0,0,0,72,1,1,No,0,0,0,0,0,0,Two year,0,Bank transfer (automatic),1777.6,0,24.68888889,24.75
5928-QLDHB,1,0,0,0,9,1,1,Fiber optic,0,0,0,0,0,0,Month-to-month,1,Electronic check,684.85,0,76.09444444,76.25
9840-EFJQB,0,0,0,0,1,1,0,Fiber optic,0,1,0,0,0,0,Month-to-month,0,Electronic check,74.35,0,74.35,74.35
0696-UKTOX,1,0,0,1,23,1,0,DSL,0,1,0,1,0,0,Month-to-month,0,Electronic check,1312.45,0,57.06304348,54.15
4801-KFYKL,1,0,0,1,8,1,0,No,0,0,0,0,0,0,Month-to-month,0,Bank transfer (automatic),159.2,0,19.9,19.45
3472-OAOOR,1,0,1,1,19,0,0,DSL,1,1,0,0,0,0,Month-to-month,1,Mailed check,610.2,0,32.11578947,34.95
6135-OZQVA,0,0,0,0,7,1,1,DSL,1,0,0,0,0,0,Month-to-month,1,Electronic check,404.35,0,57.76428571,53.65
8062-YBDOE,1,1,0,0,1,1,0,Fiber optic,0,0,0,0,0,0,Month-to-month,1,Electronic check,69.65,1,69.65,69.65
2252-JHJGE,1,0,0,0,61,1,1,Fiber optic,1,0,1,0,1,1,One year,0,Electronic check,6363.45,0,104.3188525,104
4188-PCPIG,0,0,1,0,57,1,0,DSL,1,1,0,1,1,0,Two year,1,Credit card (automatic),4124.65,0,72.3622807,70.35
6000-APYLU,1,0,0,0,9,1,0,Fiber optic,0,0,0,0,0,1,Month-to-month,1,Electronic check,713.1,1,79.23333333,80.8
7105-BENQF,1,0,0,1,15,1,0,DSL,1,0,1,0,0,1,One year,0,Mailed check,950.75,0,63.38333333,64.85
7721-DVEKZ,0,0,0,0,1,1,0,No,0,0,0,0,0,0,Month-to-month,0,Mailed check,19.65,0,19.65,19.65
3566-VVORZ,0,0,1,0,12,1,0,DSL,0,0,0,0,0,0,Month-to-month,0,Bank transfer (automatic),505.95,0,42.1625,45.9
9507-HSMMZ,1,0,0,0,54,1,0,No,0,0,0,0,0,0,Two year,0,Mailed check,1149.65,0,21.28981481,20
2480-SQIOB,1,0,1,1,4,1,0,DSL,0,0,0,0,0,0,Month-to-month,0,Electronic check,169.65,0,42.4125,44.8
0947-IDHRQ,0,0,0,0,7,1,0,Fiber optic,0,0,0,0,1,0,Month-to-month,1,Mailed check,526.7,1,75.24285714,80.3
7813-TKCVO,0,0,1,0,20,1,0,No,0,0,0,0,0,0,One year,0,Mailed check,393.15,0,19.6575,20.35
0128-MKWSG,0,0,0,1,26,0,0,DSL,1,0,0,1,0,1,Month-to-month,0,Mailed check,1147,0,44.11538462,45.8
3672-YITQD,1,1,1,0,36,1,1,Fiber optic,0,0,0,0,0,1,Month-to-month,1,Electronic check,3021.6,1,83.93333333,84.1
4350-ZTLPI,0,0,1,0,53,1,1,Fiber optic,0,1,1,1,1,1,One year,1,Bank transfer (automatic),5718.2,0,107.890566,108.95
9048-JVYVF,1,0,0,0,3,1,0,DSL,0,0,0,1,1,1,Month-to-month,1,Electronic check,191.35,1,63.78333333,69.35
0361-HJRDX,0,0,0,0,68,0,0,DSL,1,1,1,1,1,1,Two year,0,Credit card (automatic),4539.6,0,66.75882353,64.35
5727-MYATE,1,0,1,1,72,1,1,DSL,1,1,1,1,1,1,Two year,1,Credit card (automatic),6397.6,0,88.85555556,90.8
3823-KYNQY,1,0,0,0,12,1,1,No,0,0,0,0,0,0,One year,0,Credit card (automatic),280.4,0,23.36666667,24.95
8988-ECPJR,0,1,1,1,34,1,1,Fiber optic,0,1,0,0,0,0,Month-to-month,1,Mailed check,2718.3,1,79.95,79.6
7570-WELNY,0,0,1,0,68,1,1,Fiber optic,1,1,0,0,0,0,Two year,1,Bank transfer (automatic),5711.05,0,83.98602941,84.7
3021-VLNRJ,0,0,0,1,50,1,0,DSL,1,0,1,1,1,0,One year,1,Credit card (automatic),3478.15,0,69.563,70.8
3776-EKTKM,0,1,0,0,1,0,0,DSL,0,0,0,0,1,0,Month-to-month,1,Electronic check,36.45,1,36.45,36.45
2080-CAZNM,0,1,0,0,41,1,1,Fiber optic,0,1,1,0,1,1,Month-to-month,1,Electronic check,4133.95,0,100.8280488,104.4
1028-FFNJK,1,1,1,0,30,1,1,Fiber optic,0,0,0,1,1,1,Month-to-month,1,Electronic check,2917.65,0,97.255,101.5
6907-FLBER,1,0,0,0,1,1,1,DSL,0,1,0,0,0,0,Month-to-month,0,Electronic check,54.3,0,54.3,54.3
3001-UNBTL,1,1,1,1,29,1,1,Fiber optic,0,0,1,0,1,1,Month-to-month,1,Electronic check,2964.8,0,102.2344828,103.95
5982-PSMKW,0,0,1,1,23,1,1,DSL,1,1,1,1,1,1,Two year,1,Credit card (automatic),2198.3,0,95.57826087,91.1
3507-GASNP,1,0,0,1,60,1,0,No,0,0,0,0,0,0,Two year,0,Mailed check,1189.9,0,19.83166667,19.95
7096-ZNBZI,0,0,1,0,72,1,1,No,0,0,0,0,0,0,Two year,0,Credit card (automatic),1914.5,0,26.59027778,26.45
1902-XBTFB,1,0,0,1,22,1,0,Fiber optic,0,1,1,0,1,0,Month-to-month,1,Electronic check,2001.5,1,90.97727273,89.4
1676-MQAOA,1,0,0,0,72,1,0,DSL,1,1,1,1,1,0,Two year,1,Bank transfer (automatic),5336.35,0,74.11597222,75.1
0786-IVLAW,0,1,0,0,66,1,1,Fiber optic,0,1,1,0,1,1,One year,0,Bank transfer (automatic),7238.6,0,109.6757576,108.1
7566-DSRLQ,0,0,1,0,72,1,1,Fiber optic,0,1,1,1,1,1,Two year,1,Electronic check,7998.8,0,111.0944444,110.15
0643-OKLRP,0,1,1,0,47,1,1,Fiber optic,1,0,0,0,0,0,Month-to-month,0,Electronic check,3825.85,1,81.40106383,80.35
7245-JMTTQ,0,0,0,0,51,1,1,Fiber optic,0,1,1,1,1,1,One year,1,Electronic check,5703.25,0,111.8284314,111.5
6050-IJRHS,0,0,1,1,70,1,1,Fiber optic,0,1,1,0,1,1,One year,1,Electronic check,7397,0,105.6714286,106.5
6202-JVYEU,1,0,0,0,9,1,0,No,0,0,0,0,0,0,One year,1,Electronic check,164.6,0,18.28888889,19.9
8591-TKMZH,1,0,1,1,59,1,1,Fiber optic,1,1,0,1,1,1,Two year,1,Mailed check,6555.2,0,111.1050847,111.1
0734-OXWBT,1,0,0,1,3,1,0,DSL,0,0,0,1,1,1,Month-to-month,0,Mailed check,225.65,0,75.21666667,70.7
4282-ACRXS,1,1,1,0,38,0,0,DSL,0,0,0,0,0,0,Month-to-month,1,Electronic check,955.75,0,25.15131579,24.85
0365-TRTPY,0,0,0,0,37,1,1,Fiber optic,1,1,1,0,0,0,Month-to-month,0,Bank transfer (automatic),3382.3,0,91.41351351,91.2
7349-ALMUX,1,0,0,0,37,1,0,DSL,1,1,1,1,0,0,Two year,0,Bank transfer (automatic),2313.8,0,62.53513514,65.6
9381-NDKME,0,1,1,0,24,0,0,DSL,0,0,1,0,0,1,Month-to-month,1,Credit card (automatic),933.3,1,38.8875,40.65
6502-KUGLL,0,0,1,1,14,1,0,DSL,1,1,0,1,0,0,Month-to-month,0,Bank transfer (automatic),780.85,0,55.775,59.45
1841-YSJGV,1,0,1,0,72,1,1,Fiber optic,1,1,0,1,1,1,Two year,1,Credit card (automatic),7852.4,0,109.0611111,109.95
2794-XIMMO,1,0,1,0,53,0,0,DSL,0,1,1,1,1,1,One year,1,Electronic check,3184.25,1,60.08018868,60.45
8382-SHQEH,0,0,1,0,8,1,1,Fiber optic,0,0,0,0,0,1,Month-to-month,1,Electronic check,764.95,1,95.61875,84.9
3511-BFTJW,1,0,1,1,72,0,0,DSL,1,1,1,0,0,0,Two year,0,Credit card (automatic),2763,0,38.375,38.5
7668-XCFYV,0,1,1,0,17,1,1,Fiber optic,0,0,0,0,1,1,Month-to-month,1,Electronic check,1614.7,0,94.98235294,92.55
2983-ZANRP,0,0,1,1,2,1,0,Fiber optic,0,1,0,0,0,0,Month-to-month,1,Bank transfer (automatic),145.4,1,72.7,73.55
7845-URHJN,0,0,1,0,8,1,0,No,0,0,0,0,0,0,Month-to-month,0,Bank transfer (automatic),156.25,1,19.53125,20.15
3034-ZBEQN,0,0,1,0,48,0,0,DSL,0,1,1,0,0,0,One year,0,Mailed check,1604.5,1,33.42708333,34.7
5018-HEKFO,0,0,0,0,10,1,1,No,0,0,0,0,0,0,Month-to-month,1,Mailed check,270.15,0,27.015,24.5
2923-ARZLG,1,0,1,1,0,1,0,No,0,0,0,0,0,0,One year,1,Mailed check,2283.300441,0,inf,19.7
3976-NLDEZ,1,0,0,0,1,1,0,No,0,0,0,0,0,0,Month-to-month,0,Mailed check,20.6,0,20.6,20.6
2282-YGNOR,0,0,0,0,29,1,0,DSL,1,0,1,1,0,0,One year,0,Credit card (automatic),1734.5,0,59.81034483,58
5336-UFNZP,0,1,1,1,65,1,1,Fiber optic,0,1,1,0,1,1,One year,1,Electronic check,7047.5,0,108.4230769,107.45
6854-EXGSF,0,0,0,0,8,1,1,DSL,1,1,1,0,0,0,Month-to-month,1,Bank transfer (automatic),573.15,0,71.64375,65.5
1241-EZFMJ,1,0,1,0,61,1,1,No,0,0,0,0,0,0,Two year,0,Bank transfer (automatic),1538.6,0,25.22295082,25.45
9233-PSYHO,0,1,0,0,45,1,1,Fiber optic,0,0,1,0,1,1,One year,1,Bank transfer (automatic),4459.8,0,99.10666667,100.15
5376-PCKNB,1,0,1,1,72,1,1,Fiber optic,0,1,1,0,1,1,One year,1,Credit card (automatic),7459,0,103.5972222,104.45
8044-BGWPI,1,0,1,1,12,1,0,No,0,0,0,0,0,0,Month-to-month,1,Electronic check,306.05,0,25.50416667,21.15
4060-LDNLU,1,0,0,0,7,1,1,Fiber optic,0,0,0,0,1,1,Month-to-month,0,Electronic check,639.7,0,91.38571429,96.2
3589-PPVKW,1,0,0,0,9,1,0,DSL,0,0,0,0,0,0,Month-to-month,1,Mailed check,348.15,0,38.68333333,44.4
8327-LZKAS,0,1,1,0,43,1,1,Fiber optic,0,0,1,1,1,1,One year,1,Electronic check,4533.9,1,105.4395349,107.55
5887-IKKYO,1,0,1,1,58,1,1,Fiber optic,0,0,1,1,0,1,Two year,0,Bank transfer (automatic),5563.65,0,95.925,94.35
1075-BGWOH,1,1,1,0,16,1,1,Fiber optic,0,0,1,0,1,1,Month-to-month,1,Electronic check,1587.55,1,99.221875,98.75
1755-RMCXH,1,0,1,1,2,1,0,No,0,0,0,0,0,0,Month-to-month,0,Mailed check,40.25,0,20.125,20.3
0302-JOIVN,0,0,1,0,8,1,0,Fiber optic,0,1,1,0,1,1,Month-to-month,0,Electronic check,842.9,1,105.3625,101.15
3858-XHYJO,0,0,1,0,40,1,1,Fiber optic,1,0,1,0,1,1,One year,0,Bank transfer (automatic),4228.55,0,105.71375,105.75
4299-SIMNS,1,0,0,0,9,1,1,Fiber optic,1,0,0,0,0,0,Month-to-month,1,Electronic check,784.45,0,87.16111111,81.15
7025-IWFHT,1,0,0,0,41,1,0,Fiber optic,0,1,0,1,1,0,One year,1,Electronic check,3729.75,0,90.9695122,89.55
6261-LHRTG,0,0,0,0,26,1,0,DSL,0,1,1,0,0,0,Month-to-month,1,Credit card (automatic),1406.9,0,54.11153846,54.75
7841-FCRQD,0,0,1,0,33,1,0,DSL,0,1,0,1,0,0,One year,1,Credit card (automatic),1857.3,0,56.28181818,53.75
2056-EVGZL,1,0,1,1,68,1,0,Fiber optic,0,1,1,1,1,1,One year,0,Credit card (automatic),7322.5,0,107.6838235,105.75
8777-MBMTS,0,1,1,0,65,1,0,Fiber optic,0,1,1,1,1,1,Two year,1,Credit card (automatic),6725.5,0,103.4692308,105.85
7753-USQYQ,1,0,0,0,55,1,0,DSL,0,1,0,1,0,1,One year,1,Electronic check,3627.3,0,65.95090909,64.2
5366-IJEQJ,1,0,0,0,20,1,1,Fiber optic,0,0,1,0,1,0,Month-to-month,1,Electronic check,1761.45,1,88.0725,88.7
7661-CPURM,1,0,0,0,19,1,0,Fiber optic,0,0,0,1,0,1,One year,1,Credit card (automatic),1725.95,0,90.83947368,87.7
6233-HXJMX,0,0,0,0,45,1,1,Fiber optic,0,0,1,0,0,1,Month-to-month,1,Credit card (automatic),4192.15,0,93.15888889,89.3
5902-WBLSE,0,0,1,1,70,1,0,No,0,0,0,0,0,0,Two year,1,Credit card (automatic),1411.2,0,20.16,20.15
1981-INRFU,0,0,0,0,2,1,0,Fiber optic,0,0,0,0,1,0,Month-to-month,1,Electronic check,164.5,1,82.25,79.75
4971-PUYQO,0,0,0,0,27,1,1,Fiber optic,0,0,0,0,1,1,Month-to-month,1,Mailed check,2724.6,1,100.9111111,94.55
3239-TPHPZ,0,0,1,0,12,1,0,No,0,0,0,0,0,0,Two year,1,Electronic check,264.55,0,22.04583333,20.05
5115-GZDEL,1,0,0,1,72,0,0,DSL,1,1,1,1,1,1,Two year,0,Credit card (automatic),4671.7,0,64.88472222,67.2
3338-CVVEH,1,0,0,0,12,1,1,Fiber optic,0,0,0,0,1,1,Month-to-month,0,Electronic check,1173.55,0,97.79583333,94.55
8485-GJCDN,0,1,0,0,5,1,0,Fiber optic,0,0,0,0,0,0,Month-to-month,1,Mailed check,318.5,1,63.7,69.05
2615-YVMYX,1,1,1,0,71,1,1,Fiber optic,1,1,1,0,1,1,Month-to-month,1,Electronic check,7713.55,0,108.6415493,107.5
2851-STERV,1,1,0,0,35,1,0,DSL,0,0,1,1,1,1,One year,1,Electronic check,2471.25,0,70.60714286,73
4393-GEADV,1,0,1,1,70,1,1,Fiber optic,1,1,1,1,1,1,Two year,0,Credit card (automatic),7842.3,0,112.0328571,114.729
8486-AYEQH,0,0,0,0,31,1,1,Fiber optic,0,0,0,0,0,0,Month-to-month,1,Electronic check,2227.8,0,71.86451613,76.05
1527-SXDPN,1,0,1,1,52,1,1,Fiber optic,0,0,1,1,0,1,Two year,1,Bank transfer (automatic),4990.25,1,95.96634615,96.25
6029-WTIPC,1,1,0,0,37,1,1,Fiber optic,0,0,1,0,1,1,Month-to-month,1,Electronic check,3744.05,1,101.1905405,101.1
8634-CILSZ,1,0,0,0,69,1,1,Fiber optic,0,1,0,1,1,1,One year,1,Bank transfer (automatic),7220.35,1,104.6427536,104.7
5419-JKZNQ,1,1,1,0,30,1,1,Fiber optic,0,0,0,0,0,0,Month-to-month,0,Mailed check,2351.45,0,78.38166667,77.9
2495-KZNFB,0,0,0,0,33,1,1,Fiber optic,1,0,0,0,0,1,Month-to-month,1,Electronic check,2989.6,0,90.59393939,90.65
1409-PHXTF,1,1,1,0,54,1,1,Fiber optic,0,1,1,1,1,1,Two year,1,Electronic check,6077.75,0,112.5509259,110.45
4560-WQAQW,0,0,0,0,59,1,1,DSL,1,0,0,1,0,1,One year,0,Bank transfer (automatic),4070.95,0,68.99915254,68.7
9591-YVTEB,1,1,0,0,55,0,0,DSL,1,1,0,0,1,0,Month-to-month,1,Electronic check,2479.05,0,45.07363636,44.85
9309-BZGNT,1,1,1,0,69,0,0,DSL,0,0,1,0,0,0,One year,1,Credit card (automatic),2134.3,0,30.93188406,29.8
4274-DRSQT,0,0,0,0,66,1,1,Fiber optic,0,1,0,0,1,0,One year,1,Bank transfer (automatic),6000.1,0,90.91060606,88.9
2027-DNKIV,1,0,1,1,37,1,0,DSL,1,0,1,1,0,0,One year,1,Mailed check,2203.1,0,59.54324324,58.75
8075-GXIUB,1,1,1,0,9,1,0,No,0,0,0,0,0,0,One year,0,Credit card (automatic),183.15,0,20.35,19.85
2885-HIJDH,1,0,1,1,69,1,1,DSL,1,0,1,1,1,1,Two year,0,Bank transfer (automatic),6194.1,0,89.76956522,86.9
5424-RLQLC,1,0,0,0,10,1,0,DSL,0,1,0,0,1,0,Month-to-month,1,Mailed check,638.95,0,63.895,59.65
6682-QJDGB,1,0,0,1,40,1,0,DSL,1,1,0,0,0,0,Month-to-month,1,Mailed check,2139.2,1,53.48,55.25
6507-DTJZV,1,0,0,1,13,1,0,DSL,0,0,0,0,1,1,Month-to-month,0,Credit card (automatic),831.75,0,63.98076923,66.4
8780-IXSTS,0,0,0,0,6,1,1,Fiber optic,0,1,0,0,1,0,Month-to-month,1,Electronic check,521.3,1,86.88333333,90.1
7673-BQGKU,0,0,1,1,69,1,0,No,0,0,0,0,0,0,Two year,0,Bank transfer (automatic),1337.5,0,19.38405797,20.15
6723-WSNTY,0,1,1,0,66,1,1,Fiber optic,0,1,1,1,1,1,One year,1,Credit card (automatic),7181.95,0,108.8174242,108.1
9530-EHPOH,1,0,0,0,11,1,1,DSL,0,0,1,0,0,0,Month-to-month,0,Electronic check,608,1,55.27272727,53.75
2725-IWWBA,1,0,1,1,46,1,0,DSL,1,0,1,1,0,0,One year,0,Mailed check,2560.1,0,55.65434783,56.9
0345-HKJVM,0,0,0,0,6,1,0,Fiber optic,0,0,0,0,1,1,Month-to-month,0,Electronic check,577.6,1,96.26666667,89.3
1061-PNTHC,0,0,1,1,56,1,1,Fiber optic,1,0,1,1,1,1,Month-to-month,1,Mailed check,5953,0,106.3035714,109.6
0394-YONDK,1,0,1,1,70,1,1,No,0,0,0,0,0,0,Two year,0,Credit card (automatic),1790.15,0,25.57357143,25.15
6574-MCOEH,0,0,1,1,33,1,1,DSL,0,0,1,1,1,1,One year,1,Electronic check,2531.4,0,76.70909091,79.15
7399-QHBJS,0,0,1,1,72,1,1,DSL,1,1,0,1,0,0,Two year,0,Credit card (automatic),4760.3,0,66.11527778,66.75
3049-SOLAY,0,0,1,0,3,1,1,Fiber optic,0,0,0,0,1,1,Month-to-month,1,Electronic check,292.85,1,97.61666667,95.2
0997-YTLNY,0,0,0,1,19,1,0,DSL,0,0,0,1,0,0,Month-to-month,0,Mailed check,953.65,0,50.19210526,48.8
3317-HRTNN,0,1,0,0,5,0,0,DSL,0,0,0,0,1,1,Month-to-month,0,Electronic check,198,1,39.6,45.7
9479-HYNYL,0,0,1,0,71,1,0,DSL,0,1,1,1,1,1,Two year,1,Credit card (automatic),5705.05,0,80.3528169,80.7
3235-ETOOB,1,0,1,0,8,1,0,Fiber optic,1,0,0,0,0,0,Month-to-month,1,Electronic check,609.9,1,76.2375,74.5
9708-KFDBY,1,0,0,0,1,1,0,No,0,0,0,0,0,0,Month-to-month,0,Credit card (automatic),20.55,0,20.55,20.55
8058-INTPH,0,0,0,0,1,1,0,Fiber optic,0,0,0,0,1,0,Month-to-month,1,Electronic check,79.65,1,79.65,79.65
3642-GKTCT,0,0,0,0,61,1,1,Fiber optic,1,1,1,1,1,1,One year,1,Mailed check,6993.65,0,114.65,114.729
0774-RMNUW,0,0,1,1,71,0,0,DSL,1,1,0,1,1,1,Two year,0,Bank transfer (automatic),4122.65,0,58.06549296,59.7
1334-PDUKM,0,0,1,0,68,1,1,Fiber optic,0,1,1,0,0,0,One year,0,Credit card (automatic),5762.95,0,84.74926471,86.45
0756-MPZRL,1,0,0,0,46,0,0,DSL,0,0,1,1,0,0,One year,0,Credit card (automatic),1537.85,0,33.43152174,33.7
2242-MFOTG,1,0,0,0,33,1,1,Fiber optic,1,0,0,0,0,0,One year,0,Bank transfer (automatic),2603.3,0,78.88787879,80.1
2927-CVULT,0,0,1,1,53,1,1,Fiber optic,1,1,1,1,0,1,Two year,1,Bank transfer (automatic),5566.4,0,105.0264151,104.05
2144-BFDSO,0,1,1,0,50,1,1,Fiber optic,1,1,1,0,1,1,Month-to-month,0,Bank transfer (automatic),5431.9,0,108.638,108.75
8745-PVESG,0,0,0,0,57,0,0,DSL,1,0,1,1,0,0,One year,1,Credit card (automatic),2258.25,0,39.61842105,41.1
7647-GYYKX,0,0,1,1,54,1,0,No,0,0,0,0,0,0,Two year,1,Bank transfer (automatic),1092.35,0,20.2287037,20.35
5647-FXOTP,0,1,1,0,60,1,1,Fiber optic,0,1,1,0,1,1,Month-to-month,1,Electronic check,6401.25,0,106.6875,105.9
5569-OUICF,0,1,1,0,28,1,1,Fiber optic,0,0,0,1,1,1,Month-to-month,1,Credit card (automatic),2812.2,1,100.4357143,101.3
8821-XNHVZ,0,0,1,1,1,1,0,Fiber optic,0,0,0,0,1,0,Month-to-month,1,Mailed check,80.05,1,80.05,80.05
2082-OJVTK,1,0,1,1,29,1,1,Fiber optic,0,0,1,0,0,1,Month-to-month,1,Electronic check,2698.35,1,93.04655172,89.2
9700-ISPUP,0,0,1,1,10,1,0,DSL,0,1,0,1,0,1,Month-to-month,1,Electronic check,616.9,0,61.69,65.5
9839-ETQOE,1,0,0,1,43,0,0,DSL,1,1,1,0,0,0,Month-to-month,1,Electronic check,1912.85,0,44.48488372,40.45
6078-VESFR,1,1,1,0,13,1,0,Fiber optic,0,0,0,0,0,0,Month-to-month,0,Bank transfer (automatic),849.1,0,65.31538462,70.45
9027-TMATR,0,0,1,0,43,1,0,DSL,1,0,1,1,1,1,Two year,1,Electronic check,3460.3,0,80.47209302,78.8
5940-NFXKV,1,0,1,1,19,1,1,Fiber optic,0,0,0,0,0,1,Month-to-month,1,Electronic check,1465.75,1,77.14473684,83.65
1941-HOSAM,1,0,1,1,1,1,0,Fiber optic,0,0,0,0,1,1,Month-to-month,1,Electronic check,90.1,0,90.1,90.1
9110-HSGTV,0,0,0,0,69,1,0,DSL,1,0,1,1,1,1,Two year,1,Credit card (automatic),5555.3,0,80.5115942,82.45
0704-VCUMB,0,0,1,0,61,1,0,No,0,0,0,0,0,0,Two year,0,Credit card (automatic),1278.8,0,20.96393443,20.25
6171-ZTVYB,1,0,1,0,43,1,1,DSL,1,1,0,1,0,0,Month-to-month,0,Bank transfer (automatic),2907.35,0,67.6127907,66.25
8053-WWDRO,0,0,1,0,6,1,0,No,0,0,0,0,0,0,Month-to-month,0,Bank transfer (automatic),146.3,1,24.38333333,19.5
9564-KCLHR,1,0,0,0,1,1,0,DSL,0,0,0,1,0,0,Month-to-month,0,Mailed check,51.25,1,51.25,51.25
1935-IMVBB,1,0,1,0,56,1,0,Fiber optic,0,0,0,0,1,1,Month-to-month,0,Mailed check,4952.95,0,88.44553571,89.7
2535-PBCGC,0,0,1,0,70,0,0,DSL,1,1,1,1,1,1,Two year,0,Bank transfer (automatic),4504.9,0,64.35571429,64.55
2082-CEFLT,1,0,0,0,1,1,0,DSL,0,0,0,0,0,0,Month-to-month,1,Electronic check,45.6,1,45.6,45.6
1470-PSXNM,1,0,1,1,49,1,1,Fiber optic,0,1,1,0,1,0,One year,1,Electronic check,4520.15,0,92.24795918,93.65
1213-NGCUN,0,0,0,0,6,1,0,DSL,0,0,0,1,0,0,Month-to-month,1,Bank transfer (automatic),267.35,1,44.55833333,49.65
2498-XLDZR,0,0,1,1,32,1,0,DSL,1,1,1,1,0,1,Two year,0,Mailed check,2316.85,0,72.4015625,73.6
9866-OCCKE,0,1,1,0,72,1,1,Fiber optic,1,0,1,1,1,1,Two year,1,Mailed check,8075.35,0,112.1576389,109.75
5338-YHWYT,1,0,0,1,37,1,0,DSL,1,1,0,1,0,0,Two year,0,Credit card (automatic),2302.35,0,62.22567568,61.45
7718-UPSKJ,0,0,1,0,69,1,0,Fiber optic,1,1,0,1,1,1,One year,1,Credit card (automatic),7251.9,0,105.1,106.4
8731-WBBMB,0,0,1,0,26,1,0,DSL,0,1,1,1,1,1,Month-to-month,0,Bank transfer (automatic),2078.55,0,79.94423077,81.9
1448-CYWKC,0,0,1,1,58,1,1,Fiber optic,0,1,1,0,1,1,One year,1,Credit card (automatic),6225.4,0,107.3344828,105.2
7901-IIDQV,1,0,0,0,24,1,1,DSL,0,0,0,1,0,0,One year,0,Bank transfer (automatic),1242.25,0,51.76041667,54.6
2690-DVRVK,1,0,1,1,5,1,0,No,0,0,0,0,0,0,One year,0,Electronic check,99.45,0,19.89,20.55
5688-KZTSN,1,0,1,1,15,1,0,No,0,0,0,0,0,0,Month-to-month,1,Electronic check,288.05,1,19.20333333,20
1270-XKUCC,0,0,1,1,30,1,0,No,0,0,0,0,0,0,Two year,0,Mailed check,599.25,0,19.975,19.7
0334-ZFJSR,0,0,1,0,55,1,1,DSL,1,1,0,1,0,0,One year,1,Credit card (automatic),3462.1,0,62.94727273,66.05
2894-QOJRX,0,0,1,0,25,0,0,DSL,0,0,0,0,1,0,Month-to-month,1,Bank transfer (automatic),853,1,34.12,34
5747-PMBSQ,1,1,1,0,10,1,0,Fiber optic,0,1,1,1,1,0,Month-to-month,1,Mailed check,934.1,1,93.41,92.5
5583-EJXRD,1,0,1,1,44,0,0,DSL,1,1,1,1,0,1,Two year,1,Credit card (automatic),2375.2,0,53.98181818,54.05
4565-EVZMJ,0,0,0,0,47,1,0,DSL,1,1,0,1,0,0,One year,1,Mailed check,2813.05,0,59.85212766,58.9
3143-JQEGI,0,0,1,1,13,1,0,Fiber optic,0,0,0,0,1,1,Month-to-month,0,Electronic check,1222.8,1,94.06153846,88.35
6386-SZZKH,0,0,1,1,49,1,1,Fiber optic,0,1,1,1,1,1,Two year,1,Bank transfer (automatic),5293.2,1,108.0244898,107.95
3327-YBAKM,0,0,1,0,64,1,0,Fiber optic,1,0,0,1,1,1,One year,1,Mailed check,6314.35,0,98.66171875,96.9
9441-QHEVC,1,0,0,0,1,1,0,No,0,0,0,0,0,0,Month-to-month,0,Mailed check,19.1,0,19.1,19.1
6705-LNMDD,1,0,0,0,20,1,0,DSL,0,0,0,1,0,0,Month-to-month,0,Mailed check,1003.05,0,50.1525,50
2580-ASVVY,0,0,1,0,37,0,0,DSL,1,0,0,1,1,0,Two year,0,Electronic check,1593.1,0,43.05675676,45.4
3370-GQEAL,1,0,1,1,30,1,1,Fiber optic,0,0,0,0,1,0,Month-to-month,0,Electronic check,2509.95,0,83.665,85.45
5032-USPKF,0,0,0,0,38,1,1,DSL,1,1,1,0,1,1,One year,0,Bank transfer (automatic),3187.65,0,83.88552632,84.1
2982-IHMFT,0,1,0,0,1,1,1,Fiber optic,0,0,0,0,0,0,Month-to-month,1,Mailed check,74.45,1,74.45,74.45
3521-SYVOR,0,0,0,0,37,1,0,DSL,0,0,0,0,1,1,Month-to-month,1,Electronic check,2345.2,1,63.38378378,64.75
4254-QPEDE,0,0,1,0,52,0,0,DSL,1,1,1,1,1,1,Two year,0,Credit card (automatic),3330.1,0,64.04038462,66.25
6283-GITPX,1,0,0,1,71,1,0,DSL,1,1,1,1,1,0,Two year,1,Credit card (automatic),5522.7,0,77.78450704,76.9
9526-JAWYF,1,0,0,0,26,1,0,Fiber optic,0,1,1,0,1,0,Month-to-month,0,Electronic check,2335.3,1,89.81923077,89.8
0771-CHWSK,1,0,0,0,66,1,1,DSL,1,1,1,0,0,1,Two year,1,Credit card (automatic),4798.4,0,72.7030303,74.6
9788-HNGUT,1,0,1,0,72,1,1,Fiber optic,1,1,1,1,1,1,Two year,1,Credit card (automatic),8594.4,0,119.3666667,114.729
9495-REDIY,1,0,0,1,25,0,0,DSL,1,0,0,0,1,0,One year,1,Credit card (automatic),970.55,0,38.822,40.65
5375-XLDOF,1,0,1,1,69,1,1,Fiber optic,1,1,1,1,1,1,Two year,1,Bank transfer (automatic),7665.8,0,111.0985507,114.35
1172-VIYBP,1,0,1,1,53,1,1,DSL,1,1,0,0,0,1,Two year,0,Bank transfer (automatic),3686.05,0,69.54811321,69.7
5649-VUKMC,0,0,0,0,12,1,0,Fiber optic,0,0,1,0,1,1,One year,0,Mailed check,1115.15,1,92.92916667,95.5
6559-PDZLR,1,0,0,0,26,1,0,Fiber optic,0,0,1,1,1,1,Month-to-month,1,Electronic check,2537,0,97.57692308,98.65
8992-OBVDG,1,0,0,0,21,1,0,DSL,0,0,1,0,0,1,Month-to-month,0,Mailed check,1393.6,0,66.36190476,61.65
4273-MBHYA,0,0,0,1,1,1,0,Fiber optic,0,0,0,0,1,1,Month-to-month,1,Electronic check,89.35,0,89.35,89.35
4724-WXVWF,1,0,0,0,48,1,1,Fiber optic,1,0,0,1,0,1,Month-to-month,1,Electronic check,4445.3,0,92.61041667,95.4
5701-GUXDC,0,0,1,0,26,0,0,DSL,1,0,1,0,0,0,One year,0,Credit card (automatic),978.6,0,37.63846154,35.4
1460-UZPRJ,1,0,1,0,60,1,0,No,0,0,0,0,0,0,Two year,0,Mailed check,1258.15,0,20.96916667,19.95
6082-GLJIX,1,0,0,0,18,1,0,No,0,0,0,0,0,0,Month-to-month,0,Mailed check,331.35,0,18.40833333,19.25
5143-EGQFK,0,1,0,0,10,0,0,DSL,0,0,0,1,0,0,Month-to-month,1,Electronic check,291.4,1,29.14,29.65
4919-IKATY,1,0,1,1,5,1,1,Fiber optic,1,0,1,0,0,0,Month-to-month,1,Electronic check,453.75,1,90.75,84.5
2495-TTHBQ,0,0,0,1,4,1,0,No,0,0,0,0,0,0,One year,1,Mailed check,84.75,0,21.1875,20.4
0485-ZBSLN,1,0,1,1,65,1,1,No,0,0,0,0,0,0,Two year,0,Credit card (automatic),1715.1,0,26.38615385,24.75
3810-PJUHR,1,0,1,1,70,1,1,No,0,0,0,0,0,0,Two year,0,Mailed check,1715.15,0,24.50214286,25.35
9050-QLROH,1,0,0,0,18,1,1,Fiber optic,0,0,1,0,0,1,Month-to-month,1,Credit card (automatic),1597.25,1,88.73611111,90.7
0847-HGRML,1,0,0,1,62,1,0,No,0,0,0,0,0,0,Two year,0,Bank transfer (automatic),1250.1,0,20.16290323,20
8232-CTLKO,0,0,1,1,66,1,0,DSL,1,0,0,0,1,0,Two year,1,Electronic check,3996.8,0,60.55757576,59.75
9227-YBAXE,0,0,1,1,65,1,1,DSL,1,1,0,1,1,1,Two year,1,Bank transfer (automatic),5215.1,0,80.23230769,82.5
6168-WFVVF,0,1,0,0,3,1,0,Fiber optic,0,0,0,0,0,0,Month-to-month,1,Electronic check,235.5,1,78.5,70.3
9860-LISIZ,0,0,0,0,34,1,0,No,0,0,0,0,0,0,Month-to-month,0,Mailed check,673.2,0,19.8,20.35
0112-QAWRZ,1,0,1,1,16,1,1,Fiber optic,0,0,1,0,1,0,Month-to-month,1,Bank transfer (automatic),1442.2,0,90.1375,90.8
0877-SDMBN,0,0,0,0,54,1,1,Fiber optic,1,0,1,0,1,1,One year,1,Bank transfer (automatic),5639.05,1,104.4268519,103.95
2786-GCDPI,0,1,0,0,50,1,1,Fiber optic,0,0,1,1,1,1,Month-to-month,1,Electronic check,5222.35,0,104.447,104.95
4043-MKDTV,1,0,1,0,71,1,0,Fiber optic,0,1,1,1,1,1,Two year,1,Electronic check,7291.75,0,102.7007042,105.25
8065-YKXKD,0,0,0,0,10,1,1,Fiber optic,0,0,0,0,0,0,Month-to-month,1,Electronic check,799.65,1,79.965,74.75
9637-EIHEQ,0,0,0,0,1,1,0,DSL,0,0,0,1,0,0,Month-to-month,1,Electronic check,50.8,1,50.8,50.8
9229-RQABD,1,0,0,0,18,1,1,No,0,0,0,0,0,0,One year,0,Mailed check,424.5,0,23.58333333,23.75
8313-KTIHG,1,0,0,0,4,1,0,DSL,0,0,0,1,1,0,Month-to-month,1,Electronic check,249.4,0,62.35,61.3
5320-BRKGK,0,0,1,1,58,1,1,DSL,1,0,1,1,1,0,Two year,0,Mailed check,4415.75,0,76.13362069,75.8
6284-KMNUF,0,0,1,0,56,1,1,Fiber optic,1,0,0,0,1,1,One year,1,Electronic check,5270.6,0,94.11785714,98
9689-PTNPG,1,0,0,0,2,1,0,Fiber optic,0,0,0,0,1,0,Month-to-month,1,Electronic check,144.55,1,72.275,80.25
9465-RWMXL,1,0,1,0,32,1,1,Fiber optic,0,0,1,0,0,0,Month-to-month,1,Electronic check,2447.95,1,76.4984375,78.9
6229-UOLQL,1,0,1,1,56,0,0,DSL,1,1,0,1,1,0,One year,1,Mailed check,2884.9,0,51.51607143,52
2362-IBOOY,1,0,0,0,36,1,1,Fiber optic,0,0,0,0,0,1,Month-to-month,1,Electronic check,3050.15,1,84.72638889,84.75
3137-LUPIX,0,0,0,0,4,1,1,DSL,0,0,0,1,1,0,Month-to-month,1,Mailed check,253,0,63.25,64.4
0843-WTBXE,1,0,0,0,53,1,1,Fiber optic,0,0,0,0,1,0,Month-to-month,0,Bank transfer (automatic),4517.25,1,85.23113208,85.45
6143-JQKEA,1,0,0,0,10,1,0,DSL,0,0,0,0,0,0,Month-to-month,1,Credit card (automatic),436.2,0,43.62,45.8
8676-OOQEJ,1,0,0,0,4,0,0,DSL,0,0,0,1,0,0,Month-to-month,0,Electronic check,118.4,0,29.6,30.5
5515-IDEJJ,1,0,1,1,1,1,0,No,0,0,0,0,0,0,Month-to-month,0,Mailed check,19.9,1,19.9,19.9
9701-CDXHR,0,0,1,0,51,1,0,Fiber optic,0,0,0,0,0,0,Month-to-month,0,Mailed check,3649.6,0,71.56078431,69.15
7450-NWRTR,1,1,0,0,12,1,1,Fiber optic,0,0,1,0,1,1,Month-to-month,1,Electronic check,1200.15,1,100.0125,99.45
8124-NZVGJ,0,0,0,0,6,0,0,DSL,0,0,0,1,1,1,One year,1,Mailed check,255.6,0,42.6,49.25
2162-FRZAA,1,0,1,1,63,0,0,DSL,0,1,1,1,0,0,Two year,0,Bank transfer (automatic),2395.05,0,38.01666667,39.35
5376-DEQCP,0,0,0,0,1,1,0,Fiber optic,0,0,0,0,0,0,Month-to-month,1,Electronic check,70.6,1,70.6,70.6
5118-MUEYH,0,0,1,0,48,1,1,Fiber optic,0,1,0,1,1,1,Month-to-month,1,Credit card (automatic),5083.55,0,105.9072917,105.1
9095-HFAFX,0,0,0,0,5,1,0,Fiber optic,0,0,0,0,1,0,Month-to-month,1,Credit card (automatic),389.6,1,77.92,81
5627-TVBPP,0,0,0,1,35,1,0,No,0,0,0,0,0,0,One year,1,Credit card (automatic),644.5,0,18.41428571,20.1
2379-ENZGV,1,0,0,0,6,1,0,Fiber optic,0,1,0,0,1,0,Month-to-month,1,Electronic check,523.5,1,87.25,84.85
3936-QQFLL,1,0,0,0,2,1,0,No,0,0,0,0,0,0,Month-to-month,0,Mailed check,39.3,0,19.65,19.75
2589-AYCRP,0,0,0,0,50,1,0,No,0,0,0,0,0,0,One year,0,Bank transfer (automatic),989.05,0,19.781,19.75
4067-HLYQI,0,0,0,0,33,1,0,Fiber optic,0,0,0,0,0,0,Month-to-month,1,Bank transfer (automatic),2406.1,0,72.91212121,70.4
5124-EOGYE,1,0,0,0,31,1,0,No,0,0,0,0,0,0,Two year,0,Mailed check,638.55,0,20.5983871,20.45
5057-RKGLH,0,0,1,1,9,1,0,No,0,0,0,0,0,0,Two year,0,Mailed check,191.1,0,21.23333333,20.35
0292-WEGCH,0,0,1,1,54,1,1,DSL,0,1,1,1,1,1,Month-to-month,1,Electronic check,4524.05,0,83.7787037,86.2
8910-ICHIU,0,0,0,0,46,1,0,Fiber optic,1,1,1,0,1,0,One year,1,Credit card (automatic),4664.2,0,101.3956522,95.65
4097-YODCF,1,0,0,1,34,1,1,Fiber optic,1,1,0,0,1,1,One year,1,Electronic check,3470.8,0,102.0823529,103.8
9715-WZCLW,1,0,1,1,71,1,1,Fiber optic,1,0,0,0,1,1,Two year,1,Electronic check,6910.3,0,97.32816901,97.2
9786-YWNHU,0,0,1,1,63,1,0,DSL,1,1,1,1,0,0,Two year,0,Mailed check,4014.2,0,63.71746032,63.55
6407-GSJNL,0,0,0,0,51,1,1,No,0,0,0,0,0,0,Two year,0,Bank transfer (automatic),1288,0,25.25490196,24.95
6005-OBZPH,0,1,0,0,26,1,1,Fiber optic,0,1,0,0,1,0,Month-to-month,1,Electronic check,2277.65,1,87.60192308,89.15
4049-ZPALD,0,0,1,0,64,1,0,Fiber optic,1,0,1,0,1,1,Two year,1,Bank transfer (automatic),6375.8,0,99.621875,99
7932-WPTDS,0,1,1,0,1,0,0,DSL,0,0,0,0,0,0,Month-to-month,1,Electronic check,24.8,1,24.8,24.8
3733-UOCWF,1,1,1,0,61,1,1,Fiber optic,0,1,0,1,0,0,One year,1,Bank transfer (automatic),5251.75,0,86.0942623,85.55
6833-JMZYP,0,0,0,0,15,1,0,Fiber optic,0,0,1,0,1,1,Month-to-month,1,Credit card (automatic),1505.45,0,100.3633333,94
2722-VOJQL,1,0,0,0,64,1,1,Fiber optic,0,1,0,1,1,1,One year,1,Credit card (automatic),6903.1,1,107.8609375,105.65
1310-QRITU,0,0,0,0,18,1,1,DSL,0,0,0,0,0,0,Month-to-month,1,Electronic check,913.3,0,50.73888889,50.3
8961-QDZZJ,0,0,1,1,57,1,0,Fiber optic,0,1,0,0,1,1,One year,1,Electronic check,5535.8,0,97.11929825,95
9715-SBVSU,1,0,1,1,14,1,0,DSL,1,1,0,0,0,1,Two year,1,Bank transfer (automatic),815.55,0,58.25357143,61.4
8490-BXHEO,1,1,0,0,18,1,1,Fiber optic,0,1,0,0,0,0,Month-to-month,1,Credit card (automatic),1411.65,0,78.425,80.55
7173-TETGO,0,1,1,0,72,1,1,Fiber optic,1,0,0,0,0,0,Two year,0,Bank transfer (automatic),5602.25,0,77.80902778,78.5
7929-SKFGK,1,0,1,0,70,1,1,Fiber optic,1,1,1,1,1,1,Two year,0,Credit card (automatic),8244.3,0,117.7757143,114.3
2300-RQGOI,0,0,0,0,38,1,0,No,0,0,0,0,0,0,Two year,0,Mailed check,741.5,0,19.51315789,20.05
3563-SVYLG,1,0,1,1,68,1,0,DSL,1,1,1,1,0,0,Two year,0,Credit card (automatic),4375.8,0,64.35,62.65
5228-EXCET,1,0,0,0,13,1,0,Fiber optic,0,0,0,0,0,1,Month-to-month,1,Electronic check,1008.7,1,77.59230769,80.85
6435-VWCCY,1,1,1,0,65,1,1,Fiber optic,1,1,0,0,1,0,Two year,1,Credit card (automatic),5968.4,0,91.82153846,92.7
4998-IKFSE,0,0,0,0,30,1,1,Fiber optic,0,0,1,0,1,1,Month-to-month,0,Electronic check,3096.9,0,103.23,100.45
8630-QSGXK,1,0,1,0,51,1,1,DSL,0,0,0,1,1,1,Two year,1,Bank transfer (automatic),3901.25,0,76.49509804,75.2
2455-USLMV,0,0,0,0,31,1,1,Fiber optic,1,0,1,0,0,0,Month-to-month,1,Credit card (automatic),2613.4,0,84.30322581,84.75
7394-FKDNK,0,0,1,0,9,1,0,Fiber optic,0,0,0,0,1,1,Month-to-month,0,Electronic check,853.1,1,94.78888889,89.45
9488-FVZCC,0,0,1,1,72,1,1,DSL,1,1,1,1,0,1,Two year,1,Bank transfer (automatic),5661.7,0,78.63472222,79.5
6331-LWDTQ,1,0,0,0,10,1,1,DSL,0,0,0,0,1,1,Month-to-month,1,Credit card (automatic),794.25,1,79.425,72.15
5995-WWKKG,0,0,0,0,37,1,0,No,0,0,0,0,0,0,One year,1,Electronic check,695.05,0,18.78513514,19.8
1597-FZREH,0,0,0,0,2,1,0,DSL,0,0,1,1,1,1,Month-to-month,0,Electronic check,160.8,1,80.4,76.4
7879-CGSFV,1,0,0,0,55,1,0,Fiber optic,1,1,0,0,1,1,One year,1,Mailed check,5552.05,0,100.9463636,100.9
9921-EZKBY,1,0,0,1,33,1,1,Fiber optic,1,0,1,0,0,1,Month-to-month,1,Bank transfer (automatic),3275.15,0,99.2469697,95.3
7432-FFVAR,0,0,1,1,46,1,0,Fiber optic,0,0,1,1,0,1,One year,0,Bank transfer (automatic),4236.6,0,92.1,90.95
7246-ZGQDF,0,0,0,1,1,1,0,DSL,1,0,0,1,0,0,Month-to-month,0,Electronic check,54.5,0,54.5,54.5
7000-WCEVQ,0,1,0,0,20,1,1,DSL,0,0,0,0,0,1,Month-to-month,1,Mailed check,1174.35,1,58.7175,61.6
0727-IWKVK,1,0,1,0,9,1,0,Fiber optic,0,1,1,0,0,0,Month-to-month,1,Electronic check,741.7,1,82.41111111,79.9
5959-BELXA,1,1,0,0,32,1,1,Fiber optic,0,0,0,0,1,1,Month-to-month,1,Credit card (automatic),3019.25,1,94.3515625,96.15
4456-RHSNB,0,0,1,1,19,1,0,DSL,0,0,1,0,0,0,Month-to-month,1,Bank transfer (automatic),962.9,0,50.67894737,49.6
3512-IZIKN,0,0,1,0,70,1,1,DSL,1,0,1,1,0,0,Two year,0,Credit card (automatic),4759.75,1,67.99642857,65.3
2481-SBOYW,0,0,0,1,61,1,1,No,0,0,0,0,0,0,Two year,1,Credit card (automatic),1498.35,0,24.56311475,25
7109-MFBYV,1,0,0,0,26,1,0,DSL,0,0,0,0,0,0,Month-to-month,0,Electronic check,1233.15,0,47.42884615,45.45
1833-TCXKK,1,0,1,0,45,1,1,Fiber optic,0,1,1,0,1,1,Month-to-month,1,Bank transfer (automatic),4882.8,0,108.5066667,107.75
1832-PEUTS,1,0,1,1,62,1,1,Fiber optic,0,0,1,0,1,0,Two year,1,Credit card (automatic),5411.65,0,87.28467742,89.1
6141-OOXUQ,1,0,0,0,1,1,0,No,0,0,0,0,0,0,Month-to-month,0,Mailed check,19.65,1,19.65,19.65
8660-BUETV,0,0,0,0,3,1,0,DSL,0,0,0,0,0,0,Month-to-month,0,Mailed check,148.05,0,49.35,44.75
0580-PIQHM,0,0,1,1,41,1,1,Fiber optic,1,1,1,0,0,1,One year,1,Bank transfer (automatic),3930.55,0,95.86707317,101.6
5696-CEIQJ,1,0,1,1,67,1,0,Fiber optic,0,1,1,1,1,1,Two year,0,Bank transfer (automatic),6895.5,0,102.9179104,103.15
7503-ZGUZJ,1,0,0,0,1,1,1,Fiber optic,0,0,0,0,1,0,Month-to-month,1,Mailed check,84.65,1,84.65,84.65
1696-HXOWK,0,0,1,0,71,1,1,Fiber optic,1,1,0,0,1,0,One year,0,Mailed check,6856.95,0,96.57676056,95.65
3026-ATZYV,0,0,1,1,37,1,0,DSL,1,1,0,0,1,1,One year,0,Bank transfer (automatic),2658.8,0,71.85945946,75.1
4012-YCFAI,1,0,1,0,60,1,0,DSL,1,1,0,1,0,0,Two year,1,Mailed check,3766.2,0,62.77,61.35
2506-TNFCO,0,1,1,0,1,1,0,Fiber optic,0,0,0,0,0,0,Month-to-month,1,Electronic check,69.55,1,69.55,69.55
9970-QBCDA,0,0,0,0,6,1,0,No,0,0,0,0,0,0,Month-to-month,0,Credit card (automatic),129.55,0,21.59166667,19.7
8718-PTMEZ,0,0,0,0,13,0,0,DSL,0,1,0,0,0,0,Month-to-month,1,Electronic check,347.25,1,26.71153846,31.05
9496-IVVRP,0,0,1,1,11,1,0,DSL,1,0,0,0,0,0,Month-to-month,0,Bank transfer (automatic),581.7,0,52.88181818,51
2207-OBZNX,1,0,0,0,7,1,0,DSL,1,0,0,0,0,0,Month-to-month,1,Mailed check,354.05,1,50.57857143,51
2657-VPXTA,0,0,1,1,10,1,0,Fiber optic,0,0,0,0,1,1,Month-to-month,1,Electronic check,929.45,0,92.945,88.85
6551-VLJMV,1,0,1,0,34,1,0,No,0,0,0,0,0,0,Two year,0,Credit card (automatic),679,0,19.97058824,20.05
1221-GHZEP,0,0,0,0,62,1,0,DSL,1,0,0,1,0,1,Two year,1,Mailed check,3846.75,0,62.04435484,65.1
9289-LBQVU,1,0,1,0,64,1,1,DSL,0,1,0,1,0,1,One year,1,Mailed check,4480.7,0,70.0109375,70.15
6142-VSJQO,0,0,1,1,1,1,0,DSL,0,0,0,0,0,0,Month-to-month,1,Bank transfer (automatic),44.35,1,44.35,44.35
3458-IDMFK,1,0,0,0,25,1,0,No,0,0,0,0,0,0,Two year,1,Mailed check,499.4,0,19.976,20.75
6933-FHBZC,0,0,0,0,26,1,0,DSL,0,1,1,0,0,0,One year,1,Mailed check,1553.2,0,59.73846154,56.05
0221-NAUXK,1,0,0,1,10,1,0,No,0,0,0,0,0,0,One year,1,Bank transfer (automatic),219.5,0,21.95,19.95
9770-KXGQU,0,0,0,0,53,1,1,Fiber optic,1,1,1,0,1,0,One year,0,Mailed check,5311.85,0,100.2235849,98.6
6437-UKHMV,0,0,0,0,7,1,0,Fiber optic,0,0,0,0,1,0,Month-to-month,1,Electronic check,586.05,1,83.72142857,79.7
6538-POCHL,1,0,0,0,33,1,0,Fiber optic,0,1,1,0,0,0,Month-to-month,1,Credit card (automatic),2576.8,0,78.08484848,79
6726-NNFWD,0,1,1,0,71,1,0,Fiber optic,0,1,1,0,0,1,Two year,0,Credit card (automatic),6435.25,0,90.63732394,89.45
3002-WQZWT,0,0,0,0,29,1,1,Fiber optic,0,0,0,0,0,0,Month-to-month,1,Electronic check,1993.25,0,68.73275862,74.2
4277-UDIEF,1,0,1,1,24,1,1,DSL,1,0,0,1,1,1,Month-to-month,0,Bank transfer (automatic),1923.85,0,80.16041667,81
1208-NBVFH,1,0,1,1,20,1,0,DSL,0,0,1,0,0,0,Month-to-month,1,Electronic check,939.8,0,46.99,49.6
4912-PIGUY,0,0,0,0,1,1,1,Fiber optic,0,0,0,0,1,0,Month-to-month,1,Electronic check,84.6,0,84.6,84.6
1114-CENIM,1,0,0,1,54,1,1,DSL,0,1,0,0,0,0,Month-to-month,1,Credit card (automatic),3092.65,1,57.2712963,55
6060-DRTNL,0,1,0,0,5,1,0,Fiber optic,0,0,1,0,1,0,Month-to-month,1,Mailed check,415.55,1,83.11,84.85
2725-TTRIQ,0,0,1,1,72,1,1,DSL,1,0,1,1,1,1,Two year,1,Bank transfer (automatic),5986.55,0,83.14652778,84.2
3374-TTZTK,1,0,1,0,52,1,0,Fiber optic,1,1,1,1,1,1,Two year,1,Electronic check,5487,0,105.5192308,106.3
8990-ZXLSU,0,0,0,0,9,1,0,Fiber optic,0,0,0,0,0,0,Month-to-month,0,Electronic check,651.5,0,72.38888889,69.05
2275-RBYQS,0,0,0,0,1,1,0,DSL,0,0,0,0,0,0,Month-to-month,1,Mailed check,45.4,0,45.4,45.4
8473-VUVJN,1,1,0,0,1,1,1,Fiber optic,0,0,0,0,0,0,Month-to-month,1,Electronic check,73.65,1,73.65,73.65
6289-CPNLD,1,0,1,1,33,1,0,DSL,0,0,1,1,1,1,One year,1,Mailed check,2405.05,1,72.88030303,73.9
5536-SLHPM,0,0,1,0,55,1,1,Fiber optic,0,0,1,0,0,0,Month-to-month,1,Electronic check,4458.15,1,81.05727273,77.75
4419-UJMUS,1,0,1,1,69,1,1,Fiber optic,0,0,0,1,1,1,Two year,1,Electronic check,6856.45,0,99.36884058,99.35
7794-JASDG,1,0,0,0,1,1,0,DSL,1,0,0,0,0,0,Month-to-month,1,Mailed check,50.75,0,50.75,50.75
7609-YBPXG,1,0,0,0,54,1,1,DSL,1,0,1,1,1,1,Two year,0,Bank transfer (automatic),4735.2,0,87.68888889,87.1
5519-TEEUH,1,0,0,1,33,1,0,No,0,0,0,0,0,0,One year,1,Mailed check,682.15,0,20.67121212,20.15
7856-GANIL,1,1,1,0,45,1,1,Fiber optic,0,1,1,1,1,0,One year,1,Bank transfer (automatic),4525.8,0,100.5733333,98.7
0804-XBFBV,0,0,0,1,11,0,0,DSL,0,0,0,0,0,0,Month-to-month,0,Electronic check,321.05,0,29.18636364,25.2
2676-OXPPQ,1,0,0,0,6,1,0,DSL,1,1,0,0,0,0,Month-to-month,1,Bank transfer (automatic),335.65,0,55.94166667,55.7
3703-TTEPD,1,0,0,0,21,1,0,DSL,1,0,1,0,1,0,Month-to-month,0,Bank transfer (automatic),1424.4,0,67.82857143,65.35
2799-TSLAG,0,0,1,1,65,1,1,No,0,0,0,0,0,0,Two year,1,Bank transfer (automatic),1748.55,0,26.90076923,25.3
0196-VULGZ,0,1,1,0,6,1,1,Fiber optic,0,0,0,0,0,1,Month-to-month,1,Electronic check,474.9,1,79.15,84.35
8837-VVWLQ,0,0,0,0,8,1,0,Fiber optic,1,0,0,0,1,0,Month-to-month,0,Electronic check,668.4,1,83.55,84.95
2696-NARTR,1,0,0,0,11,1,0,Fiber optic,0,0,0,1,0,0,Month-to-month,1,Electronic check,926.25,1,84.20454545,73.85
2208-NKVVH,1,0,1,1,43,1,1,No,0,0,0,0,0,0,Two year,0,Mailed check,1077.95,0,25.06860465,24.25
7614-QVWQL,1,0,1,1,49,0,0,DSL,0,1,0,0,1,1,One year,1,Bank transfer (automatic),2541.25,1,51.8622449,51.8
1976-CFOCS,0,1,1,0,1,1,0,DSL,0,0,0,0,0,0,Month-to-month,0,Electronic check,46,1,46,46
4631-OACRM,1,1,0,0,15,1,0,Fiber optic,0,0,0,0,0,1,Month-to-month,1,Electronic check,1156.1,1,77.07333333,79.4
7139-JZFVG,1,0,1,1,60,1,0,DSL,1,1,1,0,0,0,Two year,0,Bank transfer (automatic),3694.45,0,61.57416667,60.5
4987-GQWPO,1,0,0,0,17,0,0,DSL,0,0,0,0,0,0,Month-to-month,0,Credit card (automatic),382.8,0,22.51764706,25.1
3755-JBMNH,1,1,1,0,16,1,0,Fiber optic,0,0,0,0,0,0,Month-to-month,1,Bank transfer (automatic),1167.8,1,72.9875,71.8
1757-TCATG,1,0,1,1,35,1,0,No,0,0,0,0,0,0,One year,0,Bank transfer (automatic),746.75,0,21.33571429,20.05
6345-ULYRW,1,1,1,0,44,1,1,Fiber optic,0,1,0,0,0,1,One year,0,Mailed check,3912.9,1,88.92954545,88.4
4776-XSKYQ,0,0,1,1,12,0,0,DSL,0,0,0,1,0,0,One year,0,Credit card (automatic),368.85,0,30.7375,30.25
8048-DSDFQ,1,0,0,0,1,1,0,No,0,0,0,0,0,0,Month-to-month,0,Mailed check,20.2,0,20.2,20.2
5753-QQWPW,0,0,0,0,28,1,0,DSL,1,1,0,1,0,0,One year,1,Electronic check,1654.7,0,59.09642857,59.9
6010-DDPPW,1,0,1,0,70,1,1,No,0,0,0,0,0,0,Two year,0,Bank transfer (automatic),1940.85,0,27.72642857,25.15
1809-DMJHQ,0,0,0,1,5,1,0,DSL,0,0,0,0,0,0,Month-to-month,0,Mailed check,221.7,1,44.34,46
6693-FRIRW,1,0,0,0,18,1,0,Fiber optic,0,1,1,0,1,1,Month-to-month,0,Credit card (automatic),1794.65,0,99.70277778,101.3
6586-MYGKD,1,0,1,0,70,1,1,DSL,1,0,0,1,1,1,Two year,1,Credit card (automatic),5289.8,0,75.56857143,76.95
3173-NVMPX,0,0,1,1,9,1,1,DSL,0,1,0,0,0,0,Month-to-month,1,Mailed check,501.2,0,55.68888889,55.3
0248-PGHBZ,0,1,0,0,67,1,0,Fiber optic,1,1,0,1,1,0,Two year,1,Bank transfer (automatic),6140.85,0,91.65447761,92.45
0623-GDISB,0,0,0,0,1,1,0,DSL,1,0,0,0,0,0,Month-to-month,1,Bank transfer (automatic),48.45,0,48.45,48.45
2892-GESUL,0,0,1,1,18,1,0,No,0,0,0,0,0,0,Two year,0,Mailed check,309.25,0,17.18055556,19.35
6923-EFPNL,1,0,0,0,4,1,1,DSL,0,0,0,0,0,0,Month-to-month,0,Credit card (automatic),201.1,1,50.275,51.75
7472-EQOAV,1,1,1,1,71,1,0,Fiber optic,1,1,1,0,0,0,One year,1,Bank transfer (automatic),6179.35,0,87.03309859,86.7
9574-RKJIF,1,0,1,1,30,1,1,Fiber optic,1,1,0,0,1,0,Month-to-month,1,Electronic check,2838.7,1,94.62333333,94.4
2043-WVTQJ,1,0,1,0,1,1,0,DSL,1,0,1,0,0,0,Month-to-month,0,Mailed check,55.7,0,55.7,55.7
8034-RYTVV,0,0,0,0,55,1,1,Fiber optic,1,0,1,0,0,0,One year,1,Credit card (automatic),4589.85,0,83.45181818,84.25
3863-QSTYI,1,0,0,0,59,1,0,DSL,0,0,1,1,1,0,Month-to-month,1,Electronic check,3735.45,0,63.31271186,64.65
2619-WFQWU,0,0,0,0,1,1,0,Fiber optic,0,0,0,0,0,0,Month-to-month,1,Mailed check,70.15,1,70.15,70.15
5044-LRQAQ,0,0,1,0,7,1,0,Fiber optic,0,0,0,0,0,0,Month-to-month,1,Bank transfer (automatic),477.55,0,68.22142857,69.2
1716-LSAMB,1,0,1,1,45,1,0,DSL,1,0,0,1,0,0,Two year,0,Bank transfer (automatic),2553.7,0,56.74888889,54.65
1333-PBMXB,0,0,1,1,54,1,1,No,0,0,0,0,0,0,One year,1,Bank transfer (automatic),1342.15,0,24.85462963,24.75
6546-OPBBH,1,0,1,1,51,1,1,No,0,0,0,0,0,0,One year,1,Mailed check,1216.35,0,23.85,23.95
5985-BEHZK,0,1,1,0,72,1,1,Fiber optic,0,1,1,0,1,1,One year,0,Credit card (automatic),7578.05,0,105.2506944,105
9127-QRZMH,1,0,1,0,44,1,0,DSL,1,1,0,1,0,0,One year,1,Bank transfer (automatic),2603.95,0,59.18068182,59.85
5919-VCZYM,1,0,0,0,2,1,0,No,0,0,0,0,0,0,Month-to-month,0,Mailed check,42.7,0,21.35,20.05
9644-KVCNC,0,0,0,0,66,1,1,Fiber optic,0,0,1,0,1,0,One year,1,Bank transfer (automatic),6056.9,0,91.77121212,92.15
2137-DQMEV,1,0,1,1,68,0,0,DSL,1,1,0,0,1,0,One year,0,Mailed check,2983.65,0,43.87720588,44.8
8174-LNWMW,0,0,0,0,31,1,0,No,0,0,0,0,0,0,Two year,0,Credit card (automatic),689.35,0,22.23709677,20.9
9279-CJEOJ,0,1,0,0,21,1,1,Fiber optic,0,0,0,0,1,1,Month-to-month,1,Bank transfer (automatic),2025.1,0,96.43333333,95.4
7964-VEXDG,1,0,0,1,21,1,1,Fiber optic,1,0,0,0,0,0,Month-to-month,0,Electronic check,1747.2,0,83.2,80.35
2404-JIBFC,0,0,1,1,55,1,1,DSL,1,0,1,1,1,1,Two year,1,Bank transfer (automatic),4657.95,0,84.69,85.1
0778-NELLA,1,0,0,0,9,0,0,DSL,0,0,0,0,1,0,Month-to-month,1,Credit card (automatic),296.1,1,32.9,34.7
8029-XYPWT,1,1,1,0,71,1,1,Fiber optic,1,1,1,1,1,1,Two year,1,Bank transfer (automatic),8016.6,0,112.9098592,114.729
4614-NUVZD,0,0,0,0,1,1,0,Fiber optic,0,0,0,0,0,1,Month-to-month,1,Electronic check,81.1,1,81.1,81.1
4632-PAOYU,1,0,1,1,22,1,0,No,0,0,0,0,0,0,One year,0,Mailed check,433.5,0,19.70454545,19.95
3803-KMQFW,0,0,1,1,1,1,0,No,0,0,0,0,0,0,Month-to-month,0,Mailed check,20.55,1,20.55,20.55
6804-GDMOI,0,0,0,0,61,1,1,Fiber optic,0,0,1,1,1,1,Two year,1,Electronic check,6428.4,1,105.3836066,106.6
2990-OGYTD,0,0,1,0,67,1,1,DSL,0,1,1,1,1,1,Two year,0,Bank transfer (automatic),5883.85,0,87.81865672,86.15
6646-JPPHA,0,1,0,0,14,1,0,Fiber optic,1,1,0,0,0,0,Month-to-month,0,Electronic check,1043.8,0,74.55714286,78.85
9572-MTILT,1,0,1,0,59,1,1,Fiber optic,1,1,1,1,1,0,Month-to-month,1,Electronic check,6252.9,1,105.9813559,106.75
7658-UYUQS,1,1,1,0,21,1,0,Fiber optic,0,0,1,0,1,0,Month-to-month,0,Bank transfer (automatic),1857.25,0,88.44047619,86.55
7880-XSOJX,1,0,0,0,4,0,0,DSL,1,1,0,1,0,0,Month-to-month,0,Mailed check,146.4,0,36.6,42.4
9611-CTWIH,0,0,0,0,3,1,0,Fiber optic,0,0,0,0,1,1,Month-to-month,1,Electronic check,240.45,1,80.15,89.45
4589-IUAJB,1,0,1,0,70,1,1,No,0,0,0,0,0,0,Two year,0,Bank transfer (automatic),1724.15,0,24.63071429,24.25
0329-GTIAJ,0,0,0,0,3,1,0,Fiber optic,0,1,0,1,1,1,Month-to-month,1,Electronic check,315.3,1,105.1,97.9
8746-BFOAJ,1,1,0,0,21,1,0,No,0,0,0,0,0,0,One year,0,Bank transfer (automatic),429.55,0,20.4547619,20.5
8457-XIGKN,1,0,0,0,20,1,0,No,0,0,0,0,0,0,Month-to-month,1,Credit card (automatic),356.15,0,17.8075,19.6
6072-NUQCB,1,0,1,1,22,1,0,No,0,0,0,0,0,0,One year,0,Bank transfer (automatic),488.25,0,22.19318182,20.25
6629-CZTTH,1,0,0,0,1,1,0,DSL,0,0,0,0,0,1,Month-to-month,1,Mailed check,55.7,1,55.7,55.7
8838-GPHZP,0,0,0,0,63,1,0,No,0,0,0,0,0,0,Two year,1,Mailed check,1298.7,0,20.61428571,20.6
8750-QWZAJ,0,0,1,1,70,1,0,No,0,0,0,0,0,0,Two year,0,Bank transfer (automatic),1378.75,0,19.69642857,19.8
5364-EVNIB,1,0,0,0,13,1,0,Fiber optic,0,1,1,0,0,0,Month-to-month,1,Electronic check,973.45,1,74.88076923,79.8
6918-UMQCG,0,0,0,0,5,1,0,Fiber optic,0,0,0,0,1,0,Month-to-month,0,Electronic check,384.25,0,76.85,80.2
0675-NCDYU,0,0,1,1,72,1,1,Fiber optic,1,1,1,1,1,1,Two year,1,Credit card (automatic),8543.25,0,118.65625,114.729
6339-DKLMK,0,0,0,0,13,0,0,DSL,0,1,0,0,0,0,Month-to-month,1,Electronic check,389.95,0,29.99615385,31.65
1346-PJWTK,1,0,1,0,61,1,0,Fiber optic,0,1,1,1,0,1,Month-to-month,0,Credit card (automatic),5731.85,0,93.9647541,94.15
5088-QZLRL,1,0,0,0,1,1,0,No,0,0,0,0,0,0,Month-to-month,0,Electronic check,20.65,0,20.65,20.65
8023-QHAIO,0,1,1,0,56,1,1,Fiber optic,0,0,0,1,0,0,Month-to-month,1,Bank transfer (automatic),4275.75,0,76.35267857,76.85
4397-FRLTA,0,0,0,0,4,1,0,No,0,0,0,0,0,0,Month-to-month,0,Mailed check,84.5,0,21.125,20.15
3057-VJJQE,1,0,0,0,35,1,1,DSL,1,0,0,0,0,0,Two year,0,Mailed check,1924.1,0,54.97428571,55.25
5087-SUURX,0,0,1,0,18,0,0,DSL,0,0,1,0,1,0,Month-to-month,1,Electronic check,669.85,1,37.21388889,39.05
2302-OUZXB,1,0,1,0,72,1,1,DSL,0,1,1,0,1,1,Two year,0,Bank transfer (automatic),5784.3,0,80.3375,82.15
8133-ANHHJ,0,1,0,0,49,1,1,Fiber optic,1,1,1,1,0,1,One year,0,Bank transfer (automatic),5166.2,0,105.4326531,103
2270-CHBFN,0,0,1,0,44,1,1,Fiber optic,1,1,1,1,0,0,Month-to-month,1,Credit card (automatic),4060.55,0,92.28522727,95.1
0013-EXCHZ,0,1,1,0,3,1,0,Fiber optic,0,0,0,1,1,0,Month-to-month,1,Mailed check,267.4,1,89.13333333,83.9
5982-FPVQN,0,0,1,1,37,1,1,Fiber optic,0,1,1,0,0,1,Month-to-month,1,Electronic check,3532.85,0,95.48243243,95.15
9107-UKCKY,1,0,1,0,61,1,1,DSL,0,1,1,0,1,1,One year,1,Electronic check,4914.8,0,80.5704918,79.8
4654-ULTTN,1,0,1,0,70,1,1,DSL,1,0,1,1,0,1,Two year,1,Credit card (automatic),5315.8,0,75.94,74.8
5550-VFRLC,0,1,0,0,1,1,0,Fiber optic,0,0,0,0,0,0,Month-to-month,1,Electronic check,69.85,1,69.85,69.85
5546-BYZSM,0,0,0,0,41,1,0,No,0,0,0,0,0,0,Month-to-month,0,Electronic check,775.6,0,18.91707317,20.45
1492-KGETH,1,0,1,1,70,1,1,DSL,1,1,1,1,0,1,One year,0,Bank transfer (automatic),5445.95,0,77.79928571,78.35
4929-BSTRX,0,0,0,0,1,1,0,DSL,0,0,0,0,1,0,Month-to-month,1,Mailed check,53.55,1,53.55,53.55
4163-HFTUK,1,0,0,0,51,1,0,No,0,0,0,0,0,0,One year,0,Electronic check,1007.8,0,19.76078431,19.1
8215-NGSPE,0,0,1,1,42,1,0,No,0,0,0,0,0,0,Two year,0,Mailed check,833.55,0,19.84642857,20
2225-ZRGSG,0,0,1,1,70,1,1,Fiber optic,1,1,1,1,0,0,Two year,0,Bank transfer (automatic),6579.05,1,93.98642857,93.9
8859-YSTWS,1,0,0,0,48,1,0,No,0,0,0,0,0,0,One year,0,Bank transfer (automatic),1004.5,0,20.92708333,19.95
5271-YNWVR,1,0,1,1,68,1,1,Fiber optic,1,1,1,1,1,1,Two year,1,Electronic check,7856,1,115.5294118,113.15
7601-DHFWZ,0,0,0,0,48,1,1,No,0,0,0,0,0,0,Two year,0,Credit card (automatic),1183.05,0,24.646875,24
2657-ALMWY,0,1,1,0,26,1,0,Fiber optic,0,1,0,0,0,1,Month-to-month,0,Electronic check,2169.75,1,83.45192308,84.95
6330-JKLPC,1,0,1,0,11,1,1,Fiber optic,0,1,0,0,0,0,Month-to-month,1,Bank transfer (automatic),896.9,1,81.53636364,80.5
4667-OHGKG,1,0,0,0,1,1,0,No,0,0,0,0,0,0,Month-to-month,1,Mailed check,19.3,1,19.3,19.3
1998-VHJHK,0,0,0,0,27,1,0,No,0,0,0,0,0,0,One year,0,Mailed check,501.35,0,18.56851852,19.15
1707-HABPF,0,1,0,0,46,1,0,Fiber optic,0,1,1,0,1,0,One year,1,Bank transfer (automatic),4126.35,0,89.70326087,91.3
1660-HSOOQ,1,0,0,0,1,1,0,DSL,0,0,1,0,0,0,Month-to-month,1,Mailed check,49.65,1,49.65,49.65
7253-UVNDW,0,0,0,0,46,1,0,DSL,0,0,1,1,0,0,Two year,0,Credit card (automatic),2460.15,1,53.48152174,54.35
0487-VVUVK,1,0,1,1,25,1,0,No,0,0,0,0,0,0,Month-to-month,1,Mailed check,477.6,0,19.104,19.15
7228-OMTPN,1,0,0,0,4,1,0,Fiber optic,0,0,0,0,1,1,Month-to-month,1,Electronic check,370.65,1,92.6625,88.45
5063-IUOKK,1,0,0,0,13,1,0,No,0,0,0,0,0,0,Two year,0,Mailed check,265.75,0,20.44230769,19.75
4508-OEBEY,1,0,1,0,31,1,0,DSL,1,1,1,1,0,1,One year,1,Credit card (automatic),2424.45,0,78.20806452,75.5
0027-KWYKW,0,0,1,1,23,1,1,Fiber optic,0,0,0,0,1,0,Month-to-month,1,Electronic check,1849.95,0,80.4326087,83.75
2308-STERM,0,0,0,0,2,1,0,No,0,0,0,0,0,0,Month-to-month,0,Mailed check,61.05,0,30.525,19.4
5982-XMDEX,0,0,0,0,65,1,1,No,0,0,0,0,0,0,Two year,0,Bank transfer (automatic),1698.55,0,26.13153846,26.5
6284-AHOOQ,1,1,0,0,22,1,1,Fiber optic,0,0,0,1,1,0,Month-to-month,1,Bank transfer (automatic),1910.6,1,86.84545455,90.5
6051-PTVNS,0,0,1,1,55,1,0,No,0,0,0,0,0,0,One year,0,Credit card (automatic),998.1,0,18.14727273,19.15
2344-JMOGN,1,0,1,0,9,1,0,Fiber optic,0,1,1,1,1,0,Month-to-month,1,Mailed check,890.6,1,98.95555556,94.85
3799-ISUZQ,1,0,1,1,7,1,0,Fiber optic,0,0,0,0,0,0,Month-to-month,1,Bank transfer (automatic),529.5,1,75.64285714,69.95
2877-VDUER,0,0,1,1,35,0,0,DSL,0,0,0,1,1,0,One year,0,Mailed check,1383.6,0,39.53142857,40.9
9152-AMKAK,1,0,0,0,6,1,0,DSL,1,0,1,1,1,1,Two year,1,Mailed check,493.4,0,82.23333333,80.25
1794-HBQTJ,0,0,0,0,1,1,0,DSL,1,0,0,0,0,0,Month-to-month,1,Credit card (automatic),48.6,1,48.6,48.6
9432-VOFYX,1,0,0,0,17,1,0,Fiber optic,0,0,0,0,0,0,Month-to-month,1,Electronic check,1207,0,71,70.8
8049-WJCLQ,1,0,1,1,10,1,0,DSL,0,0,1,0,1,0,Month-to-month,0,Mailed check,563.5,0,56.35,60.2
6586-PSJOX,1,0,0,1,15,1,0,DSL,0,0,1,1,0,0,One year,0,Credit card (automatic),864.55,0,57.63666667,55.2
2460-FPSYH,0,1,0,0,40,0,0,DSL,1,1,0,0,1,1,Month-to-month,1,Electronic check,2109.35,1,52.73375,55.8
9705-ZJBCG,0,0,1,1,13,1,0,DSL,1,0,0,1,0,0,One year,0,Bank transfer (automatic),701.05,0,53.92692308,54.15
4818-DRBQT,1,0,1,0,29,1,1,Fiber optic,0,1,0,0,0,0,Month-to-month,1,Bank transfer (automatic),2265.25,1,78.11206897,80.15
1320-HTRDR,0,0,0,0,3,1,1,Fiber optic,0,0,0,0,0,0,Month-to-month,1,Electronic check,220.6,1,73.53333333,75.5
6847-KJLTS,0,1,1,0,58,1,1,Fiber optic,0,0,0,1,1,1,Month-to-month,1,Bank transfer (automatic),5749.8,0,99.13448276,100.4
9670-BPNXF,0,0,0,0,45,1,0,DSL,1,1,0,1,0,0,One year,1,Credit card (automatic),2796.45,0,62.14333333,62.55
3913-FCUUW,0,0,1,1,72,1,1,DSL,1,1,1,1,0,0,Two year,1,Bank transfer (automatic),5165.7,0,71.74583333,70.45
3301-VKTGC,1,0,1,1,68,1,1,Fiber optic,1,1,0,0,0,0,One year,1,Bank transfer (automatic),5696.6,0,83.77352941,85.5
1493-AMTIE,1,0,0,0,1,1,0,No,0,0,0,0,0,0,Month-to-month,1,Bank transfer (automatic),20.2,1,20.2,20.2
9555-SAHUZ,0,0,1,1,38,1,0,DSL,1,1,0,0,0,0,Month-to-month,0,Electronic check,2076.05,0,54.63289474,54.5
0816-TSPHQ,1,0,0,0,2,1,0,No,0,0,0,0,0,0,Month-to-month,0,Mailed check,44.2,0,22.1,20.75
9932-WBWIK,1,0,0,0,11,1,0,No,0,0,0,0,0,0,Month-to-month,0,Mailed check,215.25,0,19.56818182,20.35
4619-EVPHY,0,1,1,0,20,1,0,Fiber optic,0,0,0,0,1,1,One year,1,Bank transfer (automatic),1859.5,0,92.975,91
5286-YHCVC,1,0,1,0,72,1,1,Fiber optic,0,1,1,0,1,1,Two year,1,Bank transfer (automatic),7470.1,0,103.7513889,104.8
6424-ELEYH,0,0,1,0,3,1,1,Fiber optic,0,0,0,0,0,0,Month-to-month,1,Credit card (automatic),229.5,1,76.5,74.75
4391-RESHN,1,0,0,0,23,1,1,Fiber optic,0,0,1,1,1,1,Month-to-month,1,Mailed check,2470.1,1,107.3956522,104.05
9115-YQHGA,1,0,0,0,40,1,0,DSL,0,0,0,1,0,0,Month-to-month,1,Electronic check,2092.9,0,52.3225,51.1
4462-CYWMH,1,1,1,0,62,1,1,Fiber optic,0,1,0,0,0,1,Month-to-month,1,Bank transfer (automatic),5629.55,0,90.79919355,89.8
8963-MQVYN,0,0,0,1,22,1,0,No,0,0,0,0,0,0,Month-to-month,1,Electronic check,469.85,0,21.35681818,20.55
2458-EOMRE,0,0,0,0,11,1,0,DSL,1,0,1,0,0,1,Month-to-month,0,Bank transfer (automatic),733.95,0,66.72272727,64.05
9334-GWGOW,1,1,1,0,7,1,1,Fiber optic,0,0,0,0,0,0,Month-to-month,1,Electronic check,485.25,0,69.32142857,74.85
6821-BUXUX,0,0,0,0,13,1,1,Fiber optic,1,1,0,0,1,0,Month-to-month,1,Electronic check,1244.5,1,95.73076923,96.65
5028-HTLJB,1,1,0,0,1,1,0,No,0,0,0,0,0,0,Month-to-month,0,Mailed check,20.05,1,20.05,20.05
9801-GDWGV,0,0,0,0,39,1,1,Fiber optic,0,1,1,0,1,1,Month-to-month,1,Electronic check,3994.45,1,102.4217949,103.45
6542-LWGXJ,1,0,1,0,3,0,0,DSL,0,0,0,0,0,0,Month-to-month,0,Mailed check,78.25,0,26.08333333,25
5567-GZKQY,1,0,0,0,58,1,0,No,0,0,0,0,0,0,Two year,0,Credit card (automatic),1131.5,0,19.50862069,20.3
1222-LRYKO,1,0,0,1,6,1,1,No,0,0,0,0,0,0,Month-to-month,0,Mailed check,184.05,0,30.675,26.35
2320-JRSDE,0,0,1,1,1,1,0,No,0,0,0,0,0,0,Month-to-month,1,Electronic check,19.9,1,19.9,19.9
2087-QAREY,0,0,1,0,22,1,0,DSL,0,1,1,0,0,0,Month-to-month,1,Mailed check,1178.75,0,53.57954545,54.7
0601-WZHJF,1,0,1,0,14,0,0,DSL,0,0,0,0,1,1,Month-to-month,0,Electronic check,667.7,1,47.69285714,46.35
4423-JWZJN,1,0,1,1,64,1,1,Fiber optic,0,0,1,0,0,1,One year,0,Credit card (automatic),5629.15,0,87.95546875,90.25
5143-WMWOG,1,0,0,0,1,1,0,No,0,0,0,0,0,0,Month-to-month,0,Electronic check,19.95,1,19.95,19.95
6490-FGZAT,1,0,0,0,6,1,0,No,0,0,0,0,0,0,Month-to-month,0,Mailed check,109.3,0,18.21666667,20.65
5393-RXQSZ,1,0,0,0,1,1,0,Fiber optic,0,0,0,0,0,1,Month-to-month,0,Electronic check,79.6,1,79.6,79.6
7452-FOLON,1,0,0,1,39,1,1,No,0,0,0,0,0,0,One year,0,Bank transfer (automatic),958.45,0,24.57564103,25.45
2320-TZRRH,0,0,0,0,20,1,0,No,0,0,0,0,0,0,One year,0,Mailed check,403.15,0,20.1575,19.5
0231-LXVAP,1,0,0,0,1,1,0,Fiber optic,0,0,0,1,0,0,Month-to-month,1,Electronic check,75.9,1,75.9,75.9
9444-JTXHZ,1,0,1,0,1,1,0,Fiber optic,0,0,1,0,0,0,Month-to-month,0,Electronic check,76.2,1,76.2,76.2
4942-VZZOM,1,0,1,0,64,1,1,DSL,1,0,0,0,1,0,One year,1,Credit card (automatic),4392.5,0,68.6328125,66.15
5510-BOIUJ,1,0,0,1,1,1,0,No,0,0,0,0,0,0,Month-to-month,0,Mailed check,19.25,1,19.25,19.25
7502-BNYGS,0,0,1,0,46,1,0,DSL,0,1,0,0,1,1,Month-to-month,1,Credit card (automatic),3168,0,68.86956522,69.1
4291-HYEBC,0,1,1,1,28,0,0,DSL,0,1,0,0,0,1,One year,1,Electronic check,1096.6,0,39.16428571,39.1
6147-CBCRA,0,0,1,0,33,1,0,No,0,0,0,0,0,0,Month-to-month,0,Mailed check,669.45,0,20.28636364,20.05
6047-SUHPR,1,0,1,1,39,1,0,DSL,1,1,1,0,0,0,One year,0,Electronic check,2343.85,0,60.09871795,59.8
4471-KXAUH,0,0,1,0,42,1,1,Fiber optic,0,0,1,1,0,0,Month-to-month,1,Electronic check,3588.4,1,85.43809524,84.3
9752-ZNQUT,0,0,0,0,1,1,0,DSL,0,1,0,0,0,0,Month-to-month,1,Electronic check,48.6,0,48.6,48.6
7638-QVMVY,0,0,0,0,7,1,0,Fiber optic,0,0,0,0,1,0,Month-to-month,1,Electronic check,522.95,1,74.70714286,79
1576-PFZIW,1,1,1,0,70,1,0,Fiber optic,1,1,1,0,1,1,Two year,0,Credit card (automatic),7511.9,0,107.3128571,105.35
5666-MBJPT,1,0,0,0,65,1,1,No,0,0,0,0,0,0,Two year,1,Bank transfer (automatic),1725,0,26.53846154,25.1
7312-XSBAT,1,0,0,0,1,1,0,DSL,1,0,0,0,0,0,Month-to-month,0,Electronic check,49.75,0,49.75,49.75
3096-GKWEB,1,0,1,0,18,1,1,Fiber optic,0,0,0,0,1,1,Month-to-month,1,Electronic check,1691.9,0,93.99444444,94.75
2371-JQHZZ,1,0,1,0,24,1,1,Fiber optic,0,0,0,0,1,1,Month-to-month,1,Electronic check,2248.05,0,93.66875,93
0674-GCDXG,1,0,0,0,63,1,1,DSL,1,0,1,1,0,1,Two year,1,Bank transfer (automatic),4479.2,0,71.0984127,71.9
1121-QSIVB,0,0,0,1,44,1,1,DSL,0,1,0,0,1,1,One year,1,Mailed check,3471.1,0,78.88863636,77.55
4396-KLSEH,1,0,0,0,4,1,0,No,0,0,0,0,0,0,Month-to-month,1,Electronic check,63,0,15.75,19.85
3244-DCJWY,0,0,0,0,1,1,0,Fiber optic,0,0,0,0,0,0,Month-to-month,1,Electronic check,70.25,1,70.25,70.25
2824-MYYBN,0,0,1,1,37,1,1,Fiber optic,0,0,0,0,1,1,Month-to-month,1,Electronic check,3314.15,0,89.57162162,95.25
0875-CABNR,0,1,0,0,10,1,0,Fiber optic,0,0,1,0,0,1,Month-to-month,1,Credit card (automatic),865.55,1,86.555,84.6
6345-HOVES,1,0,0,0,34,0,0,DSL,0,0,0,0,0,0,Month-to-month,1,Bank transfer (automatic),852.7,0,25.07941176,25.05
8318-LCNBW,1,0,1,0,35,0,0,DSL,1,0,1,0,1,1,One year,0,Credit card (automatic),1930.9,0,55.16857143,53.15
6469-QJKZW,0,0,1,0,4,1,0,No,0,0,0,0,0,0,Month-to-month,0,Electronic check,91.4,0,22.85,20.15
0147-ESWWR,0,1,1,0,39,1,1,Fiber optic,0,0,0,1,1,1,Month-to-month,1,Electronic check,3949.15,0,101.2602564,101.25
1217-VASWC,1,1,1,0,43,1,0,Fiber optic,0,1,1,0,1,1,One year,1,Bank transfer (automatic),4304,0,100.0930233,100.55
7812-FZHPE,0,0,1,1,17,1,1,No,0,0,0,0,0,0,Month-to-month,0,Mailed check,409.9,1,24.11176471,24.1
6370-ZVHDV,0,0,1,0,61,1,1,No,0,0,0,0,0,0,Two year,0,Bank transfer (automatic),1554.9,0,25.49016393,25.3
5915-DGNVC,0,0,1,0,49,1,1,DSL,1,1,1,0,0,1,One year,0,Electronic check,3472.05,0,70.85816327,71.8
6260-XLACS,1,0,0,0,4,1,0,No,0,0,0,0,0,0,One year,0,Mailed check,117.8,0,29.45,19.7
3566-CAAYU,0,0,1,1,64,0,0,DSL,0,1,1,1,0,1,Two year,0,Electronic check,3210.35,0,50.16171875,49.85
4983-CCWMC,1,0,0,0,3,1,0,Fiber optic,0,0,0,0,0,0,Month-to-month,1,Mailed check,207.4,0,69.13333333,69.6
9103-CXVOK,1,0,1,1,1,1,0,No,0,0,0,0,0,0,Month-to-month,0,Electronic check,19.75,0,19.75,19.75
2896-TBNBE,1,0,1,0,40,1,0,Fiber optic,0,1,1,0,0,0,One year,0,Electronic check,3132.75,0,78.31875,80.8
4797-AXPXK,0,0,0,1,1,1,0,DSL,1,1,0,1,0,0,Month-to-month,1,Electronic check,60,1,60,60
5229-PRWKT,1,0,0,0,8,1,1,Fiber optic,0,0,0,0,0,1,Month-to-month,1,Electronic check,649.65,1,81.20625,86.55
6982-UQZLY,0,1,1,0,1,1,0,No,0,0,0,0,0,0,Month-to-month,1,Mailed check,20.85,1,20.85,20.85
2522-WLNSF,0,1,1,0,34,1,0,DSL,0,0,1,1,1,0,One year,0,Bank transfer (automatic),2106.3,0,61.95,64.2
3841-CONLJ,0,0,1,0,1,0,0,DSL,0,0,0,0,0,1,Month-to-month,0,Electronic check,35,0,35,35
5057-LCOUI,0,0,0,0,39,0,0,DSL,0,0,1,0,1,1,Month-to-month,1,Electronic check,2011.4,1,51.57435897,50.75
0193-ESZXP,0,1,1,0,58,1,0,Fiber optic,1,1,0,1,1,1,One year,1,Credit card (automatic),6205.5,1,106.9913793,105.5
4475-NVTLU,1,0,1,1,45,1,0,No,0,0,0,0,0,0,Two year,0,Electronic check,903.7,0,20.08222222,19.2
4369-HTUIF,1,1,0,0,6,1,0,Fiber optic,1,0,0,0,1,0,Month-to-month,1,Bank transfer (automatic),503.6,1,83.93333333,85.15
9386-LDCZR,1,0,0,0,43,1,0,Fiber optic,1,1,1,1,0,0,One year,1,Credit card (automatic),3882.3,0,90.28604651,90.65
9585-KKMFD,1,0,1,1,41,1,0,No,0,0,0,0,0,0,Two year,1,Mailed check,879.8,0,21.45853659,20
5399-ZIMKF,1,0,0,0,5,1,0,Fiber optic,0,1,0,0,0,0,Month-to-month,1,Electronic check,383.65,0,76.73,74.65
0336-KXKFK,1,0,0,0,72,0,0,DSL,1,0,1,1,1,1,Two year,1,Credit card (automatic),4390.25,0,60.97569444,61.2
5619-XZZKR,1,0,0,0,4,1,0,No,0,0,0,0,0,0,One year,0,Mailed check,68.2,0,17.05,19.95
3948-FVVRP,1,0,1,1,9,1,0,DSL,0,1,0,1,0,0,Month-to-month,0,Mailed check,452.8,0,50.31111111,54.8
5327-XOKKY,1,1,1,0,72,1,1,DSL,0,0,1,0,1,1,Two year,1,Credit card (automatic),5329,0,74.01388889,73.45
0983-TATYJ,0,0,1,0,33,1,0,DSL,0,0,0,1,0,0,One year,1,Mailed check,1758.9,0,53.3,51.45
1813-JYWTO,0,0,1,0,72,1,1,Fiber optic,1,0,0,0,0,0,Two year,0,Bank transfer (automatic),5737.6,0,79.68888889,80.45
0156-FVPTA,1,0,1,0,22,1,0,DSL,1,0,0,1,0,0,Month-to-month,1,Electronic check,1152.7,1,52.39545455,54.2
1984-FCOWB,0,0,1,0,70,1,1,Fiber optic,0,1,1,1,1,1,One year,1,Electronic check,7674.55,1,109.6364286,109.5
0654-HMSHN,1,0,1,1,21,1,1,Fiber optic,0,1,1,0,1,1,Month-to-month,0,Electronic check,2157.95,1,102.7595238,104.4
6719-OXYBR,1,0,0,0,15,1,0,Fiber optic,0,0,1,0,1,0,Month-to-month,0,Electronic check,1219.85,0,81.32333333,85.3
3312-ZWLGF,1,1,1,0,29,1,1,Fiber optic,0,0,0,1,0,0,Month-to-month,1,Electronic check,2414.55,0,83.26034483,79.3
6476-YHMGA,0,0,1,1,15,1,0,DSL,0,1,1,1,1,1,Month-to-month,0,Bank transfer (automatic),1155.6,0,77.04,76.5
5287-QWLKY,1,1,1,1,71,1,1,Fiber optic,1,1,0,0,1,1,Month-to-month,1,Credit card (automatic),7548.1,1,106.3112676,105.1
0795-XCCTE,1,1,0,0,72,1,1,No,0,0,0,0,0,0,Two year,0,Bank transfer (automatic),1809.35,0,25.12986111,25.4
0168-XZKBB,0,0,1,0,19,1,1,Fiber optic,0,0,0,0,1,0,Month-to-month,1,Electronic check,1564.4,0,82.33684211,86.85
3785-NRHYR,1,0,0,0,1,1,0,No,0,0,0,0,0,0,Month-to-month,0,Mailed check,19.65,0,19.65,19.65
5196-SGOAK,0,0,0,0,1,1,0,Fiber optic,0,1,0,0,0,0,Month-to-month,1,Electronic check,75.7,1,75.7,75.7
4537-DKTAL,0,0,0,0,2,1,0,DSL,0,0,0,0,0,0,Month-to-month,0,Electronic check,84.4,0,42.2,45.55
7072-MBHEV,0,1,1,1,11,1,1,Fiber optic,0,0,1,0,0,0,Month-to-month,1,Credit card (automatic),864.85,0,78.62272727,78.1
5602-BVFMK,0,0,0,0,12,1,0,No,0,0,0,0,0,0,One year,0,Mailed check,228.75,0,19.0625,19.3
6297-NOOPG,0,0,1,0,70,1,1,Fiber optic,0,1,1,1,1,1,Two year,1,Electronic check,7752.05,0,110.7435714,110.5
1891-UAWWU,0,1,1,0,20,1,1,Fiber optic,0,0,1,0,1,0,Month-to-month,0,Electronic check,1951,1,97.55,90.8
8204-TIFGJ,0,0,0,0,23,1,0,No,0,0,0,0,0,0,Month-to-month,1,Bank transfer (automatic),470.6,0,20.46086957,20.3
8050-DVOJX,1,1,0,0,49,1,1,DSL,1,1,1,1,0,1,Two year,0,Credit card (automatic),4060.9,0,82.8755102,81.35
6108-OQZDQ,0,0,1,1,4,1,1,Fiber optic,0,1,0,0,1,1,Month-to-month,1,Electronic check,384.5,1,96.125,97.95
0363-QJVFX,1,0,0,0,32,1,1,Fiber optic,1,1,0,1,1,1,Month-to-month,1,Credit card (automatic),3432.9,1,107.278125,108.15
8903-XEBGX,1,0,0,1,2,1,0,DSL,0,0,0,0,0,1,Month-to-month,1,Electronic check,108.65,0,54.325,55.3
8169-SAEJD,1,1,1,0,69,0,0,DSL,1,1,0,0,1,1,Two year,0,Credit card (automatic),3952.65,0,57.28478261,56.55
9840-DVNDC,1,0,0,0,6,1,0,Fiber optic,0,0,0,0,1,0,Month-to-month,1,Credit card (automatic),463.05,1,77.175,80.5
1089-XZWHH,0,0,1,1,24,1,0,No,0,0,0,0,0,0,Two year,1,Mailed check,494.05,0,20.58541667,19.7
2325-WINES,0,0,0,0,32,1,1,Fiber optic,0,1,1,0,1,1,One year,1,Credit card (automatic),3416.85,0,106.7765625,104.05
6064-ZATLR,0,0,0,0,27,1,0,DSL,1,1,0,0,0,0,Two year,0,Bank transfer (automatic),1498.65,0,55.50555556,52.85
3096-JRDSO,0,1,1,0,27,1,1,Fiber optic,1,0,0,1,1,1,Month-to-month,1,Bank transfer (automatic),2867.75,1,106.212963,104.3
7824-PANSQ,1,0,0,0,58,1,1,Fiber optic,0,0,0,1,0,0,Month-to-month,0,Bank transfer (automatic),4807.35,0,82.88534483,80.65
8042-JVNFH,1,0,0,0,1,1,0,Fiber optic,0,0,0,0,0,0,Month-to-month,1,Mailed check,71.35,1,71.35,71.35
9648-BCHKM,0,0,1,1,18,1,1,No,0,0,0,0,0,0,Two year,1,Credit card (automatic),471.35,0,26.18611111,24.65
2888-ADFAO,0,0,1,1,47,1,0,No,0,0,0,0,0,0,Two year,1,Bank transfer (automatic),1041.8,0,22.16595745,21.3
8707-HOEDG,0,0,1,1,70,1,1,Fiber optic,0,1,1,1,1,1,Two year,1,Electronic check,7689.8,0,109.8542857,110.2
3374-LXDEV,0,0,0,0,13,1,1,Fiber optic,0,1,1,1,0,0,Month-to-month,0,Electronic check,1132.35,1,87.10384615,89.4
4072-IPYLT,0,0,1,1,36,1,0,DSL,1,0,0,0,0,0,Month-to-month,0,Credit card (automatic),1815,0,50.41666667,51.05
7167-PCEYD,1,0,0,0,67,1,0,No,0,0,0,0,0,0,Two year,1,Mailed check,1311.3,0,19.57164179,19.8
4936-YPJNK,0,0,0,0,10,1,0,No,0,0,0,0,0,0,Month-to-month,1,Mailed check,199.45,0,19.945,19.9
1580-BMCMR,1,1,0,0,19,1,0,Fiber optic,1,0,0,0,0,1,Month-to-month,1,Electronic check,1637.3,0,86.17368421,87.3
4817-KEQSP,0,0,1,1,71,1,0,No,0,0,0,0,0,0,Two year,0,Bank transfer (automatic),1326.35,0,18.68098592,19.85
6408-WHTEF,1,0,1,1,72,1,1,DSL,1,1,1,1,1,1,Two year,1,Mailed check,6376.55,0,88.56319444,89.4
9251-AWQGT,0,0,1,1,48,1,0,No,0,0,0,0,0,0,Two year,0,Mailed check,935.9,0,19.49791667,20
8749-CLJXC,1,0,0,0,1,1,0,No,0,0,0,0,0,0,Month-to-month,0,Mailed check,20.05,0,20.05,20.05
7989-VCQOH,1,0,1,1,18,1,0,DSL,1,0,1,1,1,1,Month-to-month,0,Electronic check,1611.15,0,89.50833333,83.25
5049-GLYVG,1,0,0,0,1,1,0,No,0,0,0,0,0,0,Month-to-month,0,Mailed check,20.6,1,20.6,20.6
4199-QHJNM,1,1,1,0,67,1,1,Fiber optic,0,1,0,1,1,1,Two year,0,Bank transfer (automatic),6989.7,0,104.3238806,102.9
8882-TLVRW,1,0,1,1,69,0,0,DSL,1,0,1,1,0,0,Two year,0,Mailed check,2779.5,0,40.2826087,39.1
5883-GTGVD,1,0,0,0,19,1,1,Fiber optic,0,1,0,0,1,1,Month-to-month,1,Electronic check,1931.75,1,101.6710526,99.95
5135-GRQJV,1,1,1,0,72,1,1,Fiber optic,1,1,1,1,1,1,Two year,1,Mailed check,8331.95,0,115.7215278,114.5
2384-OVPSA,0,1,0,0,38,1,0,No,0,0,0,0,0,0,Two year,0,Mailed check,735.9,0,19.36578947,20.2
1371-WEPDS,1,1,1,0,40,1,0,DSL,0,0,0,0,0,1,One year,0,Electronic check,2283.3,0,57.0825,55.8
3580-GICBM,0,0,1,1,61,1,1,No,0,0,0,0,0,0,Two year,1,Mailed check,1445.2,0,23.69180328,24.2
4817-QRJSX,0,0,0,0,10,1,1,Fiber optic,0,1,0,0,0,0,Month-to-month,1,Credit card (automatic),818.05,1,81.805,81
9730-DRTMJ,1,0,1,0,32,1,1,DSL,1,0,0,1,1,0,One year,1,Credit card (automatic),2333.05,0,72.9078125,72.8
4686-UXDML,0,0,0,0,21,1,1,Fiber optic,0,1,0,0,1,1,Month-to-month,1,Credit card (automatic),1992.55,0,94.88333333,99.85
3349-ANQNH,0,1,0,0,59,1,1,Fiber optic,0,0,1,0,1,1,One year,1,Electronic check,5890,0,99.83050847,99.5
2398-YPMUR,0,1,1,0,13,1,0,Fiber optic,0,0,0,0,0,0,Month-to-month,1,Electronic check,916.75,1,70.51923077,70.15
0932-YIXYU,0,0,0,0,47,1,0,No,0,0,0,0,0,0,Two year,0,Credit card (automatic),1029.8,0,21.9106383,20.25
7480-SPLEF,1,0,1,1,69,1,1,No,0,0,0,0,0,0,Two year,1,Bank transfer (automatic),1796.55,0,26.03695652,26
7636-XUHWW,1,0,0,0,2,1,0,No,0,0,0,0,0,0,Month-to-month,1,Credit card (automatic),33.7,0,16.85,19.9
1431-CYWMH,0,0,1,1,22,1,0,No,0,0,0,0,0,0,Month-to-month,0,Bank transfer (automatic),454.05,0,20.63863636,19.05
5937-EORGB,1,1,1,0,15,1,1,Fiber optic,1,0,1,0,1,0,Month-to-month,1,Electronic check,1392.25,0,92.81666667,96.5
6349-JDHQP,0,0,0,0,53,1,0,No,0,0,0,0,0,0,Two year,0,Credit card (automatic),1049.6,0,19.80377358,19.85
5539-HIVAK,0,1,1,0,28,1,1,No,0,0,0,0,0,0,Month-to-month,0,Mailed check,734.6,0,26.23571429,25.7
5847-MXBEO,1,0,0,0,22,1,0,No,0,0,0,0,0,0,One year,0,Mailed check,475.1,0,21.59545455,20.3
9985-MWVIX,0,0,0,0,1,1,0,Fiber optic,0,0,0,0,0,0,Month-to-month,1,Mailed check,70.15,1,70.15,70.15
4583-PARNH,1,1,1,0,16,1,0,Fiber optic,0,0,1,1,0,1,Month-to-month,1,Electronic check,1540.05,0,96.253125,91.55
1116-FRYVH,0,0,1,1,48,0,0,DSL,1,1,0,1,0,0,Two year,0,Mailed check,1978.65,0,41.221875,39.4
1421-HCERK,1,1,1,0,30,1,1,Fiber optic,1,1,1,1,1,0,Month-to-month,1,Bank transfer (automatic),3181.8,0,106.06,105.7
9633-XQABV,0,0,0,0,3,1,0,Fiber optic,0,0,0,0,0,0,Month-to-month,1,Electronic check,229.7,0,76.56666667,70.25
0716-BQNDX,1,1,0,0,57,1,1,Fiber optic,1,0,0,1,0,1,Two year,0,Electronic check,5625.55,0,98.69385965,93.75
1265-XTECC,0,1,1,0,68,1,1,Fiber optic,1,1,0,0,0,1,One year,1,Credit card (automatic),6581.9,1,96.79264706,96.55
1183-CANVH,0,0,1,0,23,1,0,DSL,0,0,0,1,1,0,One year,0,Bank transfer (automatic),1347.15,0,58.57173913,60
1972-XMUWV,0,0,1,0,65,1,0,DSL,0,0,0,1,1,0,Two year,1,Credit card (automatic),3808.2,0,58.58769231,59.8
8679-LZBMD,1,0,1,0,44,1,0,Fiber optic,0,0,0,0,1,1,One year,1,Bank transfer (automatic),3974.15,0,90.32159091,90.65
3407-JMJQQ,0,0,1,1,71,1,1,Fiber optic,1,1,1,0,1,1,Two year,1,Bank transfer (automatic),7661.8,0,107.9126761,109
6252-DFGTK,0,0,1,0,37,1,1,DSL,1,0,1,1,0,0,One year,0,Credit card (automatic),2479.25,0,67.00675676,68.1
1539-LNKHM,0,0,0,0,12,1,0,No,0,0,0,0,0,0,Month-to-month,0,Mailed check,266.6,0,22.21666667,20.4
8645-KOMJQ,1,0,1,1,69,1,1,DSL,0,1,1,1,1,1,Two year,1,Bank transfer (automatic),5601.4,0,81.17971014,81.95
0289-IVARM,0,0,0,0,35,1,0,DSL,1,1,1,0,0,0,Month-to-month,0,Electronic check,1982.6,0,56.64571429,60.55
9761-XUJWD,1,0,0,0,5,1,0,DSL,0,1,0,1,0,1,Month-to-month,1,Bank transfer (automatic),339.9,0,67.98,65.6
4057-FKCZK,1,0,1,1,58,1,1,Fiber optic,0,0,0,0,1,0,Two year,0,Bank transfer (automatic),4828.05,0,83.24224138,82.5
4291-TPNFG,1,0,1,0,72,1,1,DSL,1,1,1,1,0,1,Two year,1,Bank transfer (automatic),5980.55,0,83.06319444,82.3
6087-YPWHO,1,0,1,0,72,1,1,DSL,1,1,1,1,0,0,Two year,0,Mailed check,4808.7,0,66.7875,68.15
3090-QFUVD,0,0,0,0,1,1,0,No,0,0,0,0,0,0,Month-to-month,0,Credit card (automatic),20.3,0,20.3,20.3
2237-ZFSMY,0,0,0,0,39,1,0,Fiber optic,1,0,1,1,1,0,One year,1,Electronic check,3692.85,1,94.68846154,95.55
1722-LDZJS,1,0,1,1,53,1,0,No,0,0,0,0,0,0,One year,0,Credit card (automatic),1068.15,0,20.15377358,20.2
1818-ESQMW,0,0,0,0,27,1,0,Fiber optic,0,0,1,1,0,1,Month-to-month,1,Electronic check,2383.6,0,88.28148148,89.2
4871-JTKJF,0,1,0,0,1,1,0,Fiber optic,0,0,0,0,0,0,Month-to-month,1,Electronic check,69.65,1,69.65,69.65
1415-YFWLT,0,1,0,0,1,1,0,Fiber optic,0,0,0,0,1,1,Month-to-month,1,Electronic check,89.3,1,89.3,89.3
7401-RUBNK,0,0,1,0,18,1,0,Fiber optic,1,0,0,0,0,0,Month-to-month,0,Electronic check,1438.05,0,79.89166667,74.8
0506-YLVKJ,1,0,1,1,46,1,0,No,0,0,0,0,0,0,Two year,1,Mailed check,917.45,0,19.94456522,20.2
8661-BOYNW,0,0,1,0,72,1,1,DSL,1,0,1,1,1,1,Two year,1,Credit card (automatic),6096.45,0,84.67291667,84.4
6711-VTNRE,0,0,0,0,36,1,0,Fiber optic,0,0,1,1,0,1,Month-to-month,1,Electronic check,3078.1,1,85.50277778,87.55
4815-GBTCD,0,0,1,0,4,0,0,DSL,0,0,0,0,0,0,Month-to-month,1,Electronic check,99.95,0,24.9875,25.15
2805-AUFQN,0,0,0,0,25,1,0,No,0,0,0,0,0,0,Two year,0,Credit card (automatic),475.2,0,19.008,19.8
0980-PVMRC,0,0,1,1,40,0,0,DSL,0,1,0,0,1,1,Month-to-month,1,Electronic check,2036.55,0,50.91375,50.85
7233-DRTRF,1,0,1,0,63,1,1,Fiber optic,0,1,1,0,1,1,Month-to-month,1,Electronic check,6444.05,0,102.2865079,102.4
3500-RMZLT,0,1,0,0,15,1,0,Fiber optic,1,0,1,1,0,1,Month-to-month,1,Mailed check,1426.75,1,95.11666667,96.3
3873-NFTGI,1,0,0,0,14,1,1,DSL,0,1,0,0,0,0,Month-to-month,1,Credit card (automatic),767.55,0,54.825,55.5
1162-ECVII,1,1,1,0,72,1,1,Fiber optic,0,1,1,1,1,1,Two year,1,Bank transfer (automatic),7932.5,0,110.1736111,109.75
7048-GXDAY,1,0,0,0,39,1,1,Fiber optic,1,1,0,0,1,1,Month-to-month,1,Electronic check,4040.65,0,103.6064103,106.4
8571-ZCMCX,0,0,1,1,47,0,0,DSL,1,1,1,0,1,1,Two year,1,Credit card (automatic),2768.65,0,58.90744681,60
1169-WCVAK,1,0,1,0,19,1,1,Fiber optic,1,1,0,1,0,0,Month-to-month,1,Credit card (automatic),1672.35,0,88.01842105,88.8
4548-SDBKE,0,0,0,0,5,1,1,Fiber optic,0,0,0,0,1,0,Month-to-month,1,Electronic check,474.8,1,94.96,85.2
8066-POXGX,0,0,0,0,13,0,0,DSL,0,0,0,0,0,1,Month-to-month,1,Electronic check,446.1,1,34.31538462,35.1
7129-CAKJW,0,0,0,0,17,1,1,Fiber optic,0,0,1,0,0,0,Month-to-month,0,Bank transfer (automatic),1345.65,0,79.15588235,80.05
8695-ARGXZ,1,1,1,0,34,1,1,Fiber optic,0,0,0,0,0,0,Month-to-month,1,Electronic check,2425.4,0,71.33529412,75.55
3570-YUEKJ,0,0,0,0,42,1,0,DSL,0,1,0,0,0,0,Month-to-month,1,Electronic check,2077.95,0,49.475,49.55
4143-OOBWZ,1,0,1,0,5,1,1,Fiber optic,0,1,0,0,0,0,Month-to-month,1,Electronic check,416.3,1,83.26,81.3
1555-HAPSU,0,0,1,1,71,1,1,No,0,0,0,0,0,0,Two year,0,Credit card (automatic),1663.5,0,23.42957746,23.9
1697-NVVGY,1,1,1,0,19,1,0,DSL,1,0,1,0,1,0,Month-to-month,0,Bank transfer (automatic),1286.05,0,67.68684211,66.4
7854-EKTJL,0,0,0,1,2,1,0,No,0,0,0,0,0,0,Month-to-month,1,Electronic check,35.85,1,17.925,19.6
8464-EETCQ,1,0,0,0,57,1,0,No,0,0,0,0,0,0,Two year,0,Credit card (automatic),1094.35,0,19.19912281,18.8
2419-FSORS,1,0,1,0,72,1,1,Fiber optic,0,1,1,1,1,1,Two year,1,Electronic check,7719.5,0,107.2152778,108.4
8132-YPVBX,0,0,0,0,6,1,0,Fiber optic,0,1,0,0,0,1,Month-to-month,1,Mailed check,514.6,0,85.76666667,85.95
9102-IAYHT,0,0,1,1,17,1,1,Fiber optic,0,0,0,0,0,1,Month-to-month,1,Electronic check,1451.6,1,85.38823529,85.45
6754-LZUKA,1,0,1,0,61,1,1,DSL,0,1,1,0,1,1,Two year,0,Bank transfer (automatic),4932.5,0,80.86065574,80.9
3422-LYEPQ,1,0,1,1,1,1,0,Fiber optic,0,0,0,0,0,0,Month-to-month,1,Electronic check,71,1,71,71
8099-MZPUJ,1,0,1,1,48,1,1,Fiber optic,1,1,1,1,1,1,Two year,0,Credit card (automatic),5443.65,0,113.409375,111.8
0787-LHDYT,1,0,0,0,16,1,0,No,0,0,0,0,0,0,Month-to-month,1,Credit card (automatic),330.25,0,20.640625,20.6
2642-DTVCO,1,1,0,0,9,1,1,Fiber optic,0,0,0,0,0,1,Month-to-month,1,Electronic check,746.5,1,82.94444444,85.05
0374-IOEGQ,0,0,0,0,3,1,0,DSL,0,0,0,0,0,0,Month-to-month,0,Electronic check,122.7,0,40.9,44.6
4361-JEIVL,1,0,0,1,1,1,0,DSL,0,0,0,0,0,0,Month-to-month,1,Electronic check,44.4,1,44.4,44.4
3197-NNYNB,1,0,0,0,65,1,1,Fiber optic,0,1,1,0,1,1,Two year,0,Credit card (automatic),6631.85,0,102.0284615,105.1
3396-DKDEL,0,0,1,1,70,1,1,Fiber optic,1,1,1,1,1,1,Two year,1,Credit card (automatic),8250,0,117.8571429,114.729
1752-OZXFY,1,0,1,0,60,1,0,DSL,1,0,0,0,1,0,One year,1,Mailed check,3561.15,0,59.3525,59.8
9066-QRSDU,0,0,1,0,69,1,1,No,0,0,0,0,0,0,One year,1,Electronic check,1763.55,0,25.55869565,26.3
9112-WSNPU,0,1,0,0,35,1,0,Fiber optic,0,0,0,0,0,0,Month-to-month,0,Electronic check,2419,0,69.11428571,70.55
9867-NNXLC,0,0,0,0,22,1,0,No,0,0,0,0,0,0,Month-to-month,1,Mailed check,470.2,0,21.37272727,20.05
5321-NTRKC,1,0,1,1,66,1,1,DSL,0,1,1,0,1,1,Two year,0,Bank transfer (automatic),5234.95,0,79.31742424,79.85
1363-TXLSL,1,1,1,0,1,1,0,Fiber optic,0,0,0,0,0,0,Month-to-month,1,Electronic check,70.3,1,70.3,70.3
9507-EXLTT,0,0,1,0,1,1,0,Fiber optic,0,0,0,0,1,0,Month-to-month,1,Bank transfer (automatic),79.35,1,79.35,79.35
3161-GETRM,1,0,1,1,34,1,1,Fiber optic,0,0,1,0,0,1,Month-to-month,1,Credit card (automatic),3097,0,91.08823529,90.05
0402-OAMEN,0,0,1,1,72,1,1,No,0,0,0,0,0,0,Two year,0,Bank transfer (automatic),1709.1,0,23.7375,24.45
6933-VLYFX,1,0,1,1,31,0,0,DSL,1,0,1,1,1,1,One year,0,Electronic check,1848.8,0,59.63870968,59.95
6754-WKSHP,1,0,0,1,30,1,1,No,0,0,0,0,0,0,One year,0,Bank transfer (automatic),723.3,0,24.11,25.35
9846-GKXAS,0,0,0,0,9,1,0,Fiber optic,0,0,0,0,1,1,Month-to-month,1,Bank transfer (automatic),809.75,1,89.97222222,90.8
6017-PPLPX,1,0,1,1,20,1,0,Fiber optic,0,0,0,0,0,0,Month-to-month,1,Electronic check,1470.95,1,73.5475,70.45
4976-LNFVV,1,1,1,0,19,0,0,DSL,0,1,1,0,0,0,Month-to-month,1,Credit card (automatic),577.15,0,30.37631579,34.3
5055-MGMGF,0,0,1,0,65,1,1,Fiber optic,1,0,1,0,1,1,Month-to-month,1,Electronic check,6914.95,0,106.3838462,105.05
4641-FROLU,0,0,1,1,30,1,0,No,0,0,0,0,0,0,Two year,0,Mailed check,602.9,0,20.09666667,19.3
2862-JVEOY,1,0,0,0,6,1,0,No,0,0,0,0,0,0,One year,0,Mailed check,124.4,0,20.73333333,19.15
2969-QWUBZ,0,0,0,0,2,0,0,DSL,0,1,0,0,1,1,Month-to-month,0,Electronic check,96.8,0,48.4,51.4
9822-BIIGN,1,0,1,1,53,1,1,DSL,1,0,0,1,0,1,Month-to-month,0,Electronic check,3827.9,0,72.2245283,71.85
2077-MPJQO,1,1,1,0,7,1,1,Fiber optic,0,0,0,0,0,0,Month-to-month,1,Electronic check,533.05,0,76.15,75.4
1534-OULXE,0,0,1,1,61,1,0,DSL,1,0,0,0,0,0,One year,1,Bank transfer (automatic),2961.4,0,48.54754098,49.7
7136-RVDTZ,1,1,0,0,70,0,0,DSL,0,0,0,0,1,1,One year,1,Electronic check,3264.45,1,46.635,45.25
2971-SGAFL,0,0,0,0,13,1,1,DSL,1,0,1,0,1,1,Month-to-month,1,Electronic check,995.35,0,76.56538462,78.75
1480-IVEVR,1,1,1,0,35,1,1,Fiber optic,0,0,1,0,0,0,One year,1,Bank transfer (automatic),2815.25,0,80.43571429,81.6
2905-KFQUV,0,0,1,0,2,1,0,Fiber optic,0,0,0,0,0,0,Month-to-month,1,Credit card (automatic),154.8,0,77.4,70.4
4581-SSPWD,0,0,0,0,3,1,1,Fiber optic,0,0,0,0,0,0,Month-to-month,1,Electronic check,246.3,1,82.1,75.8
3370-HXOPH,0,0,0,0,3,1,1,Fiber optic,0,0,0,0,0,0,Month-to-month,0,Electronic check,257.6,0,85.86666667,76.1
9391-YZEJW,0,0,0,0,62,1,1,Fiber optic,0,0,0,0,1,1,One year,1,Bank transfer (automatic),5757.2,0,92.85806452,94
9958-MEKUC,1,0,1,1,72,1,1,Fiber optic,1,1,1,1,0,1,Two year,0,Credit card (automatic),7517.7,0,104.4125,103.95
0281-CNTZX,1,0,1,0,63,1,0,No,0,0,0,0,0,0,Two year,1,Bank transfer (automatic),1234.8,0,19.6,19.95
6927-WTFIV,1,1,0,0,20,1,0,Fiber optic,0,0,0,0,0,0,Month-to-month,0,Credit card (automatic),1389.2,1,69.46,71.3
4118-CEVPF,0,1,0,0,35,1,1,Fiber optic,1,1,1,1,1,1,One year,1,Bank transfer (automatic),3836.3,0,109.6085714,110.8
3398-ZOUAA,1,1,1,0,21,1,0,Fiber optic,0,0,0,0,0,0,Month-to-month,1,Electronic check,1474.75,1,70.22619048,69.1
9114-VEPUF,1,0,1,0,62,1,1,Fiber optic,1,1,0,0,0,1,One year,0,Electronic check,6001.45,0,96.79758065,96.1
7876-BEUTG,0,0,0,0,15,1,1,DSL,0,0,0,0,0,0,Month-to-month,1,Mailed check,720.1,0,48.00666667,48.8
2338-BQEZT,0,0,0,0,55,1,0,DSL,1,0,0,0,0,0,Month-to-month,1,Credit card (automatic),2832.75,0,51.50454545,50.55
9873-MNDKV,0,0,0,0,11,1,0,DSL,0,0,0,0,0,0,Month-to-month,1,Mailed check,472.25,0,42.93181818,44.65
0378-NHQXU,0,0,1,1,17,1,1,Fiber optic,0,0,1,0,1,0,Month-to-month,0,Electronic check,1460.65,1,85.92058824,88.25
8241-JUIQO,0,0,0,0,61,1,0,No,0,0,0,0,0,0,One year,0,Bank transfer (automatic),1336.35,0,21.90737705,19.45
2194-IIQOF,0,0,1,0,71,1,1,DSL,1,1,1,1,1,1,Two year,0,Credit card (automatic),6388.65,0,89.98098592,89.3
4512-ZUIYL,0,0,0,0,2,1,0,Fiber optic,0,0,0,0,0,0,Month-to-month,0,Bank transfer (automatic),153.05,1,76.525,70
9631-RXVJM,1,0,0,0,35,1,0,No,0,0,0,0,0,0,Two year,0,Mailed check,677.9,0,19.36857143,19.25
9584-EXCDZ,0,0,0,0,17,1,0,Fiber optic,0,0,0,0,0,0,Month-to-month,0,Bank transfer (automatic),1165.6,0,68.56470588,70.5
7969-AULMZ,0,0,0,0,21,1,1,Fiber optic,0,0,0,0,1,1,Month-to-month,1,Electronic check,2119.5,1,100.9285714,97.35
5093-FEGLU,0,0,1,0,47,1,0,No,0,0,0,0,0,0,Two year,0,Bank transfer (automatic),921.55,0,19.60744681,19.65
2621-UDNLU,0,0,1,0,3,1,0,No,0,0,0,0,0,0,Month-to-month,0,Mailed check,72,0,24,20.85
7526-IVLYU,1,0,0,0,3,1,0,No,0,0,0,0,0,0,Month-to-month,1,Mailed check,68.35,0,22.78333333,19.65
2428-HYUNX,1,1,1,0,44,1,0,No,0,0,0,0,0,0,Two year,1,Credit card (automatic),847.25,0,19.25568182,19.35
9214-EKVXR,0,0,0,0,1,1,0,DSL,0,0,0,0,0,0,Month-to-month,1,Mailed check,44,0,44,44
3410-MHHUM,0,0,1,1,44,1,1,Fiber optic,0,1,1,0,0,1,One year,0,Electronic check,4295.35,0,97.62159091,94.4
0568-ONFPC,1,0,1,1,5,1,1,No,0,0,0,0,0,0,Month-to-month,1,Bank transfer (automatic),135,1,27,25.9
0733-VUNUW,1,0,0,0,24,1,1,DSL,1,0,0,0,0,0,Month-to-month,1,Bank transfer (automatic),1400.55,1,58.35625,55.65
4550-EVXNY,0,0,0,1,1,1,0,Fiber optic,0,0,0,0,0,0,Month-to-month,1,Electronic check,69.65,1,69.65,69.65
2122-YWVYA,0,0,0,0,18,1,0,Fiber optic,1,0,0,0,0,0,Month-to-month,1,Electronic check,1380.4,0,76.68888889,75.4
2968-SSGAA,0,0,0,0,10,1,1,Fiber optic,0,0,1,0,1,1,Month-to-month,1,Electronic check,1060.2,1,106.02,100.6
2296-DKZFP,0,0,1,0,65,1,0,DSL,1,1,1,0,0,1,Two year,0,Bank transfer (automatic),4386.2,0,67.48,71
4844-JJWUY,0,1,0,0,1,1,0,Fiber optic,0,1,0,0,0,1,Month-to-month,1,Electronic check,86,1,86,86
6777-TGHTM,0,0,0,0,53,1,1,Fiber optic,1,0,1,0,1,1,One year,1,Credit card (automatic),5785.5,1,109.1603774,106.95
8909-BOLNL,1,0,0,0,3,1,0,No,0,0,0,0,0,0,One year,0,Mailed check,52.05,0,17.35,21.2
6603-YRDCJ,1,0,1,0,33,1,0,DSL,1,1,0,1,0,0,Two year,1,Mailed check,2018.4,0,61.16363636,61.05
3538-WZPHD,1,0,0,0,3,0,0,DSL,0,1,0,0,0,0,Month-to-month,1,Electronic check,79.45,1,26.48333333,29.6
3229-USWAR,0,0,0,0,34,1,0,DSL,1,0,1,1,1,1,One year,1,Bank transfer (automatic),2727.3,0,80.21470588,79.95
2138-VFAPZ,0,0,1,1,14,1,0,No,0,0,0,0,0,0,Two year,1,Mailed check,263.65,0,18.83214286,19.7
6131-JLWZM,0,0,0,0,13,1,0,No,0,0,0,0,0,0,Month-to-month,1,Mailed check,275.4,0,21.18461538,20.3
4785-QRJHC,1,1,1,0,46,0,0,DSL,0,1,1,1,1,1,One year,1,Bank transfer (automatic),2816.65,1,61.23152174,59.9
0269-XFESX,1,0,1,1,23,1,1,No,0,0,0,0,0,0,One year,0,Mailed check,538.5,0,23.41304348,24.35
1709-EJDOX,0,0,1,1,47,1,0,No,0,0,0,0,0,0,Two year,0,Mailed check,948.9,0,20.1893617,19.75
4316-XCSLJ,1,0,0,1,17,1,0,DSL,1,0,0,0,0,0,Month-to-month,1,Mailed check,846.8,0,49.81176471,50.3
8610-WFCJF,0,0,1,1,49,1,1,Fiber optic,0,0,0,0,1,1,Month-to-month,1,Electronic check,4783.5,1,97.62244898,95.6
9693-XMUOB,1,1,1,0,59,0,0,DSL,0,1,0,0,1,1,Month-to-month,1,Electronic check,2997.45,0,50.80423729,50.25
0383-CLDDA,0,0,0,0,69,1,1,DSL,1,0,1,1,1,1,Two year,1,Credit card (automatic),5897.4,0,85.46956522,85.35
4905-JEFDW,1,0,0,0,11,0,0,DSL,0,0,1,0,1,0,One year,1,Electronic check,470.6,1,42.78181818,41.6
2709-UQGNP,1,0,0,0,10,1,0,DSL,1,0,0,0,0,0,Month-to-month,1,Mailed check,524.5,0,52.45,51.65
3549-ZTMNH,1,0,1,1,12,1,1,No,0,0,0,0,0,0,Two year,1,Bank transfer (automatic),269.65,0,22.47083333,24
7881-INRLC,1,0,0,0,45,1,1,Fiber optic,0,1,0,0,1,1,Month-to-month,1,Credit card (automatic),4740,1,105.3333333,100.85
8033-ATFAS,0,0,1,1,39,1,0,DSL,0,0,1,0,1,0,Month-to-month,1,Mailed check,2341.5,0,60.03846154,59.85
1635-NZATJ,1,1,1,0,71,1,1,No,0,0,0,0,0,0,Two year,0,Credit card (automatic),1789.65,0,25.20633803,25.45
0562-HKHML,1,0,1,1,71,1,1,No,0,0,0,0,0,0,Two year,0,Credit card (automatic),1626.4,0,22.90704225,23.9
8277-RVRSV,0,0,1,1,33,1,1,No,0,0,0,0,0,0,One year,0,Credit card (automatic),800.3,0,24.25151515,24.15
9943-VSZUV,1,1,0,0,67,1,1,Fiber optic,0,0,0,0,0,0,Month-to-month,1,Mailed check,5060.85,0,75.53507463,75.7
0117-LFRMW,1,0,1,1,37,0,0,DSL,1,1,1,0,0,0,Month-to-month,0,Bank transfer (automatic),1448.8,1,39.15675676,40.2
6172-FECYY,1,0,1,1,49,1,1,Fiber optic,0,0,0,0,1,0,Month-to-month,0,Electronic check,4254.85,1,86.83367347,84.5
7054-ENNGU,0,0,1,0,9,1,0,DSL,0,1,0,0,0,0,Month-to-month,0,Mailed check,466.6,0,51.84444444,50.85
1455-HFBXA,1,0,1,0,52,1,1,Fiber optic,1,0,1,1,0,0,Two year,1,Credit card (automatic),4627.8,0,88.99615385,91.6
9402-CXWPL,0,0,0,0,70,1,1,Fiber optic,0,1,0,0,1,1,One year,0,Electronic check,6838.6,0,97.69428571,98.9
1628-BIZYP,1,0,0,0,1,1,0,Fiber optic,0,1,0,0,0,1,Month-to-month,1,Electronic check,85,0,85,85
1965-AKTSX,0,1,0,0,14,1,1,Fiber optic,0,1,0,0,0,0,Month-to-month,1,Electronic check,1101.85,1,78.70357143,78.95
0082-LDZUE,1,0,0,0,1,1,0,DSL,0,0,0,0,0,0,Month-to-month,1,Mailed check,44.3,0,44.3,44.3
4786-UKSNZ,1,0,0,0,1,1,0,No,0,0,0,0,0,0,Month-to-month,0,Mailed check,20.2,1,20.2,20.2
5343-SGUBI,0,0,0,0,52,1,1,Fiber optic,0,1,0,0,0,0,One year,1,Mailed check,4297.6,0,82.64615385,80.2
0856-NAOES,1,0,0,0,6,1,0,DSL,0,0,1,0,1,0,Month-to-month,0,Mailed check,414.1,0,69.01666667,60.9
1976-AZZPJ,1,0,1,0,7,0,0,DSL,1,1,0,0,0,0,Month-to-month,0,Mailed check,256.6,0,36.65714286,34.2
7248-VZQLC,0,1,0,0,47,1,1,Fiber optic,0,1,1,0,0,0,Month-to-month,1,Bank transfer (automatic),3969.35,1,84.45425532,85.2
6156-UZDLF,0,0,0,0,26,1,0,Fiber optic,1,0,1,1,0,0,One year,1,Credit card (automatic),2274.1,0,87.46538462,87.15
3099-OONVS,1,0,1,1,25,1,0,DSL,1,0,0,1,0,0,Month-to-month,0,Electronic check,1296.8,0,51.872,54.3
9500-WBGRP,1,0,0,0,69,1,0,No,0,0,0,0,0,0,Two year,1,Mailed check,1268.85,0,18.38913043,19.1
5183-KLYEM,0,0,0,0,72,1,1,Fiber optic,1,1,1,1,1,1,Two year,1,Credit card (automatic),8192.6,0,113.7861111,112.75
5144-PQCDZ,1,0,0,0,4,1,0,No,0,0,0,0,0,0,Month-to-month,1,Mailed check,59.25,0,14.8125,19.95
8514-VZHEB,1,0,1,1,59,1,0,No,0,0,0,0,0,0,Two year,0,Mailed check,1147.85,0,19.45508475,19.5
6625-IUTTT,1,0,0,0,67,1,0,DSL,1,0,1,0,0,1,Two year,0,Bank transfer (automatic),4361.55,0,65.09776119,65.55
9355-NPPFS,0,1,0,0,26,1,0,Fiber optic,0,0,0,0,0,1,Month-to-month,1,Electronic check,2006.1,0,77.15769231,78.8
0068-FIGTF,0,0,0,0,27,1,0,DSL,0,1,1,1,1,1,One year,0,Mailed check,2078.95,0,76.99814815,78.2
5965-GGPRW,1,0,1,1,72,1,1,Fiber optic,1,0,1,0,1,1,Two year,0,Bank transfer (automatic),7609.75,0,105.6909722,105.25
8035-PWSEV,0,0,0,0,6,1,0,Fiber optic,0,0,1,1,0,1,Month-to-month,1,Electronic check,487.05,0,81.175,89.25
2236-HILPA,1,0,1,1,62,1,0,No,0,0,0,0,0,0,Two year,0,Credit card (automatic),1218.45,0,19.65241935,20.65
1840-BIUOG,1,0,0,0,20,1,1,DSL,0,1,0,1,1,0,One year,1,Electronic check,1416.2,0,70.81,68.7
1356-MKYSK,1,0,0,0,6,1,0,DSL,1,0,1,1,1,1,Month-to-month,0,Credit card (automatic),483.3,0,80.55,78.65
6080-LNESI,1,0,0,0,51,1,1,No,0,0,0,0,0,0,Two year,0,Mailed check,1234.6,0,24.20784314,24.75
1830-IPXVJ,0,0,1,1,61,1,0,No,0,0,0,0,0,0,Two year,0,Credit card (automatic),1311.6,0,21.50163934,19.75
5828-DWPIL,1,1,1,0,62,1,1,Fiber optic,1,1,1,0,0,0,Month-to-month,1,Electronic check,5618.3,0,90.61774194,89.1
8398-TBIYD,0,0,0,0,72,1,1,Fiber optic,1,0,0,1,0,0,Two year,1,Bank transfer (automatic),6185.15,0,85.90486111,84.7
0011-IGKFF,1,1,1,0,13,1,0,Fiber optic,0,1,1,0,1,1,Month-to-month,1,Electronic check,1237.85,1,95.21923077,98
4192-GORJT,1,0,1,0,5,1,0,Fiber optic,0,0,1,0,1,1,Month-to-month,1,Electronic check,498.1,1,99.62,94.45
6496-SLWHQ,1,1,0,0,3,1,1,Fiber optic,0,1,1,0,1,1,Month-to-month,1,Electronic check,294.45,1,98.15,105
9912-GVSEQ,0,1,1,0,26,1,1,Fiber optic,0,1,1,0,0,1,Month-to-month,1,Electronic check,2381.55,1,91.59807692,93.85
2931-FSOHN,1,1,0,0,13,1,0,DSL,0,1,0,0,1,0,Month-to-month,1,Electronic check,788.35,0,60.64230769,59.9
9418-RUKPH,0,0,1,1,38,1,0,No,0,0,0,0,0,0,Two year,1,Mailed check,756.4,0,19.90526316,19.95
5383-MMTWC,0,1,1,0,8,1,1,Fiber optic,0,0,0,0,0,1,Month-to-month,1,Electronic check,613.4,1,76.675,84
9971-ZWPBF,1,1,1,1,34,1,1,Fiber optic,0,1,1,1,1,1,Month-to-month,1,Electronic check,3625.2,0,106.6235294,108.9
4712-AUQZO,1,0,0,0,18,0,0,DSL,1,0,1,0,0,0,Month-to-month,0,Mailed check,550.35,0,30.575,33.6
9711-FJTBX,1,0,1,1,56,1,0,Fiber optic,0,1,1,1,0,0,One year,1,Mailed check,4793.8,0,85.60357143,85.85
2908-ZTPNF,0,0,0,0,36,0,0,DSL,0,1,0,1,0,0,Month-to-month,1,Bank transfer (automatic),1267.2,0,35.2,34.85
7240-ETPTR,0,0,1,0,9,0,0,DSL,0,0,1,0,1,1,Month-to-month,1,Electronic check,442.2,1,49.13333333,48.75
2202-CUYXZ,1,0,0,0,1,1,0,Fiber optic,0,0,1,0,1,0,Month-to-month,1,Electronic check,84.85,1,84.85,84.85
5995-OIGLP,1,0,0,0,12,1,0,DSL,1,0,0,1,0,0,Month-to-month,0,Mailed check,654.85,1,54.57083333,56.65
8421-WZOOW,0,1,1,1,57,1,0,Fiber optic,0,1,1,1,1,0,Month-to-month,1,Credit card (automatic),5567.45,0,97.6745614,95.3
6261-RCVNS,0,0,0,0,42,1,0,DSL,1,1,1,1,0,1,One year,0,Credit card (automatic),3160.55,1,75.25119048,73.9
7951-QKZPL,0,0,1,1,33,1,1,No,0,0,0,0,0,0,Two year,1,Mailed check,740.3,1,22.43333333,24.5
1414-YADCW,1,0,1,0,70,1,0,Fiber optic,1,1,0,1,0,0,Two year,0,Bank transfer (automatic),5706.2,0,81.51714286,84.6
8756-RDDLT,0,0,0,0,68,0,0,DSL,0,1,0,1,0,1,Month-to-month,0,Electronic check,3085.35,0,45.37279412,44.95
2862-PFNIK,1,0,0,1,1,0,0,DSL,0,0,0,0,0,0,Month-to-month,1,Electronic check,24.7,0,24.7,24.7
5816-QVHRX,0,0,0,0,37,1,1,Fiber optic,0,0,0,1,1,1,Month-to-month,0,Credit card (automatic),3541.4,0,95.71351351,100.3
4430-YHXGG,0,0,0,1,4,1,1,No,0,0,0,0,0,0,Month-to-month,1,Mailed check,84.2,0,21.05,25.45
6888-SBYAI,1,0,0,0,1,1,0,DSL,1,0,0,0,0,0,Month-to-month,1,Mailed check,50.7,0,50.7,50.7
7395-XWZOY,1,0,0,0,20,0,0,DSL,1,1,1,1,1,0,Month-to-month,1,Credit card (automatic),1165.55,0,58.2775,55
7169-YWAMK,1,0,1,1,72,1,0,DSL,1,1,0,1,1,0,Two year,0,Bank transfer (automatic),4855.35,0,67.43541667,68.4
3640-PHQXK,0,0,0,0,31,1,1,Fiber optic,0,0,1,0,0,1,Month-to-month,1,Electronic check,2806.9,1,90.54516129,89.9
6877-LGWXO,1,1,1,0,18,1,0,Fiber optic,0,0,0,0,0,1,Month-to-month,0,Electronic check,1422.65,1,79.03611111,78.55
6859-RKMZJ,1,0,1,0,11,1,0,DSL,0,0,0,0,1,0,Month-to-month,1,Bank transfer (automatic),608.15,0,55.28636364,55.05
2729-VNVAP,0,0,1,1,33,1,0,No,0,0,0,0,0,0,Two year,0,Credit card (automatic),641.35,0,19.43484848,19.8
2957-JIRMN,0,1,0,0,62,1,1,Fiber optic,0,0,0,0,1,0,One year,0,Electronic check,4959.15,0,79.98629032,84.45
2049-BAFNW,0,0,0,0,1,0,0,DSL,0,0,1,1,0,0,Month-to-month,0,Mailed check,35.9,0,35.9,35.9
3842-QTGDL,1,0,1,0,16,1,0,Fiber optic,1,1,0,0,0,0,Month-to-month,0,Bank transfer (automatic),1321.3,0,82.58125,80.75
7163-OCEQI,1,0,1,1,22,1,1,DSL,0,0,1,1,1,1,One year,1,Mailed check,1663.75,0,75.625,78.65
9782-LGXMC,0,0,1,1,49,1,0,DSL,1,0,1,1,0,0,Month-to-month,0,Bank transfer (automatic),3024.15,0,61.71734694,61.75
5975-BAICR,1,0,1,1,36,1,0,DSL,1,0,1,0,0,1,One year,1,Credit card (automatic),2188.5,0,60.79166667,63.7
8019-ENHXU,1,0,1,0,42,1,1,Fiber optic,0,1,1,1,0,1,Month-to-month,1,Electronic check,4138.05,1,98.525,99.45
5167-GBFRE,1,1,0,0,4,0,0,DSL,0,0,0,0,0,0,Month-to-month,1,Bank transfer (automatic),102.5,1,25.625,25.2
9033-EOXWV,0,0,0,0,12,1,1,DSL,0,0,0,1,1,1,One year,0,Mailed check,872.65,1,72.72083333,74.05
4673-KKSLS,0,0,0,0,31,1,0,Fiber optic,1,0,1,1,0,0,Month-to-month,0,Electronic check,2724.25,0,87.87903226,87.6
4853-OITSN,1,0,1,0,5,1,1,Fiber optic,1,0,0,0,0,1,Month-to-month,1,Electronic check,413.25,0,82.65,89.15
9800-OUIGR,1,0,1,1,66,1,0,No,0,0,0,0,0,0,Two year,0,Credit card (automatic),1374.2,0,20.82121212,20
1324-NLTJE,0,1,0,0,15,1,1,DSL,0,0,0,1,0,0,Month-to-month,0,Credit card (automatic),757.1,1,50.47333333,55
2324-EFHVG,1,0,0,0,64,1,1,Fiber optic,0,1,1,0,1,1,Two year,1,Bank transfer (automatic),6692.65,0,104.5726563,104.4
7094-MSZAO,1,0,1,1,10,1,0,No,0,0,0,0,0,0,Month-to-month,1,Credit card (automatic),218.5,0,21.85,20.05
1522-VVDMG,1,0,1,1,7,1,0,Fiber optic,0,1,0,1,1,0,Month-to-month,1,Electronic check,608.8,1,86.97142857,89.75
6907-CQGPN,1,0,0,0,29,0,0,DSL,0,1,0,1,0,0,Month-to-month,0,Electronic check,1004.75,0,34.64655172,34.3
0780-XNZFN,1,0,0,0,57,1,0,No,0,0,0,0,0,0,Two year,0,Bank transfer (automatic),1125.6,0,19.74736842,20.65
0239-OXEXL,0,0,0,0,46,1,1,Fiber optic,1,1,0,0,0,0,Month-to-month,0,Mailed check,3847.6,0,83.64347826,84.25
2675-IJRGJ,1,0,0,0,53,1,0,No,0,0,0,0,0,0,Two year,0,Bank transfer (automatic),978,0,18.45283019,19.65
7049-GKVZY,0,0,0,0,17,1,0,DSL,1,1,0,1,1,1,One year,0,Credit card (automatic),1387.35,0,81.60882353,79.85
8577-QSOCG,0,0,1,1,38,1,0,No,0,0,0,0,0,0,Two year,1,Mailed check,746.05,0,19.63289474,20.2
3721-CNZHX,1,0,0,0,15,1,0,No,0,0,0,0,0,0,One year,0,Mailed check,304.6,0,20.30666667,19.8
0212-ISBBF,0,0,0,0,22,0,0,DSL,0,1,0,0,1,1,Month-to-month,1,Electronic check,1098.85,0,49.94772727,50.35
9185-TQCVP,1,0,1,0,14,1,1,Fiber optic,0,0,0,0,0,1,Month-to-month,1,Electronic check,1139.2,1,81.37142857,85.15
3585-YNADK,0,0,1,0,57,1,1,DSL,0,1,1,1,1,0,One year,0,Bank transfer (automatic),4368.95,0,76.64824561,74.6
5271-DBYSJ,1,1,0,0,11,1,0,Fiber optic,0,0,0,0,0,1,Month-to-month,1,Credit card (automatic),827.7,0,75.24545455,79.15
1099-GODLO,0,0,1,1,1,1,0,No,0,0,0,0,0,0,Two year,0,Mailed check,20.35,0,20.35,20.35
6828-HMKWP,1,0,1,1,12,1,0,No,0,0,0,0,0,0,Two year,0,Bank transfer (automatic),262.05,0,21.8375,21.05
5567-WSELE,1,1,1,0,3,1,1,Fiber optic,0,0,0,0,1,1,Month-to-month,1,Electronic check,279.55,1,93.18333333,94.6
1472-TNCWL,1,0,0,1,36,1,0,Fiber optic,0,1,0,0,1,1,Month-to-month,1,Electronic check,3512.5,0,97.56944444,94.7
8063-RJYNF,1,0,0,0,16,1,0,Fiber optic,1,0,0,0,1,1,Month-to-month,1,Electronic check,1483.25,1,92.703125,94.25
0687-ZVTHB,1,0,1,1,65,1,1,DSL,1,1,1,0,0,1,One year,0,Credit card (automatic),4653.85,1,71.59769231,72.45
2080-GKCWQ,1,0,0,0,2,1,0,Fiber optic,0,1,0,0,0,0,Month-to-month,0,Electronic check,151.75,0,75.875,74.95
9661-ACXBS,0,0,0,0,42,1,1,Fiber optic,1,0,1,0,1,1,Month-to-month,1,Electronic check,4400.75,1,104.7797619,105.2
2193-SFWQW,1,0,1,1,72,1,0,Fiber optic,1,1,1,1,1,1,Two year,0,Bank transfer (automatic),8033.1,0,111.5708333,111.95
5656-JAMLX,1,0,0,0,62,1,0,No,0,0,0,0,0,0,Two year,0,Bank transfer (automatic),1253.65,0,20.22016129,19.85
3462-BJQQA,0,0,0,0,6,1,1,Fiber optic,0,1,0,0,1,0,Month-to-month,1,Electronic check,552.65,0,92.10833333,89.75
0442-TDYUO,1,0,1,0,48,1,0,No,0,0,0,0,0,0,Two year,1,Mailed check,1036,0,21.58333333,20.05
6733-LRIZX,1,0,0,0,35,1,1,Fiber optic,1,0,1,1,1,1,Two year,1,Electronic check,4025.5,0,115.0142857,108.95
9503-XJUME,1,0,0,1,52,1,0,No,0,0,0,0,0,0,One year,0,Credit card (automatic),928.4,0,17.85384615,19.65
4367-NHWMM,0,0,0,0,1,0,0,DSL,0,0,0,0,0,0,Month-to-month,1,Mailed check,24.9,0,24.9,24.9
3727-RJMEO,1,0,1,0,6,1,1,Fiber optic,0,0,0,0,1,0,Month-to-month,1,Electronic check,460.25,1,76.70833333,82.85
3779-OSWCF,0,0,1,0,71,1,1,DSL,1,1,1,1,1,1,Two year,0,Credit card (automatic),6506.15,0,91.63591549,93.2
6736-DHUQI,0,0,1,1,67,1,0,Fiber optic,1,1,1,0,0,0,One year,0,Bank transfer (automatic),5598.3,0,83.55671642,84.8
3915-ODIYG,1,1,0,0,60,1,1,DSL,1,1,0,0,0,1,One year,1,Electronic check,4374.55,0,72.90916667,71.75
1360-RCYRT,1,0,1,1,23,0,0,DSL,0,0,0,1,0,0,Month-to-month,1,Bank transfer (automatic),678.75,0,29.51086957,30.35
2724-FJDYW,1,0,0,1,39,0,0,DSL,0,0,1,1,1,1,One year,0,Bank transfer (automatic),2191.7,0,56.1974359,54.85
4451-RWASJ,1,0,1,1,15,1,0,No,0,0,0,0,0,0,One year,1,Mailed check,239.75,0,15.98333333,19.5
6646-VRFOL,1,1,1,0,53,1,1,Fiber optic,0,1,1,0,1,1,Month-to-month,1,Electronic check,5485.5,1,103.5,103.85
3460-TJBWI,1,0,1,1,24,1,1,No,0,0,0,0,0,0,Two year,0,Mailed check,609.05,0,25.37708333,24.2
5917-HBSDW,0,0,1,1,37,1,0,No,0,0,0,0,0,0,Month-to-month,0,Electronic check,683.75,0,18.47972973,19.35
5685-IIXLY,0,0,1,1,5,1,0,Fiber optic,0,1,0,0,0,1,Month-to-month,1,Electronic check,404.2,1,80.84,83.6
5671-UUNXD,0,1,1,0,50,1,1,Fiber optic,0,0,0,1,1,1,One year,1,Electronic check,5189.75,0,103.795,100.65
0956-ACVZC,0,0,0,0,54,1,0,Fiber optic,0,0,1,0,1,1,One year,1,Credit card (automatic),5060.9,0,93.72037037,94.1
2325-NBPZG,0,0,0,0,3,1,0,Fiber optic,1,0,0,0,0,0,Month-to-month,1,Electronic check,233.65,0,77.88333333,74.55
4250-ZBWLV,1,0,0,0,68,1,1,Fiber optic,0,1,1,1,1,1,One year,0,Electronic check,7176.55,1,105.5375,108.45
4482-FTFFX,1,0,0,0,5,1,0,DSL,0,0,1,1,0,0,Month-to-month,0,Electronic check,291.45,0,58.29,56.15
8859-DZTGQ,1,0,0,0,33,1,0,No,0,0,0,0,0,0,Two year,0,Mailed check,689.75,0,20.90151515,20.35
0440-MOGPM,0,0,0,0,41,1,1,DSL,0,1,1,0,1,1,One year,1,Electronic check,3263.9,0,79.60731707,80.55
0020-JDNXP,0,0,1,1,34,0,0,DSL,1,0,1,1,1,1,One year,0,Mailed check,1993.2,0,58.62352941,61.25
3752-CQSJI,0,0,1,1,13,1,0,No,0,0,0,0,0,0,Month-to-month,1,Mailed check,254.5,0,19.57692308,20.45
5025-GOOKI,0,0,0,0,20,1,0,No,0,0,0,0,0,0,Month-to-month,1,Credit card (automatic),347.65,0,17.3825,18.9
4698-KVLLG,0,1,0,0,51,1,0,No,0,0,0,0,0,0,Two year,0,Credit card (automatic),967.9,0,18.97843137,19.6
5095-AESKG,0,0,1,0,3,1,1,Fiber optic,0,1,0,0,0,1,Month-to-month,1,Credit card (automatic),242.95,1,80.98333333,91.5
2887-JPYLU,0,0,0,1,41,1,0,DSL,0,0,0,0,0,0,Month-to-month,0,Bank transfer (automatic),1841.9,0,44.92439024,45.2
4770-QAZXN,0,0,0,0,13,1,0,No,0,0,0,0,0,0,Month-to-month,0,Credit card (automatic),232.1,0,17.85384615,19.45
4896-CPRPF,1,0,1,1,35,1,1,No,0,0,0,0,0,0,Two year,0,Bank transfer (automatic),809.25,0,23.12142857,25.45
1871-MOWRM,1,0,1,0,12,1,0,Fiber optic,1,0,0,1,0,0,Month-to-month,0,Bank transfer (automatic),866.45,1,72.20416667,80.85
9714-EDSUC,1,0,0,0,4,1,0,Fiber optic,1,1,0,1,0,1,Month-to-month,1,Mailed check,360.55,0,90.1375,94.9
2027-OAQQC,0,0,0,0,43,0,0,DSL,0,0,1,0,1,1,Month-to-month,1,Bank transfer (automatic),2076.2,1,48.28372093,49.05
0282-NVSJS,0,1,1,1,12,0,0,DSL,0,0,0,1,0,0,Month-to-month,1,Mailed check,355.9,0,29.65833333,29.3
9090-SGQXL,1,1,1,0,68,1,1,Fiber optic,0,1,1,0,1,1,Month-to-month,1,Electronic check,7299.65,1,107.3477941,105.3
6595-YGXIT,1,1,0,0,25,1,1,Fiber optic,0,1,0,0,1,0,Month-to-month,1,Electronic check,2291.2,1,91.648,88.95
7353-YOWFP,0,0,0,0,7,1,0,No,0,0,0,0,0,0,One year,0,Mailed check,129.15,0,18.45,20.25
9835-ZIITK,1,1,1,0,66,1,1,Fiber optic,0,1,1,1,1,1,One year,1,Electronic check,7491.75,1,113.5113636,110.85
8008-ESFLK,0,0,1,0,53,1,0,Fiber optic,1,1,1,1,1,1,One year,0,Electronic check,5835.5,0,110.1037736,110.5
7537-CBQUZ,1,1,0,0,63,1,1,Fiber optic,1,1,1,0,1,1,Month-to-month,1,Bank transfer (automatic),7031.45,0,111.6103175,109.4
1555-DJEQW,0,0,1,1,70,1,1,Fiber optic,1,1,1,1,1,1,Two year,1,Bank transfer (automatic),7723.9,1,110.3414286,114.2
5649-TJHOV,1,1,1,0,27,0,0,DSL,0,0,0,0,0,1,Month-to-month,0,Bank transfer (automatic),1032,1,38.22222222,36.5
0519-XUZJU,0,0,0,0,1,1,0,Fiber optic,0,0,0,0,0,0,Month-to-month,0,Mailed check,70.75,1,70.75,70.75
3363-EWLGO,0,0,0,0,5,1,0,No,0,0,0,0,0,0,Month-to-month,0,Mailed check,109.6,0,21.92,19.95
4750-UKWJK,0,1,1,0,37,1,0,No,0,0,0,0,0,0,One year,0,Mailed check,727.8,0,19.67027027,19.6
6338-AVWCY,1,0,0,0,3,0,0,DSL,0,0,1,0,1,0,Month-to-month,1,Mailed check,130.75,1,43.58333333,40.15
1689-YQBYY,0,0,0,1,12,1,1,Fiber optic,0,0,0,0,0,0,Month-to-month,1,Electronic check,893,0,74.41666667,76.6
4487-ZYJZK,0,0,1,1,38,1,0,No,0,0,0,0,0,0,One year,0,Credit card (automatic),763.1,0,20.08157895,19.6
2959-FENLU,0,0,0,0,9,1,0,Fiber optic,0,0,1,0,0,1,Month-to-month,1,Credit card (automatic),781.4,0,86.82222222,85.3
0708-LGSMF,1,0,1,0,13,1,1,DSL,1,0,0,0,0,1,Month-to-month,1,Electronic check,902.25,0,69.40384615,65.85
9253-QXKBE,1,1,1,0,29,1,1,Fiber optic,0,0,0,0,1,1,Month-to-month,1,Electronic check,2653.65,1,91.50517241,94.45
7634-HLQJR,0,0,1,1,47,1,0,No,0,0,0,0,0,0,Two year,0,Credit card (automatic),1016.7,0,21.63191489,20.05
0487-RPVUM,1,0,1,0,61,1,1,Fiber optic,1,0,1,1,1,0,Month-to-month,0,Bank transfer (automatic),5943.65,0,97.43688525,99.4
4079-ULGFR,1,0,0,0,16,1,0,No,0,0,0,0,0,0,Month-to-month,0,Mailed check,275.7,0,17.23125,20
2516-XSJKX,0,0,1,1,41,1,0,DSL,1,1,0,1,1,1,Two year,0,Electronic check,3126.45,0,76.25487805,78.45
0057-QBUQH,0,0,0,1,43,1,1,No,0,0,0,0,0,0,Two year,1,Electronic check,1070.15,0,24.8872093,25.1
9445-SZLCH,0,0,1,1,36,1,1,Fiber optic,0,1,1,0,1,0,Month-to-month,1,Bank transfer (automatic),3457.9,1,96.05277778,97.35
6599-SFQVE,0,0,0,0,6,1,0,DSL,0,0,0,0,0,1,Month-to-month,1,Electronic check,340.4,0,56.73333333,55
8331-ZXFOE,0,0,0,0,58,1,1,DSL,1,1,1,1,0,0,One year,1,Credit card (automatic),4299.2,0,74.12413793,71.1
4003-FUSHP,1,0,0,0,19,1,0,DSL,0,0,0,1,1,0,Month-to-month,1,Credit card (automatic),1093.2,0,57.53684211,61.55
0356-ERHVT,1,0,1,0,11,1,0,DSL,0,0,0,0,0,0,Month-to-month,1,Bank transfer (automatic),521.9,0,47.44545455,45.9
7325-ENZFI,0,0,0,0,39,0,0,DSL,1,1,0,1,0,0,One year,1,Bank transfer (automatic),1630.4,0,41.80512821,40.3
4884-ZTHVF,0,1,0,0,8,1,0,Fiber optic,0,1,0,0,1,0,Month-to-month,1,Electronic check,713.6,0,89.2,87.1
3920-HIHMQ,0,0,0,1,26,1,1,DSL,0,0,0,0,0,0,Month-to-month,1,Mailed check,1265.65,0,48.67884615,49.5
3055-OYMSE,0,1,0,0,53,1,0,Fiber optic,0,1,0,0,0,0,Month-to-month,1,Credit card (automatic),4003.85,0,75.54433962,73.8
0613-WUXUM,0,0,1,1,70,1,0,No,0,0,0,0,0,0,Two year,1,Mailed check,1401.4,0,20.02,19.2
7568-PODML,1,0,0,0,1,0,0,DSL,0,0,0,0,1,1,Month-to-month,1,Mailed check,45.3,1,45.3,45.3
4458-KVRBJ,1,0,0,0,59,1,1,No,0,0,0,0,0,0,Two year,0,Mailed check,1510.5,0,25.60169492,25
5349-IECLD,1,0,0,0,2,1,0,Fiber optic,0,0,1,0,1,1,Month-to-month,0,Electronic check,178.1,1,89.05,94.95
1397-XKKWR,1,0,0,0,7,0,0,DSL,1,0,1,0,0,0,One year,0,Mailed check,264.8,0,37.82857143,35.3
3945-GFWQL,0,0,0,1,12,1,0,DSL,0,0,0,0,0,0,Month-to-month,1,Electronic check,480.6,1,40.05,44.55
8097-OMULG,1,0,1,1,59,1,0,DSL,0,1,1,1,1,1,One year,0,Credit card (automatic),4541.9,0,76.98135593,76.75
6013-BHCAW,1,0,1,1,61,1,1,DSL,0,0,1,1,1,1,Two year,1,Bank transfer (automatic),4976.15,0,81.57622951,81
0401-WDBXM,1,0,1,1,72,1,1,Fiber optic,1,0,1,0,1,1,Two year,1,Bank transfer (automatic),7542.25,0,104.7534722,105.55
3387-PLKUI,0,0,1,1,13,1,0,No,0,0,0,0,0,0,Month-to-month,0,Mailed check,251.25,0,19.32692308,18.8
6096-EGVTU,0,0,1,1,64,1,1,No,0,0,0,0,0,0,One year,0,Mailed check,1595.5,0,24.9296875,24.9
3797-VTIDR,1,0,1,0,1,0,0,DSL,0,0,0,0,0,0,Month-to-month,1,Electronic check,23.45,1,23.45,23.45
5081-NWSUP,0,0,0,0,10,1,0,DSL,0,1,0,1,0,1,One year,0,Mailed check,685.55,0,68.555,64.9
2580-ATZSQ,0,0,1,1,65,1,0,DSL,1,1,1,0,0,0,One year,0,Bank transfer (automatic),3874.1,0,59.60153846,61.35
8085-MSNLK,0,0,1,0,62,1,1,Fiber optic,1,1,1,1,1,1,Two year,0,Mailed check,6891.4,0,111.1516129,113.95
9691-HKOVS,0,0,1,0,55,1,1,DSL,1,1,1,1,1,1,One year,1,Electronic check,4916.95,0,89.39909091,90.15
9881-VCZEP,0,0,1,0,25,1,1,DSL,0,1,0,0,0,0,Month-to-month,0,Electronic check,1373,0,54.92,54.1
9526-BIHHD,1,0,0,0,1,0,0,DSL,1,0,0,0,0,0,Month-to-month,0,Mailed check,29.7,1,29.7,29.7
8757-TFHHJ,1,0,0,0,1,1,0,DSL,1,0,0,0,0,0,Month-to-month,1,Credit card (automatic),49.8,0,49.8,49.8
4523-WXCEF,0,0,1,0,59,1,1,Fiber optic,0,1,0,0,1,1,Month-to-month,0,Electronic check,6039.9,1,102.3711864,101.1
1468-DEFNC,1,1,1,1,64,1,1,No,0,0,0,0,0,0,Two year,1,Bank transfer (automatic),1548.65,0,24.19765625,24.4
5119-KEPFY,1,0,1,0,36,1,1,Fiber optic,0,0,0,0,1,1,Month-to-month,1,Bank transfer (automatic),3440.25,0,95.5625,95
8364-TRMMK,0,0,0,0,3,1,1,DSL,0,0,0,0,0,0,Month-to-month,1,Mailed check,151.3,1,50.43333333,50.65
0916-KNFAJ,1,0,1,0,61,1,1,DSL,1,0,1,0,0,1,Two year,1,Mailed check,4226.7,0,69.29016393,69.9
8319-QBEHW,1,0,0,1,26,0,0,DSL,0,1,0,0,1,0,One year,1,Bank transfer (automatic),1023.75,0,39.375,39.95
3063-QFSZL,0,0,0,0,1,1,0,DSL,0,0,0,0,0,1,Month-to-month,1,Electronic check,55.4,1,55.4,55.4
8775-LHDJH,0,1,1,0,1,1,1,Fiber optic,0,1,0,0,1,0,Month-to-month,1,Electronic check,90.6,1,90.6,90.6
9625-QNLUX,1,0,1,1,68,1,0,Fiber optic,1,1,1,0,1,1,Two year,1,Credit card (automatic),7074.4,0,104.0352941,103.25
3097-NQYSN,1,1,1,0,2,1,1,Fiber optic,0,0,0,0,1,0,Month-to-month,1,Mailed check,156.35,1,78.175,86.85
4024-CSNBY,0,0,1,0,72,1,1,Fiber optic,1,1,1,1,0,0,Two year,1,Bank transfer (automatic),6849.75,0,95.13541667,94.25
7110-BDTWG,0,0,1,0,71,0,0,DSL,0,0,1,1,0,1,Two year,1,Electronic check,3263.6,0,45.96619718,47.05
7493-GVFIO,1,0,0,0,57,1,0,No,0,0,0,0,0,0,Two year,0,Credit card (automatic),1252.85,0,21.97982456,20.55
0690-SRQID,1,0,0,0,4,1,0,No,0,0,0,0,0,0,Month-to-month,1,Mailed check,67.55,0,16.8875,19.65
9605-WGJVW,0,1,0,0,1,1,0,Fiber optic,0,0,0,0,0,0,Month-to-month,1,Electronic check,70.2,0,70.2,70.2
9114-DPSIA,1,0,1,1,72,1,1,DSL,1,1,1,1,0,1,Two year,0,Credit card (automatic),5750,0,79.86111111,81
4700-UBQMV,1,0,1,1,21,1,1,DSL,1,0,0,0,1,1,One year,1,Bank transfer (automatic),1549.75,0,73.79761905,75.9
7711-GQBZC,0,0,1,1,71,1,1,No,0,0,0,0,0,0,Two year,0,Bank transfer (automatic),1810.55,0,25.50070423,24.7
3565-UNOCC,0,1,1,0,29,1,1,Fiber optic,0,0,1,0,1,1,Month-to-month,1,Bank transfer (automatic),2952.85,1,101.8224138,99.05
4627-MIHJH,0,1,0,0,69,1,1,Fiber optic,1,0,1,1,1,1,Two year,0,Credit card (automatic),7467.55,0,108.2253623,110.25
9795-NREXC,0,0,1,0,64,1,1,DSL,1,0,1,1,1,1,Two year,1,Credit card (automatic),5484.4,0,85.69375,85
8573-CGOCC,1,0,0,0,16,1,0,No,0,0,0,0,0,0,Month-to-month,0,Credit card (automatic),294.9,0,18.43125,19.75
7356-AYNJP,0,0,0,0,4,1,1,No,0,0,0,0,0,0,One year,0,Electronic check,97.5,0,24.375,23.9
9249-FXSCK,0,0,0,0,52,1,1,Fiber optic,1,1,0,1,1,1,One year,1,Credit card (automatic),5916.45,1,113.7778846,111.25
5493-SDRDQ,1,0,0,0,2,1,0,DSL,1,0,1,0,0,0,Month-to-month,1,Mailed check,113.35,1,56.675,55.1
6286-SUUWT,1,0,0,0,1,1,0,No,0,0,0,0,0,0,Month-to-month,0,Mailed check,19.95,0,19.95,19.95
4819-HJPIW,1,0,0,0,18,0,0,DSL,0,0,0,0,0,0,Month-to-month,0,Mailed check,476.8,0,26.48888889,25.15
8654-DHAOW,0,0,0,0,2,1,1,DSL,0,1,0,0,0,0,Month-to-month,0,Mailed check,101.65,0,50.825,54.15
5438-QMDDL,0,0,1,0,19,1,0,DSL,0,1,0,0,0,1,Month-to-month,1,Mailed check,1130.85,0,59.51842105,59.8
9812-GHVRI,0,0,0,0,40,1,1,Fiber optic,0,0,0,0,0,1,Month-to-month,0,Bank transfer (automatic),3532.25,0,88.30625,83.85
5553-AOINX,0,1,1,1,66,1,1,Fiber optic,0,1,1,0,1,1,One year,1,Electronic check,6891.45,0,104.4159091,104.9
1228-ZLNBX,1,0,0,0,21,1,1,Fiber optic,0,0,0,0,0,0,Month-to-month,0,Mailed check,1570.7,0,74.7952381,75.3
4226-KKDON,1,0,0,0,8,1,0,DSL,0,1,0,1,1,0,Month-to-month,1,Electronic check,520.95,0,65.11875,66.65
3831-YCPUO,0,0,1,1,72,1,0,Fiber optic,1,1,1,1,1,1,Two year,1,Credit card (automatic),7854.9,0,109.0958333,109.5
7445-WMRBW,0,0,0,0,48,1,1,DSL,0,1,1,1,1,0,One year,1,Bank transfer (automatic),3581.4,0,74.6125,73.85
3308-DGHKL,1,0,0,0,69,1,0,No,0,0,0,0,0,0,Two year,1,Bank transfer (automatic),1447.9,0,20.98405797,19.3
9924-JPRMC,1,0,0,0,72,1,1,Fiber optic,1,1,1,1,1,1,Two year,1,Electronic check,8547.15,0,118.7104167,114.729
0080-EMYVY,0,0,0,0,14,1,0,DSL,0,1,0,0,0,0,One year,0,Credit card (automatic),727.85,0,51.98928571,51.45
6218-KNUBD,1,0,0,0,6,1,0,DSL,0,1,0,0,1,0,Month-to-month,0,Electronic check,357.6,0,59.6,59.45
7337-CINUD,0,0,1,1,8,1,0,No,0,0,0,0,0,0,Two year,0,Bank transfer (automatic),159.35,0,19.91875,19.5
7609-NRNCA,0,0,0,0,17,1,0,No,0,0,0,0,0,0,One year,0,Mailed check,280.85,0,16.52058824,19.55
0623-EJQEG,1,0,0,0,65,1,1,Fiber optic,1,0,0,1,0,1,One year,0,Electronic check,6069.25,0,93.37307692,93.55
7153-CHRBV,0,0,1,1,57,1,0,DSL,1,0,1,1,0,0,One year,1,Mailed check,3274.35,0,57.44473684,59.3
0871-URUWO,1,0,1,0,13,1,1,Fiber optic,0,0,1,0,1,1,Month-to-month,1,Credit card (automatic),1359,1,104.5384615,102.25
9190-MFJLN,1,1,0,0,19,1,0,Fiber optic,0,0,1,0,1,1,Month-to-month,1,Credit card (automatic),1777.9,1,93.57368421,95.9
6198-PNNSZ,0,0,1,0,56,1,1,Fiber optic,1,1,1,0,1,1,One year,0,Bank transfer (automatic),6109.65,0,109.1008929,109.8
3317-VLGQT,0,0,1,0,14,1,0,Fiber optic,0,0,0,0,0,1,Month-to-month,1,Electronic check,1122.4,0,80.17142857,78.1
4132-POCZS,1,0,1,0,52,0,0,DSL,1,0,0,0,0,1,Month-to-month,1,Electronic check,2020.9,0,38.86346154,39.9
5614-DNZCE,0,0,0,0,58,1,0,DSL,1,1,1,1,0,0,Two year,1,Credit card (automatic),3795.45,0,65.4387931,64.9
1095-JUDTC,0,1,0,0,47,1,1,Fiber optic,0,1,0,1,1,0,Month-to-month,1,Electronic check,4504.55,1,95.84148936,95.05
3896-RCYYE,0,0,0,0,67,0,0,DSL,0,0,1,1,1,1,Month-to-month,1,Credit card (automatic),3579.15,0,53.42014925,53.4
9638-JIQYA,1,0,0,0,2,0,0,DSL,0,0,0,0,0,0,Month-to-month,1,Credit card (automatic),49.7,0,24.85,24.9
3258-SANFR,1,1,0,0,6,1,0,DSL,0,0,0,0,0,0,Month-to-month,0,Credit card (automatic),276.5,0,46.08333333,44.7
3726-TBHQT,1,0,1,1,71,1,1,Fiber optic,1,1,1,1,1,1,Two year,1,Bank transfer (automatic),8175.9,0,115.1535211,114
3190-ITQXP,0,0,1,1,46,1,0,No,0,0,0,0,0,0,Two year,0,Bank transfer (automatic),890.35,0,19.35543478,20.25
0870-VEMYL,0,0,0,0,5,1,0,DSL,1,0,0,1,0,0,Month-to-month,0,Credit card (automatic),259.8,1,51.96,53.85
4833-QTJNO,1,1,1,0,67,1,1,Fiber optic,1,1,0,0,0,0,Month-to-month,0,Bank transfer (automatic),5588.8,0,83.41492537,83.85
3039-MJSLN,1,0,0,1,3,1,0,No,0,0,0,0,0,0,Month-to-month,0,Bank transfer (automatic),50.6,0,16.86666667,20.2
0178-CIIKR,0,0,0,0,3,1,0,No,0,0,0,0,0,0,Month-to-month,0,Mailed check,58,0,19.33333333,19.95
5385-SUIRI,1,1,1,0,52,1,1,Fiber optic,1,0,1,0,1,1,Month-to-month,1,Electronic check,5568.35,1,107.0836538,104.2
3982-XWFZQ,0,0,1,0,42,1,1,DSL,0,0,0,0,0,0,Month-to-month,1,Electronic check,2203.65,1,52.46785714,50.25
5774-QPLTF,1,0,1,1,50,1,0,No,0,0,0,0,0,0,One year,1,Mailed check,938.95,0,18.779,20.35
2322-VCZHZ,1,1,1,0,23,1,0,Fiber optic,1,1,0,0,0,1,Month-to-month,1,Electronic check,2024.1,0,88.00434783,90
5010-IPEAQ,0,0,1,1,67,0,0,DSL,1,1,1,1,1,0,Two year,0,Credit card (automatic),3623.95,0,54.08880597,54.2
4009-ALQFH,0,0,0,0,25,1,0,Fiber optic,0,1,1,0,1,1,Month-to-month,1,Electronic check,2369.05,1,94.762,99.5
6383-ZTSIW,0,1,1,0,39,1,0,Fiber optic,1,1,0,0,1,1,One year,0,Mailed check,3877.95,0,99.43461538,99.1
8990-YOZLV,0,0,0,0,69,1,1,DSL,1,1,0,1,0,0,Two year,1,Mailed check,4577.9,0,66.34637681,66.9
3069-SSVSN,0,0,0,0,1,0,0,DSL,0,0,0,0,0,0,One year,0,Mailed check,25.85,0,25.85,25.85
5222-IMUKT,1,0,0,0,32,1,0,Fiber optic,0,0,0,0,1,1,Month-to-month,0,Electronic check,2871.5,0,89.734375,91.05
3627-FCRDW,0,0,0,0,9,1,0,Fiber optic,0,0,0,0,0,0,Month-to-month,0,Electronic check,672.55,1,74.72777778,71
7562-GSUHK,0,0,0,0,16,1,0,Fiber optic,0,1,1,0,0,1,Month-to-month,1,Credit card (automatic),1573.7,1,98.35625,93.2
6685-XSHHU,1,0,1,1,60,1,0,No,0,0,0,0,0,0,Two year,1,Bank transfer (automatic),1270.55,0,21.17583333,20.95
8901-UPRHR,0,0,1,1,72,1,1,Fiber optic,0,1,1,1,1,1,Two year,1,Bank transfer (automatic),7711.45,0,107.1034722,109.2
4903-UYAVB,1,0,1,0,5,1,0,No,0,0,0,0,0,0,Month-to-month,0,Mailed check,126.05,1,25.21,19.35
0118-JPNOY,0,1,0,0,26,1,0,Fiber optic,1,0,0,0,1,0,Month-to-month,1,Credit card (automatic),2193.65,0,84.37115385,85.8
6776-TLWOI,1,0,0,0,3,1,0,No,0,0,0,0,0,0,Month-to-month,0,Mailed check,64.55,1,21.51666667,19.85
3845-FXCYS,1,0,0,0,2,1,0,No,0,0,0,0,0,0,Month-to-month,1,Electronic check,31.2,0,15.6,19.65
5857-XRECV,0,0,0,1,2,1,0,No,0,0,0,0,0,0,One year,0,Bank transfer (automatic),38.25,0,19.125,20.5
0725-CXOTM,0,0,0,0,36,1,1,DSL,1,0,1,1,1,1,One year,1,Credit card (automatic),3348.1,0,93.00277778,89.65
4343-EJVQB,1,0,0,0,7,1,0,Fiber optic,1,0,0,0,0,0,Month-to-month,0,Mailed check,533.6,0,76.22857143,74.35
9000-PLFUZ,0,1,1,0,60,0,0,DSL,0,1,0,0,1,1,Two year,1,Credit card (automatic),2907.55,0,48.45916667,49.45
3427-GGZZI,0,0,1,0,19,1,1,Fiber optic,0,1,0,0,0,1,Month-to-month,1,Electronic check,1620.8,0,85.30526316,89.1
7779-ORAEL,1,1,1,0,45,1,1,DSL,1,0,1,1,0,1,Two year,0,Credit card (automatic),3480.35,0,77.34111111,75.15
0644-OQMDK,1,1,0,0,4,1,0,Fiber optic,0,0,0,0,0,0,Month-to-month,1,Electronic check,293.85,0,73.4625,70.65
4077-CROMM,0,0,1,1,31,1,1,Fiber optic,0,0,1,1,1,1,Month-to-month,1,Electronic check,3243.45,1,104.6274194,104.2
3154-CFSZG,1,0,1,1,47,1,0,Fiber optic,1,0,1,0,0,1,Month-to-month,0,Electronic check,4137.2,0,88.02553191,90.05
2868-MZAGQ,1,0,0,0,1,1,0,Fiber optic,0,0,0,0,0,1,Month-to-month,1,Electronic check,79.25,1,79.25,79.25
4847-QNOKA,0,0,0,0,1,1,0,DSL,0,0,0,0,0,0,Month-to-month,1,Bank transfer (automatic),44.9,1,44.9,44.9
2220-IAHLS,0,0,0,0,1,1,0,No,0,0,0,0,0,0,Month-to-month,0,Credit card (automatic),19.4,0,19.4,19.4
1658-XUHBX,0,1,1,1,59,1,1,Fiber optic,0,0,1,0,0,1,Month-to-month,1,Credit card (automatic),5348.65,0,90.65508475,88.75
6379-RXJRQ,1,0,1,0,10,1,0,Fiber optic,0,0,0,0,0,0,Month-to-month,1,Electronic check,659.65,1,65.965,70.1
2378-HTWFW,1,1,0,0,35,1,1,Fiber optic,1,0,0,0,0,1,Month-to-month,0,Credit card (automatic),3180.5,0,90.87142857,91
8650-RHRKE,1,0,0,0,4,0,0,DSL,0,0,1,0,0,0,Month-to-month,1,Electronic check,118.5,1,29.625,29.65
4377-VDHYI,1,0,1,1,32,1,0,Fiber optic,1,1,0,0,0,1,One year,1,Electronic check,3023.85,0,94.4953125,90.8
0475-RIJEP,1,0,0,0,43,1,1,Fiber optic,0,1,0,0,0,0,Month-to-month,1,Electronic check,3365.85,1,78.2755814,77.85
1260-TTRXI,1,0,0,0,4,1,0,DSL,0,0,0,0,0,1,Month-to-month,0,Electronic check,195.3,1,48.825,54.3
3719-TDVQB,0,1,1,0,54,1,0,No,0,0,0,0,0,0,Two year,1,Mailed check,1031.1,0,19.09444444,18.95
6328-ZPBGN,0,1,0,0,11,1,1,Fiber optic,0,0,0,0,1,1,Month-to-month,1,Bank transfer (automatic),997.65,1,90.69545455,95.15
0201-MIBOL,0,1,0,0,66,1,1,Fiber optic,1,0,0,0,1,1,Two year,1,Bank transfer (automatic),6471.85,0,98.05833333,102.4
4937-QPZPO,1,0,1,1,61,1,1,Fiber optic,0,0,1,0,1,1,One year,1,Electronic check,6241.35,0,102.3172131,99.9
2925-VDZHY,1,0,1,1,72,1,1,DSL,1,1,1,1,1,1,Two year,0,Credit card (automatic),6501.35,0,90.29652778,88.7
6981-TDRFT,1,0,1,1,44,0,0,DSL,0,0,1,1,1,1,One year,1,Electronic check,2317.1,0,52.66136364,54.3
3413-CSSTH,1,0,0,0,41,1,1,DSL,0,0,1,0,0,0,Month-to-month,1,Bank transfer (automatic),2237.55,0,54.57439024,55.7
8033-VCZGH,1,0,1,0,50,1,1,Fiber optic,1,0,1,0,1,1,One year,1,Electronic check,5231.3,0,104.626,103.95
4789-KWMXN,1,0,1,0,47,1,1,Fiber optic,1,0,1,1,1,1,One year,1,Credit card (automatic),5275.8,1,112.2510638,110.85
0224-NIJLP,1,0,1,1,8,1,0,No,0,0,0,0,0,0,Two year,0,Mailed check,165.5,0,20.6875,20.15
7542-CYDDM,1,0,0,0,18,1,0,No,0,0,0,0,0,0,Month-to-month,0,Mailed check,358.5,0,19.91666667,20.05
4718-WXBGI,1,0,1,1,72,1,1,DSL,1,1,1,1,1,1,Two year,1,Credit card (automatic),6614.9,0,91.87361111,91.95
2867-UIMSS,1,0,0,0,1,1,0,Fiber optic,0,0,0,0,0,1,Month-to-month,0,Electronic check,80.5,1,80.5,80.5
8495-PRWFH,0,1,0,0,42,1,1,DSL,0,0,1,0,0,0,Month-to-month,0,Electronic check,2421.75,0,57.66071429,55.65
0439-IFYUN,0,1,0,0,18,1,0,Fiber optic,0,1,0,0,0,0,Month-to-month,1,Electronic check,1294.6,0,71.92222222,74.7
5716-LIBJC,0,0,0,1,13,1,1,Fiber optic,0,1,1,0,1,1,One year,1,Credit card (automatic),1299.1,0,99.93076923,104.15
2868-LLSKM,0,0,1,1,68,1,1,Fiber optic,0,1,0,1,0,0,One year,1,Bank transfer (automatic),5733.4,0,84.31470588,83.65
8111-RKSPX,1,0,0,0,4,1,1,Fiber optic,0,0,0,0,0,0,Month-to-month,1,Bank transfer (automatic),305.55,1,76.3875,72.2
2988-QRAJY,1,0,0,0,69,1,1,Fiber optic,1,1,1,0,1,1,Two year,1,Credit card (automatic),7430.75,0,107.692029,110.05
1585-MQSSU,1,0,0,0,17,1,0,DSL,0,0,0,1,0,0,Month-to-month,0,Mailed check,900.5,1,52.97058824,51.5
0071-NDAFP,1,0,1,1,25,1,1,No,0,0,0,0,0,0,Two year,0,Credit card (automatic),630.6,0,25.224,25.5
2856-NNASM,1,1,0,0,43,1,0,Fiber optic,0,0,0,0,1,1,Month-to-month,1,Mailed check,3856.75,1,89.69186047,89.55
7328-ZJAJO,0,0,1,1,59,1,0,No,0,0,0,0,0,0,Two year,0,Credit card (automatic),1222.65,0,20.72288136,19.5
6458-CYIDZ,0,1,0,0,5,1,0,Fiber optic,1,1,0,0,0,0,Month-to-month,0,Electronic check,374.8,0,74.96,80.7
8559-CIZFV,1,0,1,1,21,1,1,DSL,1,1,0,1,1,0,One year,0,Mailed check,1625,1,77.38095238,77.5
1090-PYKCI,0,0,1,1,69,1,1,Fiber optic,1,1,1,1,1,0,One year,1,Credit card (automatic),7234.8,0,104.8521739,105.1
3058-WQDRE,1,0,0,0,13,0,0,DSL,0,0,0,0,0,0,Month-to-month,1,Bank transfer (automatic),331.85,0,25.52692308,25.15
7547-EKNFS,1,0,1,0,42,1,1,Fiber optic,0,1,1,0,1,0,Month-to-month,1,Bank transfer (automatic),3959.35,1,94.2702381,95.25
2279-AXJJK,1,0,1,0,52,1,1,Fiber optic,0,1,0,1,0,1,Month-to-month,1,Credit card (automatic),5088.4,0,97.85384615,95.65
6769-DYBQN,1,1,0,0,46,1,0,Fiber optic,1,0,0,0,0,1,Month-to-month,0,Electronic check,3969.4,1,86.29130435,85
0909-SELIE,1,0,1,0,61,1,1,DSL,1,1,1,1,0,1,Two year,1,Bank transfer (automatic),4860.85,0,79.68606557,80.8
3417-TSCIC,1,0,0,0,29,0,0,DSL,0,0,0,0,0,0,One year,1,Mailed check,788.05,0,27.17413793,24.85
1042-HFUCW,0,0,0,1,25,1,0,DSL,0,1,0,1,0,0,One year,1,Credit card (automatic),1266.35,0,50.654,54.75
4439-JMPMT,0,0,1,1,5,1,0,Fiber optic,0,0,0,1,1,0,Month-to-month,1,Electronic check,470.95,1,94.19,85.75
6537-OTKMY,1,0,0,0,15,0,0,DSL,0,0,1,0,1,1,One year,0,Electronic check,688.2,0,45.88,50.75
8999-EXMNO,0,0,1,1,19,1,0,No,0,0,0,0,0,0,Two year,0,Mailed check,387.7,0,20.40526316,20.15
6725-TPKJO,1,0,0,0,44,1,0,No,0,0,0,0,0,0,Two year,0,Mailed check,845.25,0,19.21022727,20.05
2446-BEGGB,0,1,0,0,6,1,1,Fiber optic,0,1,0,0,1,1,Month-to-month,1,Electronic check,560.6,1,93.43333333,98.25
7162-WPHPM,1,0,1,1,58,1,1,DSL,1,1,1,1,0,0,Two year,0,Credit card (automatic),4230.25,0,72.93534483,71.6
1599-MMYRQ,1,0,1,1,62,1,0,Fiber optic,1,1,0,0,0,0,One year,1,Credit card (automatic),4983.05,0,80.37177419,81.45
8821-KVZKQ,0,0,1,1,70,0,0,DSL,0,1,1,1,1,1,One year,1,Bank transfer (automatic),4113.15,0,58.75928571,58.4
1496-GGSUK,0,1,0,0,1,0,0,DSL,0,0,0,0,0,0,Month-to-month,1,Mailed check,25.7,1,25.7,25.7
6434-TTGJP,1,0,1,1,10,0,0,DSL,1,1,1,1,0,1,Two year,0,Credit card (automatic),521,0,52.1,53.7
0042-JVWOJ,1,0,0,0,26,1,0,No,0,0,0,0,0,0,One year,1,Bank transfer (automatic),471.85,0,18.14807692,19.6
0130-SXOUN,1,0,0,0,66,1,1,Fiber optic,0,1,0,0,0,1,Month-to-month,0,Credit card (automatic),5976.9,0,90.55909091,89.4
2575-GFSOE,0,0,1,1,7,1,0,Fiber optic,0,0,0,0,0,0,Month-to-month,1,Electronic check,506.9,1,72.41428571,69
2330-PQGDQ,1,0,1,1,51,1,1,Fiber optic,0,1,0,1,0,0,One year,0,Bank transfer (automatic),4299.75,0,84.30882353,84.2
1452-UZOSF,1,0,1,1,72,1,1,Fiber optic,1,1,1,1,1,0,Two year,1,Credit card (automatic),7548.6,0,104.8416667,106.1
2097-YVPKN,1,0,0,0,65,1,1,No,0,0,0,0,0,0,Two year,0,Mailed check,1654.75,0,25.45769231,25.75
2842-JTCCU,1,0,0,0,2,1,0,DSL,0,0,0,0,0,0,Month-to-month,0,Bank transfer (automatic),80.35,1,40.175,46.05
8597-CTXVJ,1,0,0,1,70,1,1,DSL,1,1,0,1,0,0,One year,0,Bank transfer (automatic),4551.5,0,65.02142857,64.95
6631-HMANX,1,0,1,0,72,1,1,DSL,0,1,1,1,1,1,Two year,1,Credit card (automatic),6227.5,0,86.49305556,85.45
9962-BFPDU,0,0,1,1,1,1,0,No,0,0,0,0,0,0,Month-to-month,0,Mailed check,20.05,0,20.05,20.05
3296-SILRA,0,1,1,0,1,1,0,Fiber optic,0,1,0,0,0,0,Month-to-month,1,Mailed check,76.4,1,76.4,76.4
9681-OXGVC,0,0,0,0,5,1,1,Fiber optic,0,0,1,0,1,1,Month-to-month,1,Electronic check,514,1,102.8,100.5
6394-HHHZM,1,0,0,0,3,1,0,No,0,0,0,0,0,0,Month-to-month,0,Mailed check,57.5,0,19.16666667,20.7
5995-LFTLE,1,0,0,0,58,1,1,No,0,0,0,0,0,0,Two year,1,Credit card (automatic),1474.35,0,25.41982759,25.3
5180-UCIIQ,1,1,1,1,22,0,0,DSL,1,0,0,0,0,1,Month-to-month,0,Mailed check,880.2,1,40.00909091,40.05
1932-UEDCX,1,1,1,0,33,1,1,Fiber optic,0,1,0,0,1,1,Month-to-month,1,Bank transfer (automatic),3270.25,0,99.09848485,100.6
7153-OANIO,1,0,0,0,1,1,0,Fiber optic,0,0,0,0,0,0,Month-to-month,0,Electronic check,69.95,1,69.95,69.95
5188-HGMLP,1,1,1,0,54,1,1,Fiber optic,0,0,0,0,0,0,Month-to-month,0,Bank transfer (automatic),3919.15,0,72.57685185,74
0665-XHDJU,1,0,1,0,72,1,1,Fiber optic,0,1,0,0,1,1,Two year,1,Electronic check,7285.7,0,101.1902778,99.4
6521-YYTYI,1,0,0,1,1,1,1,Fiber optic,0,0,0,0,1,1,Month-to-month,1,Electronic check,93.3,1,93.3,93.3
8878-HMWBV,1,0,0,0,3,1,0,DSL,0,0,1,0,0,0,Month-to-month,1,Electronic check,169.05,1,56.35,49.15
8265-HKSOW,0,0,1,1,72,1,1,Fiber optic,1,1,1,1,0,1,Two year,0,Credit card (automatic),7658.3,0,106.3652778,107.45
3544-FBCAS,0,0,1,1,72,1,1,DSL,1,1,1,0,1,1,Two year,1,Credit card (automatic),5959.3,0,82.76805556,83.6
5331-RGMTT,1,1,1,0,54,1,1,Fiber optic,0,0,1,0,1,1,Month-to-month,1,Credit card (automatic),5295.7,0,98.06851852,99.05
4759-PXTAN,0,0,1,0,59,1,1,DSL,0,1,0,1,1,1,One year,1,Electronic check,4693.2,0,79.54576271,80.1
7054-DMVAS,1,0,0,0,54,1,0,DSL,1,1,0,0,1,0,Two year,1,Bank transfer (automatic),3512.9,0,65.0537037,65.3
3428-MMGUB,1,0,0,0,60,1,1,Fiber optic,0,0,1,0,1,0,Two year,1,Electronic check,5231.2,0,87.18666667,89.55
6549-BTYPG,0,0,1,0,60,0,0,DSL,0,1,1,1,1,1,Two year,0,Credit card (automatic),3603.45,0,60.0575,60.8
7823-JSOAG,1,0,0,0,3,1,1,Fiber optic,0,0,0,0,0,0,Month-to-month,0,Electronic check,217.45,0,72.48333333,74.5
3705-RHRFR,0,0,1,0,69,1,1,Fiber optic,1,0,0,0,1,1,Two year,0,Bank transfer (automatic),6875.35,0,99.64275362,99.15
9374-YOLBJ,0,0,1,1,1,1,0,No,0,0,0,0,0,0,Month-to-month,0,Electronic check,19.25,0,19.25,19.25
9074-KGVOX,1,0,1,1,50,0,0,DSL,1,0,0,0,1,0,Month-to-month,1,Credit card (automatic),2021.35,0,40.427,39.45
6128-DAFVY,0,0,0,0,56,0,0,DSL,0,0,0,0,1,1,Month-to-month,1,Credit card (automatic),2564.95,0,45.80267857,44.85
9933-QRGTX,0,0,1,0,60,1,0,Fiber optic,1,0,0,1,1,1,Two year,1,Electronic check,5611.75,0,93.52916667,97.2
4476-OSWTN,1,1,1,0,69,1,1,Fiber optic,1,0,1,1,1,1,One year,1,Mailed check,7610.1,0,110.2913043,110.55
3751-KTZEL,0,0,0,0,1,0,0,DSL,0,0,0,0,0,1,Month-to-month,0,Mailed check,35.05,1,35.05,35.05
1977-STDKI,0,1,0,0,1,1,0,Fiber optic,0,1,0,0,0,0,Month-to-month,1,Electronic check,73,1,73,73
5066-GFJMM,0,0,1,0,3,1,0,No,0,0,0,0,0,0,Month-to-month,1,Mailed check,45.75,0,15.25,19.9
2661-GKBTK,1,0,1,1,60,1,0,DSL,0,1,0,1,1,1,Two year,0,Bank transfer (automatic),4543.95,0,75.7325,76.95
0458-HEUZG,0,0,0,0,13,0,0,DSL,0,0,1,1,0,0,Two year,0,Mailed check,450.4,0,34.64615385,35.4
7268-WNTCP,1,0,1,1,62,1,0,No,0,0,0,0,0,0,Two year,0,Bank transfer (automatic),1297.35,0,20.925,20.45
0824-VWDPO,0,0,0,0,45,1,1,Fiber optic,1,1,0,0,0,1,One year,0,Bank transfer (automatic),4442.75,0,98.72777778,96.75
8409-WQJUX,0,0,0,0,25,0,0,DSL,0,0,1,1,1,1,One year,0,Electronic check,1423.15,0,56.926,54.2
2578-JQPHZ,1,0,0,0,44,1,0,Fiber optic,0,0,1,1,1,1,Two year,0,Bank transfer (automatic),4378.35,0,99.50795455,100.1
3278-FSIXX,0,0,0,0,2,1,0,DSL,0,0,0,0,0,0,Month-to-month,1,Mailed check,74.2,0,37.1,45.25
5813-UECBU,1,1,0,0,33,1,1,Fiber optic,0,1,1,0,0,0,Month-to-month,1,Credit card (automatic),2716.3,1,82.31212121,83.85
0328-GRPMV,0,0,0,0,1,1,0,Fiber optic,0,0,0,0,0,0,Month-to-month,1,Electronic check,70.1,1,70.1,70.1
9746-UGFAC,0,0,0,0,22,1,0,No,0,0,0,0,0,0,One year,0,Bank transfer (automatic),450.65,0,20.48409091,20.85
2946-KIQSP,0,0,0,0,35,0,0,DSL,0,0,1,1,0,0,Month-to-month,1,Mailed check,1175.85,0,33.59571429,33.45
0625-AFOHS,0,0,1,1,29,1,0,No,0,0,0,0,0,0,Two year,0,Mailed check,558.8,0,19.26896552,20.2
6726-WEXXK,1,1,1,0,27,1,1,Fiber optic,1,0,1,0,0,0,One year,1,Electronic check,2220.1,0,82.22592593,85.9
4636-OLWOE,1,0,0,1,54,1,0,DSL,0,1,1,1,0,0,One year,1,Electronic check,3283.05,0,60.79722222,61
4342-HENTK,0,1,0,0,2,1,0,Fiber optic,0,0,0,0,0,0,Month-to-month,1,Electronic check,142.35,1,71.175,70.65
4685-ERGHK,1,0,0,0,57,1,1,Fiber optic,0,0,0,0,1,0,One year,1,Electronic check,4939.25,0,86.65350877,86.9
0885-HMGPY,1,0,0,0,62,1,1,DSL,1,1,1,1,0,0,Two year,0,Bank transfer (automatic),4237.5,0,68.34677419,69.4
5003-OKNNK,0,0,1,1,15,1,0,No,0,0,0,0,0,0,One year,0,Credit card (automatic),335.95,0,22.39666667,20.35
4195-SMMNX,1,0,0,0,2,1,0,No,0,0,0,0,0,0,Month-to-month,0,Mailed check,33.2,1,16.6,20.35
7208-PSIHR,0,0,1,0,70,1,1,Fiber optic,0,0,1,1,1,1,Two year,1,Bank transfer (automatic),7188.5,0,102.6928571,104.3
4012-ZTHBR,0,0,1,1,21,1,0,DSL,0,0,0,0,0,0,Month-to-month,1,Electronic check,926.25,0,44.10714286,44.95
0489-WMEMG,0,0,0,1,23,1,0,DSL,0,0,0,1,0,0,One year,1,Electronic check,1119.35,0,48.6673913,49.45
7435-ZNUYY,1,0,0,0,6,1,0,No,0,0,0,0,0,0,One year,0,Mailed check,116.6,0,19.43333333,20.6
1354-YZFNB,1,0,1,1,4,1,0,No,0,0,0,0,0,0,Two year,0,Credit card (automatic),68.8,0,17.2,19.55
6956-SMUCM,0,0,0,0,3,1,0,Fiber optic,1,0,1,0,1,1,Month-to-month,1,Credit card (automatic),287.4,1,95.8,99
2985-FMWYF,0,0,0,0,23,1,1,Fiber optic,0,0,0,0,1,1,Month-to-month,1,Electronic check,2341.55,0,101.8065217,93.5
2812-ENYMO,1,0,0,0,26,0,0,DSL,1,0,0,1,1,1,One year,0,Credit card (automatic),1362.85,0,52.41730769,54.55
2717-HVIZY,0,0,0,1,8,1,0,No,0,0,0,0,0,0,Month-to-month,0,Mailed check,163.6,0,20.45,20.05
3223-WZWJM,1,0,0,0,26,1,1,Fiber optic,0,0,0,0,0,1,Month-to-month,1,Electronic check,2254.2,1,86.7,83.95
3422-GALYP,1,0,0,0,2,1,1,Fiber optic,0,1,0,0,0,0,Month-to-month,1,Electronic check,145.15,0,72.575,79.45
9053-JZFKV,1,0,0,0,67,1,1,Fiber optic,1,1,1,1,1,1,Two year,0,Credit card (automatic),7752.3,1,115.7059701,114.729
2530-ENDWQ,0,0,1,0,71,1,1,Fiber optic,0,0,0,0,1,1,Two year,1,Bank transfer (automatic),6585.35,1,92.75140845,93.7
2890-WFBHU,0,0,0,0,59,1,1,DSL,1,1,1,1,0,1,One year,0,Credit card (automatic),4786.1,0,81.12033898,79.85
0327-WFZSY,1,0,1,1,39,1,1,Fiber optic,0,0,1,0,1,1,One year,0,Electronic check,3835.55,0,98.3474359,100
7977-HXJKU,1,0,0,1,21,1,0,No,0,0,0,0,0,0,Two year,0,Mailed check,397,0,18.9047619,19.6
6615-ZGEDR,1,0,0,0,1,1,0,No,0,0,0,0,0,0,Month-to-month,0,Mailed check,19.7,1,19.7,19.7
7033-CLAMM,0,0,1,1,48,1,0,No,0,0,0,0,0,0,Two year,0,Bank transfer (automatic),1027.25,0,21.40104167,20.2
4023-RTIQM,0,1,1,0,31,0,0,DSL,1,1,1,0,0,1,One year,1,Credit card (automatic),1580.1,0,50.97096774,50.4
0864-FVJNJ,0,0,1,1,64,1,1,Fiber optic,1,1,1,1,1,1,One year,0,Electronic check,7222.75,0,112.8554688,113.35
7356-IWLFW,1,0,1,1,46,1,1,Fiber optic,0,1,0,0,0,0,Month-to-month,1,Bank transfer (automatic),3769.7,0,81.95,80
9541-PWTWO,0,0,0,0,52,1,1,DSL,0,0,1,1,1,1,Two year,1,Bank transfer (automatic),4233.95,0,81.42211538,80.95
3967-VQOGC,0,0,1,1,67,1,1,No,0,0,0,0,0,0,Two year,1,Mailed check,1680.25,0,25.07835821,24.9
7872-RDDLZ,0,1,0,0,67,1,1,DSL,0,1,0,0,0,0,Month-to-month,0,Electronic check,3725.5,0,55.60447761,54.9
9250-WYPLL,0,0,0,0,5,1,1,Fiber optic,0,0,0,0,0,0,Month-to-month,0,Electronic check,413.65,1,82.73,75.55
6308-CQRBU,0,0,1,0,71,1,1,Fiber optic,0,1,1,1,1,1,Two year,0,Electronic check,7707.7,0,108.5591549,109.25
2754-XBHTB,0,0,0,0,9,1,0,Fiber optic,0,0,0,0,1,0,Month-to-month,1,Bank transfer (automatic),714.15,1,79.35,77.65
1597-LHYNC,0,1,0,0,26,1,1,Fiber optic,1,1,0,0,0,1,Month-to-month,1,Electronic check,2497.2,1,96.04615385,95
0186-CAERR,1,0,0,0,71,1,1,Fiber optic,1,1,1,1,1,1,One year,1,Bank transfer (automatic),8309.55,0,117.0359155,114.729
3043-SUDUA,0,0,0,0,32,1,0,No,0,0,0,0,0,0,Month-to-month,0,Bank transfer (automatic),601.55,0,18.7984375,19.9
5442-BHQNG,0,0,0,0,2,1,0,Fiber optic,0,0,0,0,0,0,Month-to-month,0,Electronic check,139.25,0,69.625,70.35
2169-RRLFW,0,0,1,0,71,1,1,No,0,0,0,0,0,0,Two year,0,Credit card (automatic),1888.25,0,26.59507042,25.6
5872-OEQNH,0,0,0,0,60,0,0,DSL,1,0,1,0,0,1,One year,1,Electronic check,2773.9,0,46.23166667,44.45
3162-KKZXO,0,1,0,0,55,1,1,Fiber optic,0,0,1,0,1,1,One year,1,Electronic check,5409.75,0,98.35909091,100.15
7055-VKGDA,1,0,0,0,54,1,0,Fiber optic,1,1,0,1,1,1,One year,1,Credit card (automatic),5643.4,1,104.5074074,105.4
0754-UKWQP,1,0,0,0,2,1,0,Fiber optic,0,0,1,0,1,1,Month-to-month,1,Electronic check,197.7,1,98.85,95.85
8873-GLDMH,0,0,0,0,6,1,1,Fiber optic,0,0,0,0,0,0,Month-to-month,1,Mailed check,401.3,0,66.88333333,73.85
5696-JVVQY,0,0,1,1,48,1,0,DSL,1,1,1,0,0,1,Two year,1,Credit card (automatic),3238.4,0,67.46666667,70.1
8946-BFWSG,1,0,1,1,63,1,1,No,0,0,0,0,0,0,Two year,0,Mailed check,1573.05,0,24.96904762,25.25
7493-TPUWZ,1,0,0,0,1,1,1,Fiber optic,0,1,0,0,0,0,Month-to-month,1,Electronic check,79.15,1,79.15,79.15
0547-HURJB,1,0,0,1,12,1,0,No,0,0,0,0,0,0,Month-to-month,0,Credit card (automatic),235.8,0,19.65,21.05
8904-OPDCK,1,1,1,0,54,0,0,DSL,0,0,0,0,0,0,Month-to-month,1,Bank transfer (automatic),1364.75,0,25.27314815,24.95
8845-LWKGE,0,0,1,1,30,1,0,DSL,0,0,1,1,1,0,One year,1,Electronic check,1985.15,0,66.17166667,64.5
1577-HKTFG,0,0,1,0,30,1,0,No,0,0,0,0,0,0,Month-to-month,0,Bank transfer (automatic),655.85,1,21.86166667,19.65
8752-STIVR,0,0,0,0,4,1,0,Fiber optic,0,0,0,0,1,0,Month-to-month,1,Electronic check,303.15,1,75.7875,79
0691-NIKRI,0,0,0,0,40,1,1,Fiber optic,0,0,1,1,1,1,One year,1,Credit card (automatic),4335.2,0,108.38,105.95
5022-JNQEQ,0,0,1,1,9,1,0,Fiber optic,0,0,0,1,0,0,Month-to-month,1,Electronic check,647.5,0,71.94444444,75.85
4558-FANTW,0,0,1,1,17,1,0,Fiber optic,1,0,0,1,1,0,Month-to-month,0,Electronic check,1574.45,1,92.61470588,91.85
3249-VHRIP,0,0,0,0,62,0,0,DSL,0,1,1,0,0,1,Two year,1,Credit card (automatic),2748.7,0,44.33387097,43.6
3736-BLEPA,1,0,0,0,28,1,0,Fiber optic,0,1,0,1,1,0,One year,1,Bank transfer (automatic),2483.65,0,88.70178571,91.25
4701-LKOZD,0,0,0,0,70,1,1,DSL,1,1,1,1,1,1,Two year,0,Credit card (automatic),6367.2,0,90.96,89.75
6603-QWSPR,0,0,0,0,46,1,0,Fiber optic,0,1,1,1,1,1,Two year,1,Bank transfer (automatic),4904.2,0,106.6130435,104.4
9921-QFQUL,0,0,1,0,23,1,1,Fiber optic,0,0,1,0,0,1,Month-to-month,0,Mailed check,2044.95,0,88.91086957,90.15
1929-ZCBHE,1,0,1,1,47,0,0,DSL,1,0,1,1,0,0,One year,0,Electronic check,1794.8,0,38.18723404,40.3
4378-MYPGO,1,0,1,1,68,1,0,Fiber optic,1,1,1,0,1,1,Two year,1,Bank transfer (automatic),7173.15,0,105.4875,105.25
8651-ENBZX,0,1,0,0,60,1,1,Fiber optic,0,0,1,1,1,1,One year,1,Electronic check,6441.4,1,107.3566667,106
4129-LYCOI,0,0,0,1,67,1,1,Fiber optic,0,1,0,1,1,1,Two year,1,Electronic check,7039.05,0,105.0604478,104
7798-JVXYM,0,0,0,0,14,1,0,DSL,0,0,0,1,1,1,Month-to-month,1,Electronic check,921.4,0,65.81428571,69.65
8647-SDTWQ,1,0,1,1,57,1,1,Fiber optic,0,0,0,0,0,0,Month-to-month,1,Electronic check,4018.35,0,70.49736842,74.3
2696-ECXKC,0,0,1,1,55,1,1,Fiber optic,1,0,0,0,1,1,One year,0,Mailed check,5448.6,0,99.06545455,100.9
2081-KJSQF,1,0,0,0,1,1,0,No,0,0,0,0,0,0,Month-to-month,1,Mailed check,20.25,0,20.25,20.25
7623-TRNQN,1,0,0,1,1,1,0,DSL,0,0,0,1,0,0,Month-to-month,1,Mailed check,49.9,1,49.9,49.9
3323-CPBWR,1,0,0,0,23,1,1,Fiber optic,0,0,1,1,1,0,Month-to-month,1,Credit card (automatic),2085.45,0,90.67173913,96.9
9330-IJWIO,0,0,0,0,13,1,1,Fiber optic,1,0,0,0,1,1,Month-to-month,1,Electronic check,1358.85,1,104.5269231,100.35
3384-CTMSF,1,0,1,0,47,1,1,Fiber optic,0,1,1,0,1,1,Month-to-month,1,Electronic check,5135.15,0,109.2585106,104.1
0902-RFHOF,1,0,0,0,38,1,0,No,0,0,0,0,0,0,One year,0,Mailed check,730.1,0,19.21315789,20.1
9286-DOJGF,0,1,1,0,38,1,1,Fiber optic,0,0,0,0,0,0,Month-to-month,1,Bank transfer (automatic),2869.85,1,75.52236842,74.95
6048-QBXKL,0,1,0,0,2,1,1,DSL,0,1,0,0,0,0,Month-to-month,1,Credit card (automatic),118.25,0,59.125,56.55
9661-MHUMO,1,1,1,1,1,1,0,DSL,0,0,0,1,0,0,Month-to-month,1,Credit card (automatic),49.25,1,49.25,49.25
7718-RXDGG,1,0,1,0,15,1,0,Fiber optic,0,0,0,0,0,0,Month-to-month,1,Bank transfer (automatic),1108.6,0,73.90666667,68.6
1025-FALIX,0,0,0,0,26,1,0,Fiber optic,0,0,0,0,0,0,Month-to-month,1,Credit card (automatic),1815.65,0,69.83269231,69.05
3451-VAWLI,0,0,1,1,35,1,0,No,0,0,0,0,0,0,Two year,0,Credit card (automatic),730.4,0,20.86857143,19.7
3407-QGWLG,1,0,0,1,3,1,0,No,0,0,0,0,0,0,Month-to-month,1,Mailed check,75.45,0,25.15,20.05
1842-EZJMK,1,0,1,1,50,1,1,Fiber optic,0,1,0,1,1,1,Month-to-month,0,Electronic check,5071.05,1,101.421,103.7
2347-WKKAE,1,0,1,0,42,1,1,Fiber optic,1,0,1,0,0,1,Month-to-month,1,Electronic check,4014.6,0,95.58571429,94.4
8735-DCXNF,1,0,1,0,10,1,0,DSL,1,0,0,1,0,0,Month-to-month,1,Credit card (automatic),568.85,0,56.885,54.95
3214-IYUUQ,0,0,1,0,61,1,0,Fiber optic,1,1,0,1,0,1,One year,0,Bank transfer (automatic),5860.7,0,96.07704918,93.7
1936-UAFEH,0,0,0,0,68,1,1,Fiber optic,1,1,0,1,1,1,Two year,0,Credit card (automatic),7279.35,0,107.0492647,110.25
3587-PMCOY,1,0,0,0,10,1,0,Fiber optic,1,0,1,0,1,1,One year,1,Electronic check,1064.95,0,106.495,98.9
8079-XRJRS,1,0,1,0,65,1,1,Fiber optic,1,1,1,0,0,0,One year,0,Electronic check,5769.6,1,88.76307692,89.75
1027-LKKQQ,0,0,1,1,72,1,0,DSL,1,0,1,1,1,1,Two year,1,Bank transfer (automatic),5886.85,0,81.76180556,80.45
7148-XZPHA,1,0,1,1,55,1,0,Fiber optic,0,1,0,1,0,0,Month-to-month,0,Electronic check,4238.45,0,77.06272727,79.4
8073-IJDCM,0,0,0,0,1,1,0,No,0,0,0,0,0,0,Month-to-month,1,Mailed check,20.3,1,20.3,20.3
5309-TAIKL,0,0,0,0,7,1,0,DSL,0,0,1,1,0,1,Month-to-month,0,Bank transfer (automatic),418.3,0,59.75714286,62.8
6856-RAURS,0,0,0,0,2,1,1,Fiber optic,0,0,0,0,0,0,Month-to-month,1,Mailed check,136.05,0,68.025,74.9
8778-LMWTJ,0,0,0,0,9,1,0,Fiber optic,1,0,0,0,0,0,Month-to-month,1,Electronic check,708.2,0,78.68888889,74.85
9717-IOAAF,1,0,0,1,27,1,1,No,0,0,0,0,0,0,Two year,1,Credit card (automatic),788.55,0,29.20555556,25.85
8884-ADFVN,1,1,1,0,7,1,1,Fiber optic,0,0,1,0,1,1,Month-to-month,1,Electronic check,700.85,1,100.1214286,101.95
2845-KDHVX,0,0,1,0,64,1,0,DSL,0,1,1,1,0,1,Two year,1,Mailed check,4378.8,0,68.41875,68.3
0848-SOMKO,1,0,0,0,70,0,0,DSL,1,0,1,1,0,1,Two year,0,Bank transfer (automatic),3442.8,0,49.18285714,48.4
2720-WGKHP,1,1,0,0,2,1,1,Fiber optic,0,0,0,0,1,1,Month-to-month,1,Electronic check,181.7,1,90.85,94
6734-FQAJX,1,1,0,0,67,1,0,Fiber optic,1,1,0,1,1,1,Two year,1,Electronic check,7171.7,0,107.0402985,105.05
2869-ADAWR,0,0,0,0,45,1,1,Fiber optic,0,1,0,0,1,0,Month-to-month,1,Credit card (automatic),4016.85,1,89.26333333,89.3
1535-VTJOQ,0,0,0,0,24,1,1,No,0,0,0,0,0,0,Two year,0,Credit card (automatic),553,0,23.04166667,25.15
6368-TZZDT,1,0,1,1,4,1,0,No,0,0,0,0,0,0,Two year,0,Credit card (automatic),96.85,0,24.2125,19.5
0943-ZQPXH,1,0,1,1,44,1,0,Fiber optic,0,0,1,0,1,1,Month-to-month,1,Bank transfer (automatic),4122.9,0,93.70227273,92.95
1293-BSEUN,0,0,1,1,72,1,0,No,0,0,0,0,0,0,Two year,1,Mailed check,1482.3,0,20.5875,20.7
9894-EZEWG,0,0,0,0,1,1,0,Fiber optic,0,1,0,0,0,0,Month-to-month,1,Credit card (automatic),74.3,1,74.3,74.3
1302-TPUBN,1,0,0,0,66,1,0,No,0,0,0,0,0,0,Two year,0,Bank transfer (automatic),1240.8,0,18.8,19.35
7851-FLGGQ,1,0,0,0,1,0,0,DSL,0,1,0,1,0,1,Month-to-month,1,Mailed check,44.65,1,44.65,44.65
0637-UBJRP,1,0,1,1,13,1,0,Fiber optic,1,0,0,0,0,1,Month-to-month,0,Electronic check,1095.3,1,84.25384615,84.05
0940-OUQEC,1,0,0,0,10,1,1,Fiber optic,0,1,0,0,0,0,Month-to-month,1,Bank transfer (automatic),788.8,1,78.88,80.7
2378-VTKDH,1,1,1,0,65,1,1,Fiber optic,0,1,1,0,1,1,Month-to-month,1,Electronic check,6578.55,0,101.2084615,104.35
0927-CNGRH,1,0,0,1,1,1,0,No,0,0,0,0,0,0,Month-to-month,0,Mailed check,19.55,0,19.55,19.55
8608-OZTLB,1,0,1,1,38,1,0,DSL,1,1,1,1,1,0,One year,0,Electronic check,2802.3,0,73.74473684,74.05
2335-GSODA,1,0,0,1,23,0,0,DSL,1,0,1,1,0,0,Two year,0,Mailed check,857.75,0,37.29347826,40.1
1952-DVVSW,0,0,1,0,10,1,0,No,0,0,0,0,0,0,One year,0,Mailed check,184.4,0,18.44,20.1
0702-PGIBZ,1,0,0,1,4,1,1,Fiber optic,0,1,0,0,1,1,Month-to-month,1,Electronic check,364.55,1,91.1375,101.7
6656-GULJQ,1,0,1,1,72,1,1,DSL,1,0,1,1,1,1,Two year,1,Credit card (automatic),6093.3,0,84.62916667,83.55
9853-JFZDU,0,0,1,0,35,1,0,DSL,0,1,0,1,0,0,Month-to-month,0,Electronic check,1861.1,0,53.17428571,56.85
1963-VAUKV,0,0,0,0,1,1,0,No,0,0,0,0,0,0,Month-to-month,0,Mailed check,20.4,1,20.4,20.4
3777-XROBG,0,0,1,1,58,1,0,No,0,0,0,0,0,0,Two year,0,Credit card (automatic),1079.65,0,18.61465517,19.55
6994-FGRHH,1,0,1,1,70,1,0,Fiber optic,0,1,1,1,1,1,One year,1,Electronic check,7475.1,0,106.7871429,106.15
4000-VGMQP,1,0,1,1,38,1,1,DSL,0,1,1,0,1,1,One year,0,Credit card (automatic),2862.55,0,75.33026316,78.95
3999-WRNGR,0,0,1,1,60,0,0,DSL,0,1,0,0,1,1,Month-to-month,1,Electronic check,3069.45,0,51.1575,49.75
3466-RITXD,1,0,0,0,26,1,1,Fiber optic,1,1,0,0,1,0,Month-to-month,1,Credit card (automatic),2349.8,0,90.37692308,92.4
2680-XKKNJ,0,0,0,0,8,1,0,DSL,1,1,0,1,0,0,One year,0,Bank transfer (automatic),469.25,0,58.65625,58.2
3058-HJCUY,1,0,1,1,41,1,1,Fiber optic,0,0,1,1,1,1,One year,1,Electronic check,4213.35,1,102.7646341,102.6
2974-GGUXS,0,1,1,0,36,1,1,Fiber optic,0,1,0,0,1,0,Month-to-month,1,Credit card (automatic),3301.05,0,91.69583333,91.95
7994-XIRTR,1,1,0,0,54,1,0,DSL,0,0,1,1,0,1,One year,0,Bank transfer (automatic),3529.95,0,65.36944444,65.25
3259-FDWOY,1,0,1,1,71,1,1,Fiber optic,0,1,1,0,1,1,Two year,1,Bank transfer (automatic),7723.7,1,108.784507,106
2101-RANCD,0,0,0,0,55,1,1,Fiber optic,0,0,0,0,0,0,Month-to-month,1,Electronic check,4144.9,0,75.36181818,73.1
7921-BEPCI,0,0,0,0,72,1,1,DSL,1,1,0,0,0,0,Two year,0,Bank transfer (automatic),4265,0,59.23611111,59.75
0807-ZABDG,0,0,0,1,3,1,0,DSL,1,0,0,1,0,0,Month-to-month,1,Mailed check,154.65,1,51.55,55.1
8510-TMWYB,0,0,1,1,54,1,1,DSL,0,1,1,0,0,0,Two year,1,Bank transfer (automatic),3246.45,0,60.11944444,59.8
3258-ZKPAI,1,0,1,1,72,1,1,Fiber optic,1,1,1,1,1,1,Two year,1,Bank transfer (automatic),8337.45,0,115.7979167,114.729
1428-IEDPR,1,0,0,0,52,1,1,Fiber optic,1,0,1,1,1,1,Two year,1,Electronic check,5731.4,0,110.2192308,109.3
5298-GSTLM,0,1,0,0,60,1,1,Fiber optic,1,0,0,0,1,1,One year,1,Bank transfer (automatic),6176.6,0,102.9433333,101.4
4450-YOOHP,0,0,0,0,39,0,0,DSL,0,0,1,0,1,1,Month-to-month,1,Credit card (automatic),1905.4,0,48.85641026,50.65
6728-CZFEI,0,0,0,0,15,1,0,DSL,0,0,0,0,1,0,One year,0,Mailed check,931.9,0,62.12666667,56.15
5748-RNCJT,1,0,0,0,69,1,1,Fiber optic,0,0,1,1,1,1,Two year,1,Bank transfer (automatic),7348.8,1,106.5043478,106.5
3653-NCRDJ,1,0,1,1,43,1,0,No,0,0,0,0,0,0,One year,1,Mailed check,776.25,0,18.05232558,19.2
6121-TNHBO,0,1,0,0,63,1,1,DSL,1,1,1,1,1,0,One year,0,Bank transfer (automatic),5243.05,0,83.22301587,83
5119-NZPTV,1,1,1,0,2,1,0,Fiber optic,0,0,0,0,0,0,Month-to-month,0,Electronic check,141.65,0,70.825,70.1
6519-ZHPXP,0,0,1,1,72,1,0,Fiber optic,1,1,1,1,1,1,Two year,1,Bank transfer (automatic),7679.65,0,106.6618056,108.3
7739-LAXOG,0,0,1,1,32,1,1,Fiber optic,0,0,1,0,0,1,Month-to-month,1,Bank transfer (automatic),2954.5,1,92.328125,91.05
3472-QPRCH,1,0,1,1,40,1,1,No,0,0,0,0,0,0,Two year,0,Credit card (automatic),1006.9,0,25.1725,25.25
8224-UAXBZ,0,0,1,0,58,0,0,DSL,1,1,0,0,1,0,One year,1,Electronic check,2540.1,0,43.79482759,45.35
9610-WCESF,1,0,0,0,67,0,0,DSL,1,0,0,1,1,0,Two year,0,Electronic check,3097.2,0,46.22686567,43.9
9776-CLUJA,0,1,1,0,51,1,1,Fiber optic,1,0,0,0,0,0,Month-to-month,1,Electronic check,3807.35,1,74.65392157,77.5
2486-WYVVE,1,0,1,0,31,1,1,DSL,0,0,1,1,1,1,One year,1,Mailed check,2484,0,80.12903226,79.3
3865-ZYKAD,1,1,1,0,69,1,1,Fiber optic,1,1,0,0,0,0,Month-to-month,1,Credit card (automatic),5785.65,0,83.85,84.9
1422-DGUBX,1,0,1,0,32,1,1,Fiber optic,0,0,0,1,0,0,One year,1,Electronic check,2619.15,0,81.8484375,79.25
2999-AANRQ,0,0,0,0,21,1,0,DSL,1,1,0,1,1,0,Two year,0,Credit card (automatic),1524.85,0,72.61190476,71.05
8668-KNZTI,1,0,0,0,52,1,0,DSL,1,0,1,0,0,0,One year,0,Electronic check,2790.65,0,53.66634615,53.75
0480-KYJVA,0,0,1,1,72,1,1,No,0,0,0,0,0,0,Two year,0,Credit card (automatic),1784.5,0,24.78472222,24.25
6034-ZRYCV,0,0,1,0,72,0,0,DSL,0,1,1,0,1,1,Two year,1,Electronic check,3937.45,1,54.68680556,54.2
9746-YKGXB,1,0,1,1,52,0,0,DSL,1,0,1,0,0,1,One year,0,Bank transfer (automatic),2276.1,0,43.77115385,44.25
3926-YZVVX,0,0,0,0,41,1,0,DSL,0,0,0,1,0,0,One year,0,Bank transfer (automatic),2029.05,0,49.48902439,50.05
6000-UKLWI,1,0,0,0,41,1,0,No,0,0,0,0,0,0,Two year,0,Mailed check,802.35,0,19.5695122,20.15
2079-FBMZK,0,0,0,0,6,1,0,Fiber optic,0,0,0,0,0,0,Month-to-month,1,Mailed check,418.4,1,69.73333333,69.25
6332-FBZRI,1,0,1,1,67,1,1,DSL,1,1,1,1,0,0,One year,1,Credit card (automatic),4653.25,0,69.45149254,69.35
2096-XOTMO,0,0,1,1,16,1,0,No,0,0,0,0,0,0,Month-to-month,0,Mailed check,275.9,0,17.24375,19.35
3266-FTKHB,1,0,0,0,17,1,0,No,0,0,0,0,0,0,Two year,0,Mailed check,343.45,0,20.20294118,19.15
8221-EQDGL,1,0,1,0,35,1,0,DSL,1,1,1,0,0,0,Month-to-month,0,Mailed check,2130.45,0,60.87,61
2346-LOCWC,0,0,1,1,58,1,0,No,0,0,0,0,0,0,Two year,0,Credit card (automatic),1191.4,0,20.54137931,20.5
6608-QQLVK,1,0,0,0,1,1,0,DSL,0,0,1,0,0,0,Month-to-month,1,Electronic check,50.5,1,50.5,50.5
0298-XACET,1,0,1,1,52,0,0,DSL,0,1,1,1,1,0,Two year,0,Mailed check,2554,0,49.11538462,50.2
7560-QJAVJ,0,0,0,0,70,1,0,DSL,1,0,1,1,1,1,Two year,0,Bank transfer (automatic),5589.45,0,79.84928571,79.6
2995-YWTCD,0,0,1,1,19,1,1,No,0,0,0,0,0,0,Two year,1,Bank transfer (automatic),467.7,0,24.61578947,24.9
3551-HUAZH,1,1,0,0,1,1,1,Fiber optic,0,0,0,0,0,0,Month-to-month,1,Electronic check,74.4,1,74.4,74.4
9137-UIYPG,0,0,1,1,35,1,0,Fiber optic,1,0,1,1,1,1,Month-to-month,1,Electronic check,3756.45,0,107.3271429,106.9
2809-ZMYOQ,0,0,0,0,32,1,1,Fiber optic,0,0,1,0,1,1,Month-to-month,1,Electronic check,3334.9,0,104.215625,101.35
5084-OOVCJ,0,0,1,1,17,1,0,DSL,1,0,0,1,0,0,Month-to-month,1,Credit card (automatic),920.5,0,54.14705882,55.35
0254-WWRKD,0,0,1,1,67,1,0,DSL,0,1,0,0,0,0,One year,0,Credit card (automatic),3431.75,0,51.22014925,50.55
7727-SHVZV,0,0,0,0,9,1,0,No,0,0,0,0,0,0,Month-to-month,0,Bank transfer (automatic),150.35,0,16.70555556,19.5
6302-JGYRJ,1,0,0,1,31,1,1,DSL,0,1,0,1,1,1,One year,1,Mailed check,2587.7,1,83.47419355,79.45
5339-PXDVH,1,0,0,0,4,1,1,Fiber optic,1,0,0,0,1,0,Month-to-month,0,Electronic check,367.95,0,91.9875,90.65
2205-LPVGL,1,1,1,1,58,1,1,Fiber optic,1,1,0,1,0,0,One year,1,Bank transfer (automatic),5125.75,0,88.375,89.85
8782-NUUOL,1,0,0,0,60,1,0,DSL,1,0,1,1,1,1,One year,0,Mailed check,4801.1,0,80.01833333,79
3685-YLCMQ,1,0,0,0,58,1,1,Fiber optic,0,0,1,1,1,1,One year,1,Electronic check,6219.6,1,107.2344828,104.65
7601-WFVZV,1,0,0,0,1,1,0,No,0,0,0,0,0,0,Month-to-month,0,Mailed check,19.55,0,19.55,19.55
4609-KNNWG,0,0,1,1,27,1,0,No,0,0,0,0,0,0,Two year,0,Mailed check,550.1,0,20.37407407,19.9
4868-AADLV,1,1,1,1,66,1,1,Fiber optic,1,1,1,1,1,1,One year,1,Electronic check,7862.25,0,119.125,114.729
9529-OFXHY,1,0,0,0,15,1,1,Fiber optic,1,0,0,0,1,0,Month-to-month,1,Bank transfer (automatic),1242.2,0,82.81333333,87.75
8634-MPHTR,1,1,1,0,47,1,1,Fiber optic,0,0,1,0,1,1,Month-to-month,1,Electronic check,4871.05,1,103.6393617,100.05
2669-QVCRG,0,0,0,0,41,1,1,Fiber optic,1,0,0,0,0,0,Month-to-month,1,Credit card (automatic),3190.65,0,77.82073171,81.3
2478-EEWWM,1,0,1,0,59,0,0,DSL,0,0,0,0,1,1,Month-to-month,1,Electronic check,2666.75,0,45.19915254,44.3
9174-IHETN,0,0,0,1,50,1,0,Fiber optic,0,0,0,0,0,0,Two year,0,Credit card (automatic),3533.6,0,70.672,70.35
2233-TXSIU,1,0,1,1,17,0,0,DSL,1,0,1,0,1,0,One year,0,Credit card (automatic),792.15,0,46.59705882,44.45
9644-UMGQA,1,0,1,1,6,1,0,DSL,1,0,0,0,0,0,Month-to-month,1,Electronic check,295.65,0,49.275,49.15
3256-EZDBI,1,1,1,0,51,0,0,DSL,0,1,0,0,0,0,Month-to-month,1,Credit card (automatic),1459.35,0,28.61470588,29.45
8761-NSOBC,1,0,0,0,44,1,0,Fiber optic,0,1,0,1,1,1,Month-to-month,0,Electronic check,4398.15,1,99.95795455,100.55
0419-YAAPX,1,0,1,0,49,1,0,Fiber optic,0,1,0,0,1,0,Month-to-month,1,Credit card (automatic),4297.95,0,87.71326531,85.3
8413-VONUO,1,0,0,0,2,1,0,Fiber optic,0,1,0,0,1,1,Month-to-month,0,Electronic check,167.3,1,83.65,95.65
0872-CASZJ,1,0,1,0,59,1,1,DSL,1,0,0,1,0,1,One year,1,Mailed check,4096.9,0,69.43898305,69.1
4726-DLWQN,1,1,0,0,50,1,1,DSL,1,1,0,0,1,0,Month-to-month,1,Bank transfer (automatic),3454.6,0,69.092,70.35
8164-OCKUJ,0,0,1,1,59,1,0,No,0,0,0,0,0,0,Two year,0,Mailed check,1286,0,21.79661017,20.6
3094-JOJAI,1,0,0,0,18,1,1,Fiber optic,0,0,0,0,0,0,Month-to-month,0,Mailed check,1387,0,77.05555556,74.15
9494-MRNYX,1,0,0,0,10,1,1,Fiber optic,0,0,0,0,0,0,Month-to-month,0,Electronic check,786.3,0,78.63,75.05
2599-CZABP,1,0,1,0,14,1,0,DSL,0,0,0,0,0,0,One year,0,Electronic check,641.25,0,45.80357143,44.6
7945-PRBVF,1,0,0,0,35,1,0,No,0,0,0,0,0,0,Two year,0,Bank transfer (automatic),705.45,0,20.15571429,21.45
4544-RXFMG,1,0,1,1,8,1,0,DSL,0,0,0,0,0,0,One year,1,Mailed check,345.5,0,43.1875,43.45
0859-YGKFW,1,0,1,1,18,1,0,No,0,0,0,0,0,0,One year,0,Bank transfer (automatic),345.9,0,19.21666667,20.05
1150-FTQGN,0,0,1,1,60,1,1,Fiber optic,1,1,0,0,1,0,One year,0,Bank transfer (automatic),5811.8,0,96.86333333,94.15
9223-UCPVT,0,0,0,0,1,1,0,Fiber optic,0,0,1,0,1,1,Month-to-month,0,Electronic check,94.4,1,94.4,94.4
7196-LIWRH,0,0,0,0,6,1,0,No,0,0,0,0,0,0,Two year,0,Mailed check,124.45,0,20.74166667,19.55
5448-VWNAM,0,0,0,1,19,1,1,DSL,1,1,0,1,1,0,Month-to-month,1,Mailed check,1375.6,0,72.4,75.9
1177-XZBJL,1,0,1,1,53,1,1,DSL,1,1,0,1,0,0,One year,0,Bank transfer (automatic),3491.55,0,65.87830189,64.15
3518-FSTWG,1,1,1,0,72,1,1,Fiber optic,1,1,1,0,1,1,Two year,1,Bank transfer (automatic),7920.7,0,110.0097222,109.55
9330-VOFSZ,0,0,1,0,60,1,1,Fiber optic,0,1,1,1,1,1,Two year,1,Credit card (automatic),6640.7,0,110.6783333,110.8
4351-QLCSU,0,0,0,0,1,1,0,DSL,0,0,0,0,1,0,Month-to-month,1,Credit card (automatic),55,1,55,55
0939-EREMR,0,0,0,1,13,1,0,DSL,0,0,1,1,0,0,Month-to-month,0,Mailed check,718.1,0,55.23846154,53.45
9389-ACWBI,0,0,1,1,5,1,0,Fiber optic,0,0,0,0,0,0,Month-to-month,0,Credit card (automatic),320.4,0,64.08,69.95
5419-JPRRN,1,0,0,0,1,1,1,Fiber optic,0,0,1,0,1,1,Month-to-month,1,Electronic check,101.45,1,101.45,101.45
3644-QXEHN,1,0,1,1,13,1,0,Fiber optic,0,0,1,0,1,1,Month-to-month,0,Electronic check,1334.45,0,102.65,97
2911-IJORQ,1,0,0,0,37,1,1,DSL,1,1,1,1,1,1,One year,1,Bank transfer (automatic),3358.65,0,90.77432432,90.6
5921-NGYRH,1,0,1,0,64,1,0,Fiber optic,1,0,0,0,0,0,Month-to-month,1,Mailed check,4764,0,74.4375,73.55
2100-BDNSN,0,0,1,0,5,1,1,DSL,0,0,1,1,1,0,Month-to-month,0,Bank transfer (automatic),350.3,1,70.06,67.95
5998-DZLYR,0,0,1,0,61,1,1,Fiber optic,0,1,0,1,0,1,Two year,1,Bank transfer (automatic),5703,0,93.49180328,94.35
0488-GSLFR,0,0,0,0,1,1,0,Fiber optic,0,0,0,0,0,0,Month-to-month,1,Electronic check,69.5,1,69.5,69.5
9318-NKNFC,1,0,0,0,1,1,0,No,0,0,0,0,0,0,Month-to-month,1,Mailed check,18.85,1,18.85,18.85
3985-HOYPM,1,0,0,0,26,1,0,No,0,0,0,0,0,0,One year,0,Mailed check,525.55,0,20.21346154,19.4
9728-FTTVZ,0,0,0,0,1,1,0,Fiber optic,0,0,0,0,0,0,Month-to-month,1,Electronic check,69.2,1,69.2,69.2
9548-LERKT,1,0,1,0,24,1,0,No,0,0,0,0,0,0,Two year,0,Mailed check,483.15,0,20.13125,19.75
6576-FBXOJ,1,0,1,0,17,0,0,DSL,0,0,1,1,1,1,One year,0,Electronic check,934.8,0,54.98823529,54.6
4310-KEDTB,0,0,0,1,26,0,0,DSL,0,0,1,0,0,0,Month-to-month,1,Mailed check,786.5,0,30.25,29.8
7254-IQWOZ,1,0,0,0,1,1,0,Fiber optic,0,0,0,0,0,0,Month-to-month,1,Electronic check,69.65,1,69.65,69.65
2474-BRUCM,1,1,1,0,40,1,1,Fiber optic,1,0,0,0,1,1,Month-to-month,0,Electronic check,4086.3,1,102.1575,101.85
4062-HBMOS,1,0,0,0,52,1,1,Fiber optic,0,1,1,0,1,1,Month-to-month,1,Electronic check,5364.8,0,103.1692308,103.05
0742-NXBGR,0,0,0,0,1,1,0,Fiber optic,0,1,1,0,0,0,Month-to-month,1,Electronic check,82.3,1,82.3,82.3
2676-ISHSF,1,0,0,0,1,1,0,No,0,0,0,0,0,0,Month-to-month,0,Mailed check,20.3,0,20.3,20.3
9236-NDUCW,0,0,0,0,21,0,0,DSL,1,0,0,1,0,0,Two year,0,Mailed check,770.4,0,36.68571429,35.1
4753-PADAS,0,0,1,0,67,1,1,Fiber optic,0,1,1,0,1,1,One year,1,Bank transfer (automatic),6816.95,0,101.7455224,105.7
6103-QCKFX,0,0,1,1,44,1,0,DSL,1,0,0,1,0,0,Month-to-month,0,Bank transfer (automatic),2419.55,0,54.98977273,56.25
7781-EWARA,1,0,1,1,70,0,0,DSL,0,1,1,1,1,1,One year,0,Electronic check,4138.7,0,59.12428571,60.35
6110-OHIHY,1,0,0,0,3,1,0,Fiber optic,0,0,0,0,1,0,Month-to-month,0,Electronic check,267.6,1,89.2,79.25
7018-FPXHH,1,0,1,1,56,1,0,DSL,1,1,1,0,0,0,Two year,1,Bank transfer (automatic),3457.45,0,61.74017857,59.8
5889-LFOLL,0,0,0,0,13,1,1,Fiber optic,0,0,0,0,0,1,Month-to-month,1,Electronic check,1115.2,1,85.78461538,84.6
5708-EVONK,0,0,1,1,58,1,1,Fiber optic,1,1,0,0,0,1,Month-to-month,1,Bank transfer (automatic),5435.6,1,93.71724138,93.4
8708-XPXHZ,0,0,1,1,42,1,1,Fiber optic,0,0,0,0,1,1,Month-to-month,1,Electronic check,4186.3,1,99.67380952,94.2
0616-ATFGB,1,1,1,0,1,0,0,DSL,0,0,0,0,0,0,Month-to-month,0,Electronic check,25.05,1,25.05,25.05
0572-ZJKLT,0,0,1,1,46,1,1,Fiber optic,1,0,1,1,0,1,Two year,0,Mailed check,4630.2,0,100.6565217,99.65
5135-RDDQL,0,0,1,1,63,1,0,DSL,1,0,0,0,0,0,Two year,1,Bank transfer (automatic),3221.25,0,51.13095238,50.65
1353-LJWEM,1,0,0,0,11,1,0,DSL,0,1,1,1,0,0,Month-to-month,1,Electronic check,688.5,0,62.59090909,60.9
1794-SWWKL,1,0,1,1,15,1,1,DSL,0,0,1,1,0,0,Month-to-month,1,Bank transfer (automatic),867.1,0,57.80666667,59.65
6166-YIPFO,1,0,1,0,72,0,0,DSL,1,1,1,1,1,1,Two year,1,Electronic check,4746.05,0,65.91736111,64.7
7016-BPGEU,0,0,0,0,29,0,0,DSL,0,0,0,0,0,0,Month-to-month,1,Credit card (automatic),712.85,1,24.58103448,25.1
6876-ADESB,1,0,0,1,1,1,0,DSL,0,0,1,0,0,0,Month-to-month,0,Electronic check,48.95,1,48.95,48.95
9332-GYWLO,0,0,1,1,6,1,0,DSL,0,0,0,0,1,0,Month-to-month,0,Electronic check,355.1,0,59.18333333,54.85
1963-SVUCV,1,0,0,0,1,1,0,DSL,0,0,0,0,0,0,Month-to-month,0,Electronic check,45.3,1,45.3,45.3
4184-VODJZ,1,0,1,1,63,1,1,Fiber optic,0,1,0,0,0,1,One year,1,Electronic check,5764.7,0,91.5031746,91.35
0220-EBGCE,1,0,0,0,2,1,0,Fiber optic,0,0,1,0,0,1,Month-to-month,1,Electronic check,167.3,1,83.65,85.85
1092-WPIVQ,0,0,1,1,18,1,1,No,0,0,0,0,0,0,Two year,0,Mailed check,428.45,0,23.80277778,25.1
7233-IOQNP,0,0,1,0,43,0,0,DSL,1,0,0,1,0,0,Month-to-month,0,Bank transfer (automatic),1505.35,0,35.00813953,34
2834-JKOOW,0,0,0,0,15,0,0,DSL,1,1,1,1,0,0,One year,0,Mailed check,693.45,0,46.23,45.9
2754-VDLTR,1,0,0,1,10,1,1,Fiber optic,0,0,0,0,1,1,Month-to-month,0,Electronic check,930.4,1,93.04,95.2
2400-FEQME,1,0,1,1,55,1,0,No,0,0,0,0,0,0,Two year,0,Mailed check,1177.95,0,21.41727273,20.5
3190-XFANI,1,0,0,1,49,1,1,Fiber optic,0,0,0,1,1,1,One year,1,Bank transfer (automatic),5069.65,1,103.4622449,100.6
7551-DACSP,1,0,1,1,6,1,0,DSL,0,1,1,0,0,0,Month-to-month,1,Mailed check,324.25,1,54.04166667,55.3
4957-SREEC,1,0,1,1,70,1,0,No,0,0,0,0,0,0,Two year,0,Credit card (automatic),1458.1,0,20.83,20.35
7235-NXZCP,1,1,0,0,2,1,1,Fiber optic,0,0,0,0,0,0,Month-to-month,1,Mailed check,156.4,1,78.2,74.85
0230-UBYPQ,1,1,1,0,63,0,0,DSL,1,0,0,1,0,0,One year,0,Bank transfer (automatic),2298.9,0,36.49047619,36.1
4923-ADWXJ,0,0,0,0,25,1,0,DSL,0,1,0,1,0,1,Month-to-month,1,Bank transfer (automatic),1679.65,0,67.186,65.8
1763-KUAAW,0,1,0,0,18,1,0,No,0,0,0,0,0,0,One year,0,Bank transfer (automatic),369.6,0,20.53333333,20.35
1104-TNLZA,1,1,1,0,28,1,1,Fiber optic,0,1,0,1,1,1,Month-to-month,1,Electronic check,2998,0,107.0714286,105.8
5195-KPUNQ,0,1,0,0,53,1,0,Fiber optic,1,1,0,1,0,1,One year,1,Mailed check,5206.55,0,98.23679245,96.75
0520-FDVVT,1,0,0,0,35,1,0,Fiber optic,0,1,1,0,1,1,One year,1,Bank transfer (automatic),3626.1,1,103.6028571,102.35
3439-GVUSX,1,0,0,0,1,0,0,DSL,0,0,0,0,0,0,Month-to-month,0,Mailed check,24.4,0,24.4,24.4
1444-VVSGW,1,0,1,0,70,1,1,Fiber optic,1,1,1,1,1,1,One year,0,Credit card (automatic),7968.85,1,113.8407143,114.729
5712-PTIWW,1,0,0,0,2,1,0,Fiber optic,0,0,1,1,0,0,Month-to-month,1,Electronic check,152.45,1,76.225,79.85
5949-HGVJL,0,0,1,0,26,1,0,DSL,0,1,0,1,1,1,Month-to-month,1,Electronic check,1959.5,0,75.36538462,73.05
5203-XEHAX,0,0,0,0,34,1,0,DSL,1,1,0,0,0,1,One year,0,Electronic check,2053.05,0,60.38382353,64.35
1635-HDGFT,0,0,0,1,19,1,0,No,0,0,0,0,0,0,Two year,0,Mailed check,398.55,0,20.97631579,20.5
3315-TOTBP,1,0,0,0,15,1,1,Fiber optic,0,0,0,0,0,0,Month-to-month,1,Mailed check,1130.85,1,75.39,76
8050-XGRVL,0,0,1,1,62,1,0,DSL,1,0,1,0,0,0,One year,0,Credit card (automatic),3425.35,0,55.24758065,54.75
6661-HBGWL,0,1,0,0,42,1,1,Fiber optic,0,1,1,0,1,1,Month-to-month,1,Bank transfer (automatic),4323.45,1,102.9392857,104.75
1518-VOWAV,0,0,0,0,9,1,0,DSL,1,1,0,0,1,1,Month-to-month,1,Electronic check,703.55,1,78.17222222,74.65
9828-QHFBK,1,0,0,0,24,1,0,DSL,1,0,0,0,0,0,Month-to-month,1,Electronic check,1275.7,0,53.15416667,51.15
3908-MKIMJ,1,1,1,0,68,0,0,DSL,1,1,1,0,0,0,Two year,1,Electronic check,2965.75,0,43.61397059,41.95
5012-YSPJJ,1,0,1,1,31,1,0,DSL,0,0,1,1,0,0,Month-to-month,0,Mailed check,1647,0,53.12903226,54.35
5909-ECHUI,0,0,0,0,1,1,0,DSL,0,0,0,0,0,1,Month-to-month,1,Electronic check,56.25,1,56.25,56.25
1309-BXVOQ,1,0,1,0,21,1,1,Fiber optic,0,0,1,1,1,1,Month-to-month,1,Electronic check,2249.95,1,107.1404762,106.1
6728-VOIFY,0,0,1,0,63,1,0,Fiber optic,0,1,0,0,1,1,One year,1,Electronic check,6109.75,0,96.98015873,96
9317-WZPGV,0,1,0,0,2,1,0,Fiber optic,0,0,0,0,0,1,Month-to-month,1,Bank transfer (automatic),159.4,1,79.7,79.75
4891-NLUBA,0,0,1,1,61,0,0,DSL,0,1,1,1,1,1,Two year,1,Bank transfer (automatic),3751.15,0,61.4942623,61.45
2856-HYAPG,0,0,0,0,1,1,0,Fiber optic,0,0,0,0,0,0,Month-to-month,0,Electronic check,68.65,1,68.65,68.65
8969-PRHFK,1,0,0,0,18,1,0,No,0,0,0,0,0,0,One year,0,Mailed check,411.25,0,22.84722222,19.65
0661-KQHNK,0,0,1,1,6,1,0,No,0,0,0,0,0,0,One year,0,Credit card (automatic),105.5,0,17.58333333,19
8709-KRDVL,0,0,0,0,33,1,1,Fiber optic,0,1,0,0,1,1,Month-to-month,1,Electronic check,3320.6,0,100.6242424,100
4488-PSYCG,1,0,0,0,16,1,0,No,0,0,0,0,0,0,Month-to-month,0,Bank transfer (automatic),327.45,1,20.465625,20.25
1427-VERSM,0,0,1,0,56,1,0,Fiber optic,0,0,1,1,1,1,Month-to-month,1,Electronic check,5669.5,0,101.2410714,98.7
9801-NOSHQ,1,0,0,1,23,1,0,No,0,0,0,0,0,0,One year,0,Mailed check,465.45,0,20.23695652,19.8
6339-YPSAH,1,0,0,0,9,1,0,Fiber optic,0,0,1,0,0,0,Month-to-month,1,Electronic check,704.3,0,78.25555556,73.8
3621-CEOVK,0,1,1,0,14,1,1,Fiber optic,0,1,0,0,1,1,Month-to-month,1,Electronic check,1369.8,1,97.84285714,100.2
6906-ANDWJ,1,0,1,1,15,1,1,Fiber optic,0,0,0,0,0,0,Month-to-month,1,Bank transfer (automatic),1107.25,1,73.81666667,74.9
2159-TURXX,1,0,0,0,5,1,0,No,0,0,0,0,0,0,Month-to-month,0,Credit card (automatic),95.55,0,19.11,20.05
1548-FEHVL,1,0,1,0,61,1,1,Fiber optic,1,1,0,0,1,1,Month-to-month,1,Electronic check,6375.2,0,104.5114754,106.2
3795-CAWEX,1,0,1,1,70,1,1,Fiber optic,1,1,1,1,1,1,Two year,1,Credit card (automatic),8152.3,0,116.4614286,114.729
6215-NQCPY,1,0,0,0,15,1,1,Fiber optic,1,0,0,0,1,1,Month-to-month,1,Electronic check,1566.75,0,104.45,99.7
5647-URDKA,1,0,1,1,8,1,0,No,0,0,0,0,0,0,Two year,0,Mailed check,130.25,0,16.28125,19.7
2229-DPMBI,0,0,1,1,8,1,0,No,0,0,0,0,0,0,Two year,0,Mailed check,162.15,0,20.26875,19.5
9626-WEQRM,0,0,0,0,4,0,0,DSL,1,0,0,0,0,0,Month-to-month,1,Mailed check,110.05,0,27.5125,29.15
2188-SXWVT,0,0,0,0,34,1,0,DSL,1,1,0,0,0,0,One year,0,Mailed check,1885.15,0,55.44558824,55
6258-PVZWJ,1,0,1,0,68,1,1,DSL,1,1,1,1,1,1,Two year,1,Credit card (automatic),6302.85,0,92.68897059,90.8
1094-BKOSX,0,0,1,1,45,0,0,DSL,0,1,1,1,0,1,One year,0,Bank transfer (automatic),2264.5,0,50.32222222,51
6969-MVBAI,0,1,0,0,9,1,1,Fiber optic,0,0,1,0,1,0,Month-to-month,1,Electronic check,816.8,0,90.75555556,90.1
2978-XXSOG,0,0,0,0,22,1,1,DSL,1,0,0,1,0,0,Month-to-month,1,Mailed check,1253.5,0,56.97727273,59.05
2342-CKIAO,0,0,0,0,2,1,0,No,0,0,0,0,0,0,Month-to-month,0,Mailed check,41.2,0,20.6,20.3
6953-PBDIN,1,0,1,0,70,1,1,DSL,0,1,1,1,1,0,Two year,0,Bank transfer (automatic),5265.55,0,75.22214286,72.95
3898-BSJYF,0,0,0,1,10,1,1,DSL,1,0,1,1,0,1,One year,0,Credit card (automatic),693.3,0,69.33,73.55
3938-YFPXD,1,0,0,0,72,1,1,DSL,1,0,1,1,1,1,Two year,0,Credit card (automatic),5997.1,0,83.29305556,84.3
7696-AMHOD,0,0,1,1,49,1,0,DSL,0,1,1,0,1,1,One year,0,Credit card (automatic),3824.2,0,78.04489796,78
2453-SAFNS,0,1,0,0,54,1,1,DSL,0,1,0,1,1,0,One year,0,Mailed check,3886.05,0,71.96388889,72.1
9558-IHEZX,0,0,0,0,71,1,1,Fiber optic,1,1,1,0,1,1,Two year,1,Credit card (automatic),7283.25,0,102.5809859,106.75
9617-UDPEU,0,0,0,0,22,1,0,No,0,0,0,0,0,0,One year,1,Mailed check,412.55,0,18.75227273,19.25
6340-DACFT,0,0,1,1,50,1,0,No,0,0,0,0,0,0,Two year,0,Credit card (automatic),1070.25,0,21.405,20.55
4955-VCWBI,0,0,1,1,43,1,0,No,0,0,0,0,0,0,One year,0,Mailed check,817.95,0,19.02209302,20
6813-GZQCG,0,0,1,1,45,1,1,No,0,0,0,0,0,0,Two year,1,Credit card (automatic),1171.3,0,26.02888889,24.65
7426-GSWPO,1,1,0,0,64,1,1,Fiber optic,1,1,0,0,1,1,Month-to-month,1,Bank transfer (automatic),6548.65,0,102.3226563,103.5
3389-KTRXV,0,0,1,1,23,1,1,No,0,0,0,0,0,0,Two year,0,Mailed check,625.65,0,27.20217391,23.85
3118-UHVVQ,0,0,1,0,68,1,1,No,0,0,0,0,0,0,Two year,0,Credit card (automatic),1911.5,0,28.11029412,25.8
1031-IIDEO,0,0,0,0,1,1,0,Fiber optic,0,0,0,0,0,0,Month-to-month,1,Electronic check,70.85,1,70.85,70.85
5832-XKAES,1,0,0,0,2,1,0,Fiber optic,0,0,0,0,0,0,Month-to-month,1,Credit card (automatic),134.7,1,67.35,69.8
3205-MXZRA,1,0,0,0,26,1,0,DSL,0,0,0,1,1,0,One year,0,Credit card (automatic),1507,0,57.96153846,59.45
4701-AHWMW,1,0,1,0,55,0,0,DSL,0,0,1,1,1,1,Month-to-month,1,Bank transfer (automatic),2978.3,1,54.15090909,54.55
8317-BVKSO,1,0,0,0,14,1,0,No,0,0,0,0,0,0,Month-to-month,1,Electronic check,299.3,0,21.37857143,20.05
5702-KVQRD,1,0,1,0,71,1,0,DSL,1,0,1,1,1,1,Two year,1,Electronic check,5832.65,0,82.15,82.55
0083-PIVIK,1,0,0,0,64,1,1,DSL,1,1,1,1,1,0,One year,0,Electronic check,5567.55,0,86.99296875,81.25
9210-IAHGH,0,0,0,0,7,1,0,DSL,0,0,0,1,1,1,Month-to-month,1,Credit card (automatic),450.8,1,64.4,70.75
6169-PGNCD,0,0,0,0,57,1,0,DSL,1,1,1,1,1,0,Two year,1,Credit card (automatic),4166.35,0,73.09385965,74.3
0023-XUOPT,0,0,1,0,13,1,1,Fiber optic,0,1,1,0,1,0,Month-to-month,0,Electronic check,1215.6,1,93.50769231,94.1
4592-IWTJI,0,0,1,1,3,0,0,DSL,1,0,0,0,0,0,Month-to-month,0,Credit card (automatic),91.7,1,30.56666667,29.7
4909-JOUPP,1,1,1,0,72,1,1,Fiber optic,0,1,1,1,1,1,Two year,0,Credit card (automatic),7898.45,0,109.7006944,109.7
4657-FWVFY,0,0,1,1,40,1,1,Fiber optic,0,1,1,0,1,0,Month-to-month,1,Credit card (automatic),3915.4,0,97.885,96.35
2257-BOVXD,1,0,1,0,14,1,1,DSL,0,0,0,1,1,0,Month-to-month,1,Credit card (automatic),979.5,0,69.96428571,66.6
7729-JTEEC,1,0,1,1,2,1,0,DSL,0,0,0,0,0,0,Month-to-month,1,Electronic check,90.05,0,45.025,44.5
7632-MNYOY,1,1,0,0,66,1,1,Fiber optic,0,1,1,1,1,1,One year,0,Credit card (automatic),7432.05,1,112.6068182,110.9
6518-LGAOV,0,0,1,0,38,1,1,Fiber optic,0,0,1,1,1,1,Month-to-month,1,Electronic check,4026.4,1,105.9578947,105
7242-QZLXF,1,0,0,1,1,0,0,DSL,0,0,0,0,0,0,Month-to-month,1,Electronic check,25.3,1,25.3,25.3
4576-CSAJH,1,0,0,0,22,1,0,DSL,0,1,0,1,0,0,One year,1,Credit card (automatic),1193.05,1,54.22954545,55.15
1000-AJSLD,1,0,0,0,1,1,0,No,0,0,0,0,0,0,Month-to-month,1,Mailed check,20.1,1,20.1,20.1
9696-RMYBA,1,0,0,0,5,1,0,Fiber optic,0,0,0,0,1,0,Month-to-month,1,Mailed check,398.55,0,79.71,80.1
8690-UPCZI,1,0,1,1,29,1,1,DSL,1,0,0,1,1,0,One year,0,Bank transfer (automatic),1958.45,0,67.53275862,69.05
1062-LHZOD,1,0,1,1,1,1,0,Fiber optic,0,0,0,0,0,0,Month-to-month,1,Mailed check,69.9,1,69.9,69.9
9770-LXDBK,0,0,0,0,3,1,0,No,0,0,0,0,0,0,Month-to-month,0,Mailed check,63.15,0,21.05,20.4
4086-WITJG,1,0,1,1,71,1,0,No,0,0,0,0,0,0,Two year,0,Credit card (automatic),1301.1,0,18.32535211,19.7
8344-WFMFH,1,0,0,1,9,1,0,DSL,0,1,0,0,0,0,Month-to-month,1,Electronic check,484.05,0,53.78333333,50.1
9600-NAXZN,1,0,0,0,43,1,1,Fiber optic,0,1,0,0,1,1,Month-to-month,1,Electronic check,4528,1,105.3023256,101.4
8822-KNBHV,0,0,0,0,48,1,1,DSL,1,1,1,0,1,1,One year,1,Credit card (automatic),3887.85,0,80.996875,83.45
8404-FYDIB,1,0,0,0,26,1,1,Fiber optic,1,1,0,0,0,0,Month-to-month,1,Credit card (automatic),2208.75,0,84.95192308,86.65
2791-SFVEW,0,0,0,0,9,1,0,No,0,0,0,0,0,0,Month-to-month,0,Bank transfer (automatic),238.15,0,26.46111111,20.15
6457-USBER,1,0,0,0,1,1,0,Fiber optic,0,0,0,0,0,1,Month-to-month,1,Electronic check,80.8,1,80.8,80.8
6762-NSODU,0,0,1,1,46,1,0,No,0,0,0,0,0,0,Two year,0,Credit card (automatic),958.15,0,20.82934783,19.4
4662-EKDPQ,1,0,0,0,2,1,1,DSL,0,0,0,0,0,1,Month-to-month,0,Bank transfer (automatic),118.3,1,59.15,62.05
9248-OJYKK,1,1,0,0,1,1,1,Fiber optic,0,0,0,0,0,0,Month-to-month,1,Electronic check,76.45,1,76.45,76.45
9888-ZCUMM,1,0,1,1,64,0,0,DSL,1,0,1,1,1,1,Two year,1,Bank transfer (automatic),3845.45,0,60.08515625,60.05
3398-FSHON,0,1,0,0,12,1,1,Fiber optic,0,1,0,0,1,0,Month-to-month,1,Electronic check,1094.5,1,91.20833333,91.3
3319-DWOEP,1,1,1,0,6,1,0,Fiber optic,0,0,1,0,1,1,Month-to-month,1,Electronic check,573.75,1,95.625,95.75
1074-WVEVG,0,0,1,0,59,1,0,No,0,0,0,0,0,0,One year,0,Mailed check,1267,0,21.47457627,20.35
9979-RGMZT,0,0,0,0,7,1,0,Fiber optic,0,1,0,0,1,1,One year,1,Mailed check,633.45,0,90.49285714,94.05
6437-UDQJM,0,1,1,0,72,1,1,DSL,1,1,1,0,1,1,Two year,1,Credit card (automatic),6129.65,0,85.13402778,84.1
1226-IENZN,1,1,0,0,16,1,0,Fiber optic,0,0,0,0,0,1,Month-to-month,1,Electronic check,1218.25,0,76.140625,78.75
2108-GLPQB,1,0,1,0,25,1,1,DSL,0,0,1,0,0,0,Month-to-month,0,Credit card (automatic),1405.3,0,56.212,55.55
9259-PACGQ,0,0,1,0,34,1,1,DSL,1,1,0,1,0,0,Month-to-month,0,Electronic check,2274.9,1,66.90882353,62.65
4415-IJZTP,0,0,0,0,1,1,1,Fiber optic,0,0,0,0,0,0,Month-to-month,1,Electronic check,74.5,1,74.5,74.5
1465-VINDH,0,0,1,1,10,1,1,Fiber optic,0,1,1,0,1,1,Month-to-month,1,Credit card (automatic),1068.85,1,106.885,102.1
5474-LAMUQ,1,0,1,0,24,1,0,No,0,0,0,0,0,0,One year,0,Mailed check,533.9,0,22.24583333,20.1
3468-DRVQJ,0,0,1,1,10,1,1,DSL,1,1,0,0,1,0,One year,0,Electronic check,676.15,0,67.615,70.3
1122-YJBCS,1,0,1,0,69,1,0,DSL,1,1,0,0,0,0,One year,1,Credit card (automatic),3804.4,0,55.13623188,53.65
4990-ALDGW,1,0,0,0,57,1,0,No,0,0,0,0,0,0,Two year,0,Mailed check,1118.8,0,19.62807018,20.75
4816-OKWNX,1,0,1,1,50,1,0,Fiber optic,0,1,1,1,1,1,One year,1,Bank transfer (automatic),5236.4,0,104.728,103.4
3315-IKYZQ,1,0,1,1,28,0,0,DSL,1,0,1,1,1,0,One year,0,Mailed check,1386.8,0,49.52857143,50.8
2810-FTLEM,0,0,0,0,16,1,0,DSL,1,0,0,0,0,0,Month-to-month,1,Electronic check,762.25,1,47.640625,50.15
4747-LCAQL,1,0,0,0,25,1,0,DSL,1,1,0,1,1,1,Month-to-month,1,Mailed check,1902,0,76.08,79
3411-WLRSQ,0,1,1,0,3,1,0,Fiber optic,0,1,0,0,0,0,Month-to-month,1,Bank transfer (automatic),239.05,0,79.68333333,74.6
0898-XCGTF,1,0,1,0,61,1,1,Fiber optic,0,0,0,0,1,1,One year,1,Bank transfer (automatic),5673.7,0,93.01147541,96.5
8006-PYCSW,0,0,0,0,2,1,0,No,0,0,0,0,0,0,Month-to-month,0,Mailed check,39.8,0,19.9,20.1
8249-THVEC,1,0,1,1,51,1,0,No,0,0,0,0,0,0,One year,0,Mailed check,997.75,0,19.56372549,19.4
8722-PRFDV,0,0,1,1,71,1,0,DSL,1,0,1,0,1,1,Two year,0,Credit card (automatic),5574.35,0,78.51197183,77.55
2164-SOQXL,0,0,1,1,20,1,0,No,0,0,0,0,0,0,Month-to-month,0,Mailed check,406.05,0,20.3025,20.05
4020-KIUDI,1,0,1,1,6,1,0,No,0,0,0,0,0,0,Month-to-month,0,Credit card (automatic),138.85,0,23.14166667,19.85
5850-BDWCY,0,0,0,0,6,1,0,No,0,0,0,0,0,0,Month-to-month,0,Mailed check,123.65,0,20.60833333,20.2
2038-YSEZE,0,0,0,0,29,1,1,DSL,1,1,0,1,0,0,Month-to-month,0,Mailed check,1801.1,0,62.10689655,67.45
0827-ITJPH,1,0,0,0,36,1,0,No,0,0,0,0,0,0,Two year,1,Credit card (automatic),689,0,19.13888889,18.55
8799-OXZMD,0,0,0,0,28,0,0,DSL,0,0,1,0,0,0,Month-to-month,1,Mailed check,790.7,0,28.23928571,29.75
1925-TIBLE,0,0,1,0,7,1,1,Fiber optic,0,0,0,0,1,0,Month-to-month,1,Electronic check,582.5,1,83.21428571,86.5
1705-GUHPV,0,0,0,0,63,1,1,No,0,0,0,0,0,0,Two year,0,Mailed check,1618.2,0,25.68571429,24.2
4779-ZGICK,1,0,1,1,48,1,1,No,0,0,0,0,0,0,Two year,0,Mailed check,1173.35,0,24.44479167,23.55
0048-PIHNL,0,0,1,0,49,1,0,No,0,0,0,0,0,0,One year,0,Bank transfer (automatic),900.9,0,18.38571429,20.45
0818-OCPZO,1,1,0,0,27,1,1,Fiber optic,0,1,0,0,0,0,Month-to-month,1,Electronic check,2122.05,1,78.59444444,81.45
3967-KXAPS,1,0,1,0,72,1,1,DSL,1,1,1,1,1,1,Two year,0,Credit card (automatic),6719.9,0,93.33194444,92.3
1447-GIQMR,1,0,1,0,1,1,0,Fiber optic,0,0,0,0,0,0,Month-to-month,1,Electronic check,69.15,1,69.15,69.15
3704-IEAXF,0,0,1,1,72,0,0,DSL,0,1,0,1,1,1,Two year,0,Credit card (automatic),3784,0,52.55555556,53.65
6810-VCAEX,0,0,0,0,47,0,0,DSL,1,1,0,1,0,0,One year,0,Credit card (automatic),1798.65,0,38.26914894,39.65
0674-EYYZV,0,0,0,0,1,1,0,DSL,0,0,0,0,1,0,Month-to-month,1,Electronic check,54.65,0,54.65,54.65
4480-MBMLB,0,0,0,0,36,1,1,Fiber optic,0,1,1,0,1,1,One year,1,Bank transfer (automatic),3886.45,0,107.9569444,104.8
1395-OFUWC,1,0,1,1,43,0,0,DSL,0,1,0,0,0,0,Month-to-month,0,Credit card (automatic),1224.05,0,28.46627907,29.3
0822-QGCXA,0,1,1,0,27,1,1,DSL,0,1,1,1,1,1,Month-to-month,0,Electronic check,2310.2,0,85.56296296,83.85
0872-NXJYS,0,0,0,0,9,1,0,Fiber optic,0,0,0,0,0,1,Month-to-month,1,Electronic check,723.4,1,80.37777778,79.55
2832-KJCRD,0,0,0,0,38,1,1,Fiber optic,0,0,1,1,1,1,Month-to-month,1,Electronic check,3988.5,0,104.9605263,103.65
3588-WSTTJ,0,1,0,0,35,1,1,Fiber optic,1,0,0,0,1,1,Month-to-month,1,Electronic check,3554.6,0,101.56,99.05
4075-WKNIU,0,0,1,1,0,1,1,DSL,0,1,1,1,1,0,Two year,0,Mailed check,2283.300441,0,inf,73.35
5090-EMGTC,0,0,1,0,59,1,0,Fiber optic,0,1,0,1,1,1,Two year,1,Mailed check,6034.85,0,102.2855932,100.05
2346-CZYIL,1,0,0,0,27,1,0,No,0,0,0,0,0,0,Two year,0,Credit card (automatic),531.6,0,19.68888889,20.35
3798-EPWRR,0,1,0,0,2,1,0,DSL,0,0,0,0,0,0,Month-to-month,0,Electronic check,85.1,0,42.55,43.95
6258-NGCNG,1,0,0,0,7,1,1,No,0,0,0,0,0,0,Month-to-month,0,Mailed check,173,0,24.71428571,23.5
4186-ZBUEW,0,0,0,0,36,1,1,DSL,0,1,0,1,0,1,One year,1,Mailed check,2511.95,0,69.77638889,70.7
5274-XHAKY,0,0,1,1,41,1,1,Fiber optic,1,1,0,0,1,0,Month-to-month,1,Bank transfer (automatic),3893.6,0,94.96585366,94.3
1442-BQPVU,0,0,0,0,13,0,0,DSL,0,1,0,0,0,0,Month-to-month,0,Electronic check,357.15,0,27.47307692,29.15
3978-YNKDD,1,0,0,1,19,1,0,No,0,0,0,0,0,0,Two year,0,Credit card (automatic),467.5,0,24.60526316,20.85
4940-KHCWD,0,0,1,0,60,0,0,DSL,1,1,0,1,0,0,Two year,0,Bank transfer (automatic),2288.7,0,38.145,37.7
9412-ARGBX,0,0,0,1,48,1,0,Fiber optic,0,1,1,1,1,0,Two year,1,Mailed check,4627.85,1,96.41354167,95.5
1389-CXMLU,1,1,0,0,3,1,1,Fiber optic,0,0,1,0,1,0,Month-to-month,0,Electronic check,289.1,1,96.36666667,91.05
9589-ABEPT,1,0,1,0,69,1,1,Fiber optic,0,1,0,1,1,0,Two year,1,Mailed check,6460.55,0,93.63115942,92.45
9388-ZEYVT,1,0,0,0,43,0,0,DSL,0,0,1,1,0,1,One year,0,Electronic check,1931.3,0,44.91395349,44.15
0305-SQECB,0,0,0,1,11,0,0,DSL,1,0,0,1,0,0,One year,1,Mailed check,402.6,0,36.6,36.05
7605-SNLQG,0,0,1,0,45,1,0,DSL,0,0,1,0,0,0,Month-to-month,1,Credit card (automatic),2221.55,0,49.36777778,50.25
4670-TABXH,1,0,1,0,72,1,1,Fiber optic,0,1,1,1,1,1,Two year,1,Credit card (automatic),7758.9,0,107.7625,109.75
5561-NWEVX,0,1,1,0,2,1,1,Fiber optic,0,0,1,0,0,0,Month-to-month,0,Electronic check,172.85,1,86.425,79.2
0064-SUDOG,0,0,1,1,12,1,0,No,0,0,0,0,0,0,Two year,0,Bank transfer (automatic),224.5,0,18.70833333,20.3
8561-NMTBD,0,0,1,1,67,1,1,Fiber optic,0,1,1,1,1,1,One year,1,Credit card (automatic),7388.45,0,110.2753731,112.35
5161-XEUVX,1,0,1,0,37,1,1,Fiber optic,0,0,1,1,1,0,Two year,0,Mailed check,3460.95,0,93.53918919,94.3
8292-FRFZQ,0,0,0,0,39,0,0,DSL,1,1,0,1,0,0,One year,0,Bank transfer (automatic),1700.9,0,43.61282051,41.15
8591-NXRCV,0,0,0,0,41,1,1,DSL,1,0,1,1,0,1,Month-to-month,1,Bank transfer (automatic),3090.65,0,75.38170732,74.65
7895-VONWT,0,0,0,0,25,0,0,DSL,0,0,1,0,1,1,Month-to-month,1,Electronic check,1293.8,0,51.752,48.25
4526-RMTLL,1,0,1,1,8,1,1,DSL,1,1,0,1,0,1,Two year,1,Credit card (automatic),645.8,0,80.725,76.15
6253-GNHWH,0,0,1,1,71,1,1,DSL,1,1,1,1,0,0,Two year,0,Mailed check,5224.95,0,73.59084507,71.1
4566-NECEV,1,0,0,0,5,1,1,Fiber optic,0,1,1,0,0,1,Month-to-month,0,Electronic check,500.1,0,100.02,96.55
8080-POTJR,0,0,0,0,30,1,1,DSL,1,0,1,0,1,1,One year,1,Credit card (automatic),2427.1,0,80.90333333,79.3
6906-MPARY,1,0,0,0,40,1,0,Fiber optic,0,1,0,1,0,1,One year,1,Credit card (automatic),3488.15,0,87.20375,89.6
3662-FXJFO,0,0,0,0,54,1,0,No,0,0,0,0,0,0,Two year,1,Mailed check,1035.7,0,19.17962963,20.5
8107-RZLNV,1,0,1,0,72,1,1,Fiber optic,0,1,1,0,1,1,Two year,1,Bank transfer (automatic),7565.35,0,105.0743056,106.3
0516-OOHAR,1,0,1,1,28,1,0,Fiber optic,0,1,1,0,1,1,One year,0,Bank transfer (automatic),2799,0,99.96428571,100.35
2027-CWDNU,1,0,1,1,18,1,0,Fiber optic,0,0,0,1,0,1,Month-to-month,1,Electronic check,1601.5,0,88.97222222,85.6
2737-WFVYW,0,0,0,0,2,0,0,DSL,0,0,0,0,1,1,Month-to-month,1,Electronic check,85.5,1,42.75,45.25
9912-OMZDS,0,0,1,1,59,1,1,Fiber optic,0,1,1,0,1,1,One year,1,Electronic check,6256.2,0,106.0372881,106.15
3733-ZEECP,1,0,1,1,22,1,0,DSL,0,0,0,1,0,0,Month-to-month,1,Electronic check,1232.9,0,56.04090909,51.1
7878-RTCZG,0,0,0,0,1,1,0,No,0,0,0,0,0,0,Month-to-month,0,Mailed check,19.9,0,19.9,19.9
2452-MRMZF,0,1,1,0,72,1,1,No,0,0,0,0,0,0,Two year,1,Credit card (automatic),1937.4,0,26.90833333,25.7
2272-QAGFO,0,1,0,0,14,1,1,Fiber optic,0,0,0,0,0,0,Month-to-month,1,Electronic check,1096.25,1,78.30357143,74.3
7103-IPXPJ,1,0,1,0,50,1,1,Fiber optic,0,0,0,1,1,1,One year,0,Electronic check,5059.75,0,101.195,99.4
4342-HFXWS,0,0,1,1,48,1,0,DSL,1,0,1,1,1,0,One year,0,Bank transfer (automatic),3023.65,0,62.99270833,69.7
3545-CNWRG,0,0,1,1,49,1,1,Fiber optic,0,1,0,0,1,1,Month-to-month,1,Electronic check,4889.2,0,99.77959184,98.35
1785-BPHTP,1,0,1,1,28,1,0,Fiber optic,0,0,1,0,1,0,Month-to-month,0,Electronic check,2289.9,0,81.78214286,85.45
4989-LIXVT,1,1,0,0,68,1,1,Fiber optic,0,1,1,0,0,1,Month-to-month,1,Electronic check,6503.2,0,95.63529412,95.9
7315-WYOAW,1,0,0,0,13,1,1,Fiber optic,0,0,0,1,1,1,Month-to-month,0,Electronic check,1313.25,0,101.0192308,100.75
1173-XZPYF,0,0,0,0,11,1,1,Fiber optic,0,0,1,0,1,0,Month-to-month,1,Electronic check,990.3,0,90.02727273,89.2
9850-OWRHQ,0,0,1,0,3,1,1,Fiber optic,0,0,0,0,0,0,Month-to-month,1,Credit card (automatic),228,1,76,74.1
3768-NLUBH,1,1,1,0,57,1,1,Fiber optic,0,0,1,0,1,1,Month-to-month,0,Electronic check,5746.15,1,100.8096491,100.6
8676-TRMJS,1,0,0,0,3,1,1,Fiber optic,0,0,0,0,0,0,Month-to-month,0,Mailed check,209.1,1,69.7,75
2509-TFPJU,1,0,1,0,72,1,1,No,0,0,0,0,0,0,Two year,0,Credit card (automatic),1864.2,0,25.89166667,25.75
9530-GRMJG,1,0,1,1,70,1,1,DSL,0,1,1,1,1,1,Two year,1,Electronic check,5979.7,0,85.42428571,84.1
6898-RBTLU,0,0,1,1,49,1,1,DSL,0,1,0,1,1,1,Two year,0,Bank transfer (automatic),3902.45,0,79.64183673,79.3
5481-NTDOH,0,1,1,0,67,1,1,Fiber optic,1,0,1,0,1,1,One year,1,Credit card (automatic),7142.5,0,106.6044776,107.05
2068-WWXQZ,1,0,0,0,46,1,0,No,0,0,0,0,0,0,Two year,0,Bank transfer (automatic),902,0,19.60869565,20.05
7359-SSBJK,0,1,0,0,64,1,0,DSL,1,1,0,1,1,0,Two year,1,Credit card (automatic),4481,1,70.015625,70.2
2061-VVFST,0,0,1,0,37,1,0,No,0,0,0,0,0,0,Month-to-month,0,Bank transfer (automatic),805.2,0,21.76216216,19.5
0685-MLYYM,0,1,0,0,2,1,0,Fiber optic,0,0,0,0,0,0,Month-to-month,0,Electronic check,154.85,1,77.425,70.75
0749-IRGQE,0,1,1,0,13,0,0,DSL,0,0,0,0,1,1,Month-to-month,0,Electronic check,528.45,0,40.65,45.3
2380-DAMQP,0,0,1,0,72,1,1,Fiber optic,1,1,1,1,1,1,Two year,0,Electronic check,8349.7,0,115.9680556,114.729
2256-YLYLP,1,0,1,1,68,1,0,DSL,0,0,1,1,1,1,Two year,1,Bank transfer (automatic),4953.25,0,72.84191176,72.95
1272-ILHFG,1,0,1,1,15,1,0,No,0,0,0,0,0,0,One year,0,Mailed check,332.65,0,22.17666667,19.65
0164-XAIRP,0,0,0,0,24,1,0,No,0,0,0,0,0,0,Two year,1,Bank transfer (automatic),470.2,0,19.59166667,19.55
5666-CYCYZ,0,0,0,0,24,1,1,Fiber optic,0,0,0,1,0,1,Month-to-month,1,Electronic check,2259.35,0,94.13958333,89.55
4011-ARPHK,1,0,0,0,27,1,0,DSL,1,0,0,0,0,0,Month-to-month,0,Mailed check,1411.35,0,52.27222222,50.35
8182-PNAGI,1,0,0,0,12,1,0,DSL,0,0,0,1,0,0,Month-to-month,0,Bank transfer (automatic),593.75,1,49.47916667,50.25
6365-HITVU,0,0,1,1,71,1,0,DSL,1,1,1,1,1,1,Two year,0,Credit card (automatic),6328.7,0,89.13661972,87.25
7558-IMLMT,1,0,1,1,67,1,0,No,0,0,0,0,0,0,Two year,1,Mailed check,1411.9,0,21.07313433,20.8
9488-FYQAU,0,0,1,0,63,1,1,Fiber optic,0,1,1,1,1,1,Two year,1,Bank transfer (automatic),6841.4,0,108.5936508,109.25
3590-TCXTB,1,0,0,0,1,1,0,No,0,0,0,0,0,0,Month-to-month,0,Mailed check,20.35,0,20.35,20.35
6994-KERXL,1,0,0,0,4,1,0,DSL,0,0,0,0,0,1,Month-to-month,1,Electronic check,238.5,0,59.625,55.9
7957-RYHQD,0,1,0,0,40,1,0,Fiber optic,1,1,0,0,0,0,Month-to-month,1,Credit card (automatic),3233.85,1,80.84625,79.2
2180-DXNEG,0,0,0,0,12,1,0,Fiber optic,0,0,1,0,1,1,Month-to-month,1,Electronic check,1062.1,1,88.50833333,96
1960-UOTYM,1,0,1,1,52,1,0,DSL,1,1,1,0,1,1,Two year,0,Electronic check,4016.3,0,77.23653846,79.2
2740-JFBOK,1,0,0,0,10,1,1,No,0,0,0,0,0,0,Month-to-month,1,Electronic check,226.55,0,22.655,24
6500-JVEGC,1,0,0,0,68,1,1,Fiber optic,1,1,1,0,1,0,One year,0,Bank transfer (automatic),7110.75,0,104.5698529,101.35
5515-AKOAJ,0,0,0,0,54,1,1,Fiber optic,0,0,0,1,1,1,Month-to-month,1,Electronic check,5440.9,1,100.7574074,100.1
8976-OQHGT,0,0,1,1,4,1,0,DSL,0,1,0,1,0,0,Month-to-month,0,Mailed check,235.1,1,58.775,56.5
5245-VDBUR,0,0,1,0,52,0,0,DSL,1,0,1,0,0,0,One year,0,Mailed check,1958.95,0,37.67211538,35.45
6230-BSUXY,0,1,0,0,1,1,0,Fiber optic,0,0,1,0,0,1,Month-to-month,1,Electronic check,85,1,85,85
8469-SNFFH,1,0,1,0,70,1,1,DSL,1,1,1,1,1,0,One year,0,Bank transfer (automatic),5528.9,0,78.98428571,79.4
2144-ESWKO,1,0,0,0,43,0,0,DSL,1,0,1,0,0,0,One year,1,Credit card (automatic),1463.7,0,34.03953488,35.2
1241-FPMOF,1,0,0,0,52,1,0,No,0,0,0,0,0,0,Two year,0,Mailed check,1025.05,0,19.7125,19.65
9928-BZVLZ,0,0,0,0,12,0,0,DSL,1,0,1,1,0,1,Two year,0,Mailed check,552.1,0,46.00833333,49.85
4114-QMKVN,0,0,1,1,56,1,1,DSL,1,1,0,0,0,1,One year,0,Bank transfer (automatic),3815.4,0,68.13214286,68.75
2775-SEFEE,1,0,0,1,0,1,1,DSL,1,1,0,1,0,0,Two year,1,Bank transfer (automatic),2283.300441,0,inf,61.9
9003-CPATH,1,0,0,0,42,1,1,Fiber optic,0,0,1,0,0,0,Month-to-month,0,Electronic check,3313.4,0,78.89047619,79.9
1754-GKYPY,1,1,1,0,22,1,0,Fiber optic,0,0,0,0,1,1,Month-to-month,1,Bank transfer (automatic),1938.9,0,88.13181818,89.75
5294-CDGWY,1,0,1,1,51,0,0,DSL,1,1,1,0,1,1,One year,0,Electronic check,3014.65,1,59.11078431,59.3
7956-XQWGU,1,0,0,0,27,1,0,No,0,0,0,0,0,0,Month-to-month,1,Credit card (automatic),460.25,0,17.0462963,19.4
1591-MQJTP,1,1,1,0,51,1,1,Fiber optic,1,0,1,0,0,1,One year,1,Bank transfer (automatic),4839.15,0,94.88529412,93.65
5295-PCJOO,1,0,0,1,4,1,0,DSL,1,0,0,0,0,0,Month-to-month,1,Electronic check,184.4,1,46.1,49.4
2369-FEVNO,1,0,0,0,1,1,0,No,0,0,0,0,0,0,Month-to-month,1,Mailed check,19.9,0,19.9,19.9
9863-JZAIC,1,0,0,0,35,1,0,DSL,0,0,0,0,1,0,Month-to-month,0,Mailed check,2010.55,1,57.44428571,55
7471-MQPOS,1,1,1,1,71,1,1,DSL,0,1,1,1,0,1,One year,1,Bank transfer (automatic),5139.65,0,72.38943662,72.9
7660-HDPJV,0,0,0,0,1,1,0,Fiber optic,0,0,0,0,0,0,Month-to-month,1,Electronic check,69.2,1,69.2,69.2
5115-SQAAU,0,0,1,1,69,1,1,No,0,0,0,0,0,0,Two year,1,Bank transfer (automatic),1673.4,0,24.25217391,25.6
9845-QOMAD,1,0,1,1,14,1,0,No,0,0,0,0,0,0,One year,0,Mailed check,309.35,0,22.09642857,19.75
7672-VFMXZ,1,0,1,0,57,1,0,DSL,1,0,0,1,0,0,Month-to-month,0,Electronic check,3171.6,0,55.64210526,55.7
9739-JLPQJ,0,0,1,1,72,1,1,Fiber optic,1,1,1,1,1,1,Two year,0,Credit card (automatic),8670.1,0,120.4180556,114.729
9916-AYHTC,1,0,0,0,48,1,0,No,0,0,0,0,0,0,Two year,0,Credit card (automatic),916,0,19.08333333,19.85
3855-ONCAR,0,0,1,1,4,1,0,Fiber optic,0,0,0,0,1,0,Month-to-month,1,Mailed check,299.75,0,74.9375,78.9
1488-SYSFC,1,0,1,1,31,1,0,No,0,0,0,0,0,0,Month-to-month,1,Electronic check,702.05,0,22.64677419,20.65
7931-PXHFC,1,0,0,0,38,1,0,DSL,0,0,1,1,0,1,One year,1,Mailed check,2354.8,1,61.96842105,62.3
3990-QYKBE,1,1,1,0,37,1,1,Fiber optic,0,0,0,0,1,1,Month-to-month,1,Electronic check,3473.4,1,93.87567568,92.5
0970-QXPXW,0,0,0,0,1,1,0,No,0,0,0,0,0,0,Month-to-month,0,Mailed check,19.65,0,19.65,19.65
3259-KNMRR,1,1,0,0,57,1,1,DSL,0,1,1,0,1,1,Two year,1,Bank transfer (automatic),4438.2,0,77.86315789,79.75
6120-RJKLU,0,1,1,0,62,1,0,DSL,1,0,1,1,1,1,Two year,1,Credit card (automatic),4819.75,0,77.73790323,79.95
9572-WUKSB,1,0,1,0,3,0,0,DSL,0,0,0,1,0,0,Month-to-month,1,Electronic check,92.25,0,30.75,29.9
5893-KCLGT,0,0,0,1,72,1,0,No,0,0,0,0,0,0,Two year,1,Mailed check,1567,0,21.76388889,19.75
0076-LVEPS,1,0,0,1,29,0,0,DSL,1,1,1,1,0,0,Month-to-month,1,Mailed check,1242.45,0,42.84310345,45
3640-JQGJG,1,0,1,1,13,1,0,DSL,0,0,0,0,0,0,Month-to-month,0,Bank transfer (automatic),559.2,0,43.01538462,44.8
4919-MOAVT,1,0,0,1,3,1,0,Fiber optic,0,0,0,0,0,0,Month-to-month,0,Electronic check,220.1,1,73.36666667,69.65
1596-OQSPS,0,0,0,0,11,1,0,DSL,0,1,0,0,0,0,Month-to-month,0,Electronic check,531.15,0,48.28636364,51.1
9867-XOBQA,0,0,0,1,21,0,0,DSL,1,1,1,1,1,0,Two year,0,Mailed check,1183.2,0,56.34285714,53.15
9546-KDTRB,0,0,0,0,19,1,1,No,0,0,0,0,0,0,Month-to-month,0,Bank transfer (automatic),465.85,0,24.51842105,24.7
3090-HAWSU,1,0,0,0,61,1,1,Fiber optic,1,0,1,1,1,1,Two year,1,Credit card (automatic),6876.05,1,112.7221311,111.6
9820-RMCQV,0,0,0,0,11,1,0,DSL,1,0,0,0,0,0,Month-to-month,0,Credit card (automatic),501,1,45.54545455,48.55
3174-RKMOW,1,0,1,1,35,1,1,Fiber optic,0,1,1,1,1,1,Month-to-month,1,Electronic check,3782.4,0,108.0685714,109.95
1760-CAZHT,1,0,0,1,25,1,0,No,0,0,0,0,0,0,Month-to-month,0,Mailed check,460.2,0,18.408,20.8
7839-QRKXN,0,0,0,0,1,1,0,No,0,0,0,0,0,0,Month-to-month,1,Mailed check,20.2,1,20.2,20.2
8441-SHIPE,0,0,0,0,67,1,1,No,0,0,0,0,0,0,Two year,1,Bank transfer (automatic),1790.35,0,26.72164179,25.6
5204-QZXPU,1,0,0,0,19,0,0,DSL,0,0,1,0,1,0,Month-to-month,1,Electronic check,733.35,1,38.59736842,39.65
4597-ELFTS,1,0,0,0,56,1,1,No,0,0,0,0,0,0,One year,0,Electronic check,1334,1,23.82142857,24.9
1320-GVNHT,1,0,1,1,72,1,1,Fiber optic,1,1,1,0,1,1,Two year,1,Credit card (automatic),7767.25,0,107.8784722,108.4
1047-RNXZV,1,0,0,0,43,1,0,No,0,0,0,0,0,0,Two year,0,Mailed check,876.15,0,20.3755814,19.55
3541-ZNUHK,0,0,1,1,55,1,1,Fiber optic,1,1,0,0,0,0,Month-to-month,1,Electronic check,4600.95,0,83.65363636,85.1
8450-JOVAH,1,0,1,1,2,1,1,DSL,1,0,0,0,0,0,Month-to-month,0,Mailed check,113.55,1,56.775,56.7
8725-JEDFD,1,0,0,0,27,1,0,Fiber optic,0,0,0,0,0,0,Month-to-month,1,Mailed check,1793.25,0,66.41666667,69.05
7562-UXTPG,0,0,0,0,13,1,0,Fiber optic,0,0,0,0,0,0,Month-to-month,1,Mailed check,886.7,0,68.20769231,70.15
8071-SBTRN,0,0,0,0,70,1,1,Fiber optic,1,1,1,0,1,1,Two year,1,Mailed check,7737.55,0,110.5364286,111.15
1113-IUJYX,0,0,1,0,14,1,0,Fiber optic,1,1,0,1,1,1,One year,0,Mailed check,1348.9,1,96.35,105.95
6668-CNMFP,0,0,1,1,19,1,1,Fiber optic,0,0,0,1,0,1,One year,1,Bank transfer (automatic),1686.85,0,88.78157895,89.35
5626-MGTUK,0,0,0,0,20,1,1,Fiber optic,1,0,0,0,1,0,Month-to-month,1,Bank transfer (automatic),1879.25,0,93.9625,89.1
5681-LLOEI,1,0,1,1,43,1,1,Fiber optic,1,0,1,1,0,0,One year,1,Credit card (automatic),4013.8,0,93.34418605,91.25
8212-DJRCH,1,0,1,1,5,1,0,Fiber optic,1,0,1,0,0,1,Month-to-month,1,Mailed check,434.5,0,86.9,90.35
4323-OHFOW,0,1,1,0,70,1,1,Fiber optic,0,1,0,1,1,1,One year,1,Bank transfer (automatic),7195.35,0,102.7907143,105.55
4933-BSAIP,0,0,1,0,40,1,0,No,0,0,0,0,0,0,Two year,0,Mailed check,780.1,0,19.5025,19.1
2030-BTZRO,1,0,1,1,6,1,0,No,0,0,0,0,0,0,Two year,1,Credit card (automatic),107.6,0,17.93333333,20.4
1116-DXXDF,1,0,0,0,39,1,0,Fiber optic,1,0,1,0,1,1,Two year,1,Electronic check,3801.7,0,97.47948718,100.45
9274-CNFMO,1,1,1,0,4,1,1,Fiber optic,0,0,0,0,0,0,Month-to-month,0,Electronic check,308.7,1,77.175,74.95
7758-XKCBS,1,0,0,0,15,0,0,DSL,0,0,0,1,0,0,Month-to-month,1,Electronic check,438.25,1,29.21666667,29.7
8992-JQYUN,1,0,1,0,1,0,0,DSL,0,0,1,0,1,1,Month-to-month,1,Electronic check,50.35,1,50.35,50.35
6563-VNPMN,0,1,0,0,45,1,0,Fiber optic,1,1,0,1,0,0,Month-to-month,1,Bank transfer (automatic),3778.1,0,83.95777778,85.7
0617-AQNWT,0,0,1,0,64,0,0,DSL,1,0,1,1,0,1,Two year,0,Electronic check,3147.5,1,49.1796875,47.85
2267-WTPYD,0,1,1,0,57,1,1,Fiber optic,0,1,1,0,0,1,Month-to-month,0,Credit card (automatic),5438.95,0,95.42017544,94
0270-THENM,1,0,1,1,72,1,1,DSL,1,1,1,1,0,0,Two year,0,Bank transfer (automatic),5102.35,0,70.86597222,69.85
2446-PLQVO,1,0,0,0,1,1,0,Fiber optic,0,0,0,0,0,0,Month-to-month,1,Electronic check,70.3,1,70.3,70.3
4707-MAXGU,1,0,1,0,72,1,1,No,0,0,0,0,0,0,Two year,0,Credit card (automatic),1872.2,0,26.00277778,25.85
2710-WYVXG,0,0,0,0,3,1,0,DSL,1,1,0,1,0,1,Two year,0,Mailed check,213.35,0,71.11666667,71.1
3005-NFMTA,1,1,0,0,55,1,1,Fiber optic,1,0,0,0,1,1,Month-to-month,1,Electronic check,5617.75,1,102.1409091,98.8
6300-BWMJX,0,0,1,0,59,1,1,Fiber optic,0,0,1,1,1,0,Month-to-month,0,Electronic check,5386.5,0,91.29661017,93.35
8784-CGILN,0,0,0,0,18,1,1,Fiber optic,0,0,0,1,1,1,Month-to-month,1,Bank transfer (automatic),1776.95,1,98.71944444,99.85
5389-FFVKB,1,1,1,0,32,1,0,Fiber optic,0,0,0,0,0,1,Month-to-month,1,Credit card (automatic),2483.05,1,77.5953125,80.3
7009-LGECI,0,0,0,0,4,1,0,DSL,1,0,0,0,0,0,Month-to-month,1,Bank transfer (automatic),235.65,0,58.9125,50.55
8444-WRIDW,0,1,0,0,66,1,1,Fiber optic,0,1,0,0,0,0,Month-to-month,1,Credit card (automatic),5224.35,1,79.15681818,80.45
5022-KVDQT,1,0,0,0,27,1,1,Fiber optic,0,0,1,0,0,0,Month-to-month,1,Electronic check,2272.8,0,84.17777778,81.3
7976-CICYS,1,0,0,0,4,1,0,No,0,0,0,0,0,0,Month-to-month,1,Credit card (automatic),83.75,0,20.9375,20.7
1036-GUDCL,1,0,1,1,60,1,0,DSL,1,1,0,1,1,1,Month-to-month,1,Credit card (automatic),4663.4,0,77.72333333,79.05
2005-DWQZJ,0,0,1,1,8,1,0,No,0,0,0,0,0,0,Two year,0,Mailed check,201.7,0,25.2125,19.05
8148-WOCMK,1,0,1,1,8,1,0,No,0,0,0,0,0,0,Two year,0,Credit card (automatic),125,0,15.625,19.6
7815-PDTHL,1,0,0,0,35,1,0,No,0,0,0,0,0,0,Two year,1,Mailed check,684.4,0,19.55428571,20.2
9451-LPGOO,1,0,0,0,7,1,1,Fiber optic,0,0,0,0,0,1,Month-to-month,1,Electronic check,620.35,1,88.62142857,86.8
9173-IVZVP,0,0,1,1,53,1,0,No,0,0,0,0,0,0,Two year,0,Mailed check,1146.05,0,21.62358491,20.9
9129-UXERG,0,1,0,0,18,1,1,Fiber optic,0,1,0,1,1,1,Month-to-month,1,Credit card (automatic),1806.35,0,100.3527778,103.6
3635-JBPSG,0,0,0,0,15,0,0,DSL,0,1,0,0,0,1,Two year,1,Mailed check,603,0,40.2,38.8
7964-ZRKKG,1,0,1,0,67,1,1,Fiber optic,0,1,0,0,1,0,One year,1,Bank transfer (automatic),5798.3,0,86.54179104,88.4
5868-YWPDW,1,1,1,0,6,1,0,Fiber optic,0,1,0,0,0,1,Month-to-month,1,Electronic check,519.15,1,86.525,84.2
6229-LSCKB,1,1,0,0,6,1,0,Fiber optic,0,0,0,0,1,0,Month-to-month,1,Electronic check,497.6,0,82.93333333,79.7
2025-JKFWI,1,0,0,0,13,1,1,Fiber optic,0,0,0,1,1,1,Month-to-month,1,Mailed check,1301.7,1,100.1307692,99
4078-SAYYN,0,0,0,0,11,1,1,Fiber optic,0,0,1,0,1,1,Month-to-month,1,Electronic check,1129.75,1,102.7045455,100.75
1724-IQWNM,1,0,0,1,1,1,0,No,0,0,0,0,0,0,Month-to-month,1,Mailed check,19.3,0,19.3,19.3
8217-QYOHV,1,0,0,0,5,1,0,DSL,1,0,0,1,0,0,Month-to-month,1,Mailed check,266.95,0,53.39,55.75
5546-QUERU,1,0,0,0,13,1,0,No,0,0,0,0,0,0,One year,1,Mailed check,257,0,19.76923077,19.95
9940-HPQPG,0,0,1,0,9,1,1,Fiber optic,1,1,1,0,0,0,Month-to-month,0,Bank transfer (automatic),865.8,1,96.2,91.75
6897-UUBNU,1,0,0,0,29,1,0,Fiber optic,0,1,0,1,1,0,Month-to-month,0,Mailed check,2623.65,0,90.47068966,89.65
6127-IYJOZ,1,1,0,0,1,1,0,DSL,0,0,0,0,0,0,Month-to-month,1,Mailed check,45.85,0,45.85,45.85
6618-RYATB,0,0,0,0,1,1,1,Fiber optic,0,0,1,0,0,0,Month-to-month,1,Mailed check,79.55,1,79.55,79.55
8930-XOTDP,0,0,1,1,18,1,0,DSL,0,0,0,0,1,0,Month-to-month,0,Mailed check,1082.8,0,60.15555556,55.95
5916-QEWPT,0,0,1,0,2,1,0,DSL,0,0,1,0,1,1,Month-to-month,0,Credit card (automatic),147.8,0,73.9,69
5060-TQUQN,1,0,1,1,30,1,1,Fiber optic,0,1,0,1,0,0,Month-to-month,1,Bank transfer (automatic),2570.2,0,85.67333333,83.55
0531-XBKMM,1,0,0,1,66,1,1,DSL,1,1,0,1,0,0,Two year,0,Bank transfer (automatic),4378.9,0,66.3469697,65.7
8465-SBRXP,1,0,1,1,38,1,1,Fiber optic,0,0,1,1,1,0,Two year,1,Bank transfer (automatic),3616.25,0,95.16447368,94.9
2408-PSJVE,1,0,1,1,44,1,0,DSL,0,1,1,1,0,0,Month-to-month,1,Mailed check,2924.05,0,66.45568182,61.9
9079-YEXQJ,0,0,0,0,54,1,1,Fiber optic,0,1,1,1,1,1,Month-to-month,0,Electronic check,6014.85,1,111.3861111,111.1
9700-ZCLOT,1,0,0,0,2,1,0,No,0,0,0,0,0,0,Month-to-month,0,Mailed check,32.7,0,16.35,20
8738-JOKAR,0,0,0,0,42,1,0,DSL,1,1,0,1,0,1,One year,1,Mailed check,2882.25,0,68.625,67.7
4534-WGCIR,0,0,1,1,58,1,1,No,0,0,0,0,0,0,Two year,0,Credit card (automatic),1509.9,0,26.03275862,25.15
1930-WNXSB,1,0,1,1,58,1,0,Fiber optic,0,1,0,0,1,1,Month-to-month,1,Electronic check,5305.05,0,91.46637931,92.85
2685-SREOM,0,0,1,1,25,1,1,Fiber optic,0,0,1,0,0,1,Month-to-month,1,Electronic check,2368.4,1,94.736,89.1
3508-CFVZL,0,0,0,0,71,1,1,Fiber optic,1,1,1,1,1,1,Two year,0,Mailed check,7985.9,0,112.4774648,111.3
0402-CQAJN,0,0,0,0,37,1,1,Fiber optic,0,1,1,0,1,1,Month-to-month,1,Bank transfer (automatic),3545.35,1,95.82027027,101.9
6692-UDPJC,0,0,1,1,14,1,1,Fiber optic,0,0,0,1,1,0,Month-to-month,1,Electronic check,1301,1,92.92857143,91.65
1273-MTETI,0,1,0,0,4,1,1,Fiber optic,0,0,1,0,0,1,Month-to-month,1,Electronic check,372.45,1,93.1125,88.85
0657-DOGUM,0,0,1,0,48,1,1,DSL,1,0,0,1,0,0,One year,1,Bank transfer (automatic),2985.25,0,62.19270833,60.6
5480-HPRRX,0,1,0,0,3,0,0,DSL,0,0,0,0,0,0,Month-to-month,0,Electronic check,77.75,1,25.91666667,25.3
8792-AOROI,0,0,1,0,8,1,0,DSL,1,0,0,1,0,1,Two year,0,Mailed check,564.35,0,70.54375,65.5
0295-PPHDO,1,0,0,0,1,1,1,Fiber optic,0,0,0,0,1,1,Month-to-month,1,Electronic check,95.45,1,95.45,95.45
5146-YYFRZ,1,0,0,0,67,1,0,No,0,0,0,0,0,0,Two year,0,Bank transfer (automatic),1311.75,0,19.57835821,19.95
1195-OIYEJ,1,0,0,0,13,1,0,Fiber optic,0,0,0,0,1,1,Month-to-month,1,Electronic check,1135.7,1,87.36153846,91.1
5906-CVLHP,0,0,1,1,45,1,0,DSL,0,1,0,1,0,0,One year,1,Credit card (automatic),2319.8,1,51.55111111,54.15
3452-SRFEG,1,0,0,0,49,1,1,Fiber optic,0,0,0,0,0,0,Month-to-month,1,Bank transfer (automatic),3720.35,0,75.9255102,74.6
4070-OKWVH,0,0,1,0,52,1,1,Fiber optic,0,1,1,0,1,0,Month-to-month,0,Bank transfer (automatic),5025.8,0,96.65,94.6
5297-MDOIR,0,0,1,0,63,1,0,Fiber optic,1,0,1,0,0,0,One year,1,Credit card (automatic),5224.5,0,82.92857143,81.15
6369-MCAKO,0,0,1,1,68,1,1,DSL,1,1,1,1,1,1,Two year,1,Bank transfer (automatic),6185.8,0,90.96764706,89.05
4926-UMJZD,0,0,1,0,31,1,0,DSL,0,0,0,1,0,0,Month-to-month,1,Mailed check,1498.55,0,48.34032258,49.2
6848-HJTXY,0,0,1,0,64,1,0,No,0,0,0,0,0,0,Two year,0,Credit card (automatic),1208.6,0,18.884375,19.45
6341-AEVKX,0,0,1,0,62,1,0,Fiber optic,1,0,1,1,1,1,One year,1,Electronic check,6613.65,0,106.6717742,104.3
4501-EQDRN,0,0,0,0,1,1,0,Fiber optic,0,0,0,0,0,0,Month-to-month,0,Bank transfer (automatic),69.7,1,69.7,69.7
2990-HWIML,0,0,0,0,6,1,0,Fiber optic,0,0,0,0,1,1,Month-to-month,1,Electronic check,573.3,1,95.55,89.5
0682-USIXD,0,0,1,0,21,1,0,Fiber optic,0,0,0,1,1,0,Month-to-month,1,Electronic check,1818.9,0,86.61428571,86.05
6976-BWGLQ,0,0,1,1,72,1,1,No,0,0,0,0,0,0,Two year,0,Bank transfer (automatic),1787.35,0,24.82430556,25.2
7078-NVFAM,0,0,1,1,32,0,0,DSL,1,1,0,0,0,0,Month-to-month,1,Electronic check,1051.05,0,32.8453125,35.15
8065-QBYTO,0,1,0,0,71,1,1,Fiber optic,1,1,0,1,1,0,One year,1,Credit card (automatic),7181.25,0,101.1443662,99.65
2133-TSRRM,0,0,0,1,34,1,0,Fiber optic,1,1,1,0,1,1,Month-to-month,1,Bank transfer (automatic),3688.6,0,108.4882353,105.35
7384-GHBPI,1,0,1,0,3,0,0,DSL,0,0,0,0,0,1,Month-to-month,1,Electronic check,99.75,1,33.25,35.15
7603-USHJS,1,0,0,1,12,1,1,Fiber optic,0,0,0,0,0,0,Month-to-month,1,Credit card (automatic),871.4,1,72.61666667,73.75
7234-FECYN,0,1,0,0,8,1,1,Fiber optic,0,0,1,0,1,1,Month-to-month,0,Electronic check,780.5,1,97.5625,101.35
2511-ALLCS,0,0,1,1,35,1,1,No,0,0,0,0,0,0,Two year,0,Bank transfer (automatic),821.6,0,23.47428571,24.3
3191-CSNMG,0,0,1,1,3,1,0,Fiber optic,0,0,0,0,1,0,Month-to-month,1,Electronic check,239.45,0,79.81666667,80.7
7952-OBOYL,1,0,0,0,3,1,0,Fiber optic,0,0,1,1,1,0,Month-to-month,1,Mailed check,244.45,0,81.48333333,89.85
7470-DYNOE,1,0,0,0,53,1,0,DSL,0,0,1,0,0,1,One year,1,Electronic check,3357.9,0,63.35660377,61.1
7853-OETYL,0,0,1,0,4,0,0,DSL,1,0,0,0,0,0,Month-to-month,1,Electronic check,129.6,0,32.4,29.05
1545-ACTAS,0,0,1,1,48,1,0,Fiber optic,1,0,1,0,1,1,One year,1,Bank transfer (automatic),4977.2,0,103.6916667,99.7
5876-HZVZM,0,0,1,1,6,1,0,DSL,1,1,0,0,0,0,Month-to-month,0,Credit card (automatic),365.35,1,60.89166667,55.9
1400-MMYXY,1,1,1,0,3,1,1,Fiber optic,0,1,1,0,1,1,Month-to-month,1,Electronic check,334.65,1,111.55,105.9
5126-RCXYW,1,0,1,1,54,0,0,DSL,0,0,1,1,0,1,Two year,0,Credit card (automatic),2424.05,0,44.88981481,46
3085-QUOZK,0,0,0,0,1,1,0,DSL,0,0,0,0,0,0,Month-to-month,0,Mailed check,43.95,1,43.95,43.95
2363-BJLSL,1,0,0,0,62,1,0,DSL,0,1,1,1,1,1,Month-to-month,1,Bank transfer (automatic),4981.15,0,80.34112903,80.4
1956-YIFGE,1,0,1,1,22,1,0,Fiber optic,0,1,1,0,1,1,One year,1,Mailed check,2090.25,0,95.01136364,100.05
3926-CUQZX,1,0,0,0,1,1,0,DSL,0,0,0,0,0,0,Month-to-month,1,Bank transfer (automatic),45.1,1,45.1,45.1
7921-LMDFQ,1,1,0,0,51,1,0,Fiber optic,0,0,1,0,1,1,One year,1,Bank transfer (automatic),4905.75,0,96.19117647,94
2925-MXLSX,0,0,0,0,30,1,1,DSL,0,1,1,0,1,0,One year,1,Credit card (automatic),2038.7,0,67.95666667,68.95
5820-PTRYM,0,1,1,0,56,1,1,DSL,1,1,1,1,0,0,One year,1,Credit card (automatic),4014,0,71.67857143,68.45
9609-BENEA,1,0,1,0,35,1,1,DSL,0,1,0,1,1,0,One year,1,Electronic check,2441.7,0,69.76285714,69
6211-WHMYA,0,1,0,0,64,0,0,DSL,0,1,0,1,1,0,Month-to-month,1,Electronic check,2751,0,42.984375,43.85
4459-BBGHE,1,0,0,1,30,0,0,DSL,0,0,0,0,1,1,Month-to-month,1,Electronic check,1307.8,0,43.59333333,44.5
9945-PSVIP,0,0,1,1,25,1,0,No,0,0,0,0,0,0,Two year,1,Mailed check,383.65,0,15.346,18.7
1041-RXHRA,0,0,0,0,41,1,0,Fiber optic,0,0,0,0,0,0,Month-to-month,0,Bank transfer (automatic),2868.05,1,69.95243902,70.25
1750-CSKKM,1,0,0,1,9,1,0,DSL,0,0,0,0,1,0,Month-to-month,0,Electronic check,449.75,1,49.97222222,55.35
9108-EJFJP,0,0,1,0,1,1,0,DSL,1,1,0,0,0,0,Month-to-month,1,Mailed check,53.55,0,53.55,53.55
0530-IJVDB,1,0,0,1,70,1,1,Fiber optic,1,1,1,1,1,1,Two year,1,Electronic check,7882.5,0,112.6071429,114.6
0508-SQWPL,0,0,1,1,57,1,0,No,0,0,0,0,0,0,Two year,1,Bank transfer (automatic),1087.7,0,19.08245614,20.1
2215-ZAFGX,1,0,0,0,9,1,1,Fiber optic,0,0,0,0,1,0,Month-to-month,1,Electronic check,791.7,0,87.96666667,85.5
8213-TAZPM,0,0,1,1,69,1,1,Fiber optic,0,1,1,1,1,1,One year,1,Bank transfer (automatic),7493.05,0,108.5949275,108.75
7142-HVGBG,1,1,1,0,43,1,1,Fiber optic,0,1,1,0,1,1,Month-to-month,1,Electronic check,4414.3,1,102.6581395,103
1304-SEGFY,0,0,1,0,72,1,1,Fiber optic,0,0,1,0,1,1,Two year,1,Electronic check,6841.3,0,95.01805556,97.85
7242-EDTYC,1,0,0,1,44,1,0,No,0,0,0,0,0,0,Two year,0,Bank transfer (automatic),819.95,0,18.63522727,19.55
2904-GGUAZ,0,0,1,0,72,1,1,Fiber optic,1,1,0,0,0,0,Two year,1,Bank transfer (automatic),6052.25,0,84.05902778,84.05
8267-ZNYVZ,0,0,1,0,33,1,0,Fiber optic,1,0,1,1,1,1,One year,1,Electronic check,3361.05,1,101.85,103.75
5136-GFPMB,1,0,0,0,54,1,1,Fiber optic,0,0,1,0,0,1,Month-to-month,0,Credit card (automatic),4869.5,0,90.17592593,89.4
2595-KIWPV,1,0,0,1,27,1,0,No,0,0,0,0,0,0,Two year,0,Credit card (automatic),509.3,0,18.86296296,19.7
5243-SAOTC,1,0,0,0,54,1,1,Fiber optic,0,1,0,0,0,0,Month-to-month,1,Bank transfer (automatic),4308.25,0,79.78240741,79.85
9398-MMQTO,1,0,0,0,3,1,0,Fiber optic,0,1,0,0,0,0,Month-to-month,0,Credit card (automatic),221.1,0,73.7,74.45
7619-PLRLP,0,0,1,0,53,1,1,DSL,1,1,1,0,0,1,One year,0,Bank transfer (automatic),3833.95,0,72.33867925,74.1
6457-GIRWB,1,0,0,0,1,1,0,Fiber optic,0,0,0,0,0,0,Month-to-month,1,Electronic check,69.35,1,69.35,69.35
6508-NJYRO,1,0,1,0,15,1,0,No,0,0,0,0,0,0,One year,0,Mailed check,294.95,0,19.66333333,18.8
1450-SKCVI,0,0,0,0,56,1,0,Fiber optic,0,1,0,0,0,0,Month-to-month,1,Electronic check,4092.85,1,73.08660714,73.85
4710-NKCAW,1,0,1,1,5,1,1,DSL,1,1,0,1,0,0,Month-to-month,0,Credit card (automatic),316.9,0,63.38,64.4
5306-BVTKJ,1,0,1,1,48,1,0,DSL,0,1,1,0,0,0,One year,1,Credit card (automatic),2651.2,0,55.23333333,55.8
0357-NVCRI,0,0,0,1,25,1,0,No,0,0,0,0,0,0,Month-to-month,0,Credit card (automatic),471.7,0,18.868,20.05
5570-PTWEH,0,0,1,0,3,1,1,Fiber optic,0,0,0,0,0,0,Month-to-month,1,Credit card (automatic),216.75,1,72.25,75.15
2371-KFUOG,1,0,0,0,58,1,0,Fiber optic,1,1,0,0,1,1,One year,0,Bank transfer (automatic),5720.95,0,98.63706897,99.15
0463-ZSDNT,1,0,0,0,10,1,0,DSL,0,0,0,0,0,1,Month-to-month,1,Bank transfer (automatic),503.25,0,50.325,56.75
6502-MJQAE,1,0,0,0,1,1,0,Fiber optic,0,0,0,0,0,0,Month-to-month,1,Electronic check,69.6,1,69.6,69.6
6257-DTAYD,1,0,1,0,71,1,1,Fiber optic,0,1,0,1,1,1,Two year,1,Credit card (automatic),7365.3,0,103.7366197,104.15
4616-ULAOA,0,0,1,1,65,1,1,Fiber optic,0,1,1,1,1,1,Two year,1,Credit card (automatic),7245.9,0,111.4753846,110.8
7693-LCKZL,1,0,1,1,5,1,1,Fiber optic,0,1,0,0,0,0,Month-to-month,1,Electronic check,385,1,77,80.15
7746-AWNQW,0,0,0,0,28,0,0,DSL,0,0,1,1,0,0,Month-to-month,1,Mailed check,961.4,0,34.33571429,35.75
5996-EBTKM,0,0,1,1,67,1,1,DSL,0,0,1,1,0,1,Two year,1,Bank transfer (automatic),4615.9,0,68.89402985,69.9
2758-RNWXS,1,0,0,0,35,1,0,Fiber optic,1,0,0,1,0,1,One year,1,Electronic check,3251.3,0,92.89428571,89.2
2314-TNDJQ,0,0,1,1,72,0,0,DSL,1,1,1,1,0,1,Two year,0,Credit card (automatic),3880.05,0,53.88958333,55.65
2405-LBMUW,0,0,1,1,61,0,0,DSL,1,1,0,1,0,1,One year,1,Bank transfer (automatic),3088.75,0,50.6352459,50.7
3454-JFUBC,1,1,0,0,68,1,0,No,0,0,0,0,0,0,Two year,1,Credit card (automatic),1396,0,20.52941176,20
0032-PGELS,0,0,1,1,1,0,0,DSL,1,0,0,0,0,0,Month-to-month,0,Bank transfer (automatic),30.5,1,30.5,30.5
9039-ZVJDC,1,0,0,0,3,1,0,No,0,0,0,0,0,0,Month-to-month,1,Mailed check,53.05,0,17.68333333,19.1
6797-LNAQX,1,0,1,1,70,1,1,Fiber optic,0,1,0,0,1,1,Two year,0,Bank transfer (automatic),6859.5,1,97.99285714,98.3
9013-AQORL,0,0,0,1,48,0,0,DSL,0,1,1,0,0,1,Month-to-month,0,Credit card (automatic),2108.35,0,43.92395833,45.55
2898-MRKPI,1,0,1,1,68,1,1,Fiber optic,0,1,0,0,1,1,One year,1,Credit card (automatic),6770.5,0,99.56617647,101.05
2750-BJLSB,0,0,0,0,47,1,0,Fiber optic,1,0,1,1,1,1,One year,1,Electronic check,4730.6,0,100.6510638,103.7
3648-GZPHF,1,0,1,1,32,0,0,DSL,0,0,1,1,0,0,One year,1,Mailed check,1151.05,0,35.9703125,36.25
2075-RMJIK,0,0,1,1,5,1,0,DSL,1,0,0,0,0,0,Month-to-month,1,Mailed check,232.55,0,46.51,49.4
9588-YRFHY,1,0,0,0,49,1,0,No,0,0,0,0,0,0,Two year,1,Credit card (automatic),1022.6,0,20.86938776,19.9
6394-MFYNG,0,0,0,0,48,1,1,Fiber optic,0,1,1,0,1,1,Month-to-month,1,Bank transfer (automatic),5121.3,1,106.69375,107.4
1564-NTYXF,0,1,0,0,13,1,1,Fiber optic,0,0,0,0,0,1,Month-to-month,1,Electronic check,1127.2,1,86.70769231,82
9364-YKUVW,1,0,0,0,15,1,0,No,0,0,0,0,0,0,Month-to-month,1,Mailed check,309.4,0,20.62666667,19.8
5392-AKEMH,0,0,0,0,12,1,0,DSL,0,0,0,0,0,0,Month-to-month,1,Electronic check,523.1,0,43.59166667,45.05
2451-YMUXS,1,1,0,0,67,1,1,DSL,1,1,0,1,0,0,Two year,1,Bank transfer (automatic),4250.1,0,63.43432836,64.55
3914-FDRHP,1,0,0,0,9,1,0,Fiber optic,0,0,0,1,1,0,Month-to-month,0,Electronic check,770.5,0,85.61111111,86.25
3078-ZKNTS,0,0,1,1,13,1,0,No,0,0,0,0,0,0,Two year,1,Bank transfer (automatic),246.7,0,18.97692308,19.75
1024-KPRBB,0,0,0,0,38,1,0,Fiber optic,0,0,0,0,1,1,One year,1,Mailed check,3342,0,87.94736842,89.1
4690-PKDQG,0,1,1,0,42,1,1,Fiber optic,0,1,1,0,1,0,Month-to-month,1,Electronic check,3930.6,0,93.58571429,95.55
8155-IBNHG,0,0,1,0,24,1,1,Fiber optic,0,0,0,0,0,0,Month-to-month,1,Credit card (automatic),1747.85,1,72.82708333,75.4
0886-QGENL,0,1,1,0,27,1,0,Fiber optic,1,0,1,0,1,1,Month-to-month,1,Electronic check,2754.45,1,102.0166667,101.25
9547-ITEFG,1,0,1,1,9,1,1,Fiber optic,0,1,1,0,1,1,Month-to-month,1,Credit card (automatic),897.75,0,99.75,102.6
1264-FUHCX,0,0,1,0,49,0,0,DSL,0,1,0,1,1,1,One year,1,Credit card (automatic),2780.6,0,56.74693878,56.3
7789-CRUVC,0,1,1,0,61,1,1,Fiber optic,1,1,1,1,0,0,Month-to-month,1,Credit card (automatic),5895.45,0,96.64672131,94.2
6598-KELSS,1,0,0,1,50,0,0,DSL,1,1,0,0,1,0,One year,1,Bank transfer (automatic),2208.05,0,44.161,43.05
8739-WWKDU,1,1,0,0,25,1,1,Fiber optic,0,1,0,0,1,0,Month-to-month,1,Electronic check,2196.15,1,87.846,89.5
8685-WHQPW,0,1,0,0,22,1,1,Fiber optic,0,0,0,0,0,0,Month-to-month,1,Bank transfer (automatic),1692.6,1,76.93636364,74.4
4745-LSPLO,1,0,0,0,1,1,0,No,0,0,0,0,0,0,Month-to-month,0,Mailed check,20.5,1,20.5,20.5
8083-YTZES,1,0,0,0,4,1,1,Fiber optic,0,0,0,0,0,0,Month-to-month,1,Electronic check,265.35,1,66.3375,74.35
7240-FQLHE,0,1,1,0,18,1,1,Fiber optic,0,0,0,1,1,1,Month-to-month,0,Bank transfer (automatic),1836.25,1,102.0138889,99.75
6664-FPDAC,0,1,0,0,56,1,1,Fiber optic,0,1,1,1,1,1,One year,1,Electronic check,6418.9,1,114.6232143,111.95
9972-VAFJJ,0,1,1,0,53,1,0,Fiber optic,0,1,1,1,1,0,One year,1,Electronic check,4871.45,0,91.91415094,94
0422-UXFAP,0,0,1,0,51,1,1,Fiber optic,0,0,1,0,1,1,One year,1,Electronic check,4947.55,0,97.01078431,98.85
1904-WAJAA,0,0,1,1,24,1,1,DSL,1,1,1,0,0,0,Two year,0,Electronic check,1558.65,0,64.94375,64.35
5130-YPIRV,0,0,1,0,62,1,0,DSL,1,1,1,0,1,0,Two year,1,Credit card (automatic),4284.2,0,69.1,72
2843-CQMEG,1,0,0,0,24,1,0,DSL,0,1,0,0,0,0,Month-to-month,1,Mailed check,1218.25,0,50.76041667,49.7
6439-PKTRR,0,0,1,1,70,1,1,DSL,1,1,1,1,1,0,Two year,0,Electronic check,5617.95,0,80.25642857,80.7
5351-QESIO,1,0,0,1,1,0,0,DSL,0,0,0,0,0,0,Month-to-month,0,Mailed check,24.2,0,24.2,24.2
0786-VSSUD,1,1,0,0,16,0,0,DSL,0,1,0,0,1,0,Month-to-month,1,Mailed check,679.85,1,42.490625,39
5568-DMXZS,0,0,0,0,8,1,0,DSL,0,1,0,1,1,0,Month-to-month,1,Electronic check,554.45,0,69.30625,65.45
8468-FZTOE,0,0,1,1,72,1,0,DSL,1,1,1,1,0,1,Two year,1,Electronic check,5237.4,0,72.74166667,74.35
6633-SYEUS,0,0,0,0,23,1,0,Fiber optic,0,1,1,1,0,0,Month-to-month,0,Bank transfer (automatic),2032.3,0,88.36086957,83.2
6447-GORXK,1,0,0,1,31,0,0,DSL,0,0,0,0,0,0,Month-to-month,0,Credit card (automatic),789.2,0,25.45806452,25
6967-PEJLL,1,0,1,1,37,0,0,DSL,1,0,1,1,0,0,One year,1,Electronic check,1525.35,0,41.22567568,40.2
3976-BWUCK,0,0,1,0,30,1,1,Fiber optic,0,1,0,1,1,0,Month-to-month,1,Credit card (automatic),2804.45,1,93.48166667,94.1
5981-ZVXOT,0,1,0,0,35,1,1,Fiber optic,1,1,1,0,1,1,One year,1,Electronic check,3726.15,0,106.4614286,108.35
1684-FLBGS,0,0,1,1,23,1,1,DSL,0,1,0,1,1,0,Month-to-month,1,Credit card (automatic),1652.1,0,71.83043478,69.5
1389-WNUIB,0,0,1,1,20,1,1,DSL,1,0,0,0,1,1,One year,0,Bank transfer (automatic),1588.75,0,79.4375,76
0376-OIWME,1,0,1,0,36,1,0,Fiber optic,1,0,0,0,1,1,Month-to-month,1,Electronic check,3366.05,0,93.50138889,93.6
3585-ISXZP,0,0,0,0,8,1,1,Fiber optic,0,0,0,0,1,1,Month-to-month,0,Bank transfer (automatic),778.1,1,97.2625,95.65
0218-QNVAS,1,0,1,1,71,1,1,Fiber optic,0,1,0,0,1,1,One year,0,Bank transfer (automatic),7113.75,0,100.193662,100.55
6583-QGCSI,0,1,1,0,50,1,1,Fiber optic,0,1,0,0,1,0,Month-to-month,1,Electronic check,4367.35,1,87.347,88.05
0804-YGEQV,0,0,1,1,43,1,1,No,0,0,0,0,0,0,One year,1,Bank transfer (automatic),993.15,0,23.09651163,24.45
7164-BPTUT,1,0,0,1,57,1,1,DSL,1,1,1,1,1,1,Two year,0,Mailed check,5012.35,0,87.93596491,89.55
4174-LPGTI,0,0,1,1,41,1,0,DSL,0,1,0,1,0,1,One year,1,Bank transfer (automatic),2728.6,1,66.55121951,66.5
2523-EWWZL,0,0,1,0,27,1,0,Fiber optic,0,1,0,0,0,0,Month-to-month,1,Electronic check,2093.4,0,77.53333333,76.1
0928-XUTSN,0,0,0,0,13,1,0,Fiber optic,0,0,0,0,0,1,Month-to-month,1,Electronic check,1011.8,0,77.83076923,80.5
2108-XWMPY,1,0,0,0,3,0,0,DSL,1,1,0,0,0,0,Month-to-month,1,Mailed check,106.85,1,35.61666667,35.45
0052-YNYOT,0,0,0,0,67,1,0,No,0,0,0,0,0,0,One year,0,Electronic check,1343.4,0,20.05074627,20.55
6304-IJFSQ,1,0,0,0,3,1,0,DSL,0,1,0,0,0,0,Month-to-month,1,Mailed check,130.1,1,43.36666667,49.9
9586-JGQKH,0,0,1,0,64,1,1,Fiber optic,0,1,0,1,1,1,Two year,1,Bank transfer (automatic),6794.75,0,106.1679688,105.4
4501-VCPFK,1,0,0,0,26,0,0,DSL,0,0,1,1,0,0,Month-to-month,0,Electronic check,1022.5,0,39.32692308,35.75
6075-SLNIL,1,0,0,0,38,1,1,Fiber optic,0,1,1,0,0,1,Month-to-month,1,Credit card (automatic),3691.2,0,97.13684211,95.1
9347-AERRL,1,0,1,0,23,1,0,No,0,0,0,0,0,0,One year,0,Credit card (automatic),486.2,0,21.13913043,19.3
0093-XWZFY,1,0,0,0,40,1,1,Fiber optic,0,1,1,0,1,1,Month-to-month,1,Credit card (automatic),4036.85,1,100.92125,104.5
2274-XUATA,1,1,1,0,72,0,0,DSL,1,1,1,1,1,1,Two year,1,Bank transfer (automatic),4685.55,0,65.07708333,63.1
1980-KXVPM,0,1,0,0,3,1,1,Fiber optic,0,0,0,0,0,0,Month-to-month,1,Credit card (automatic),256.25,1,85.41666667,75.05
7703-ZEKEF,1,0,0,0,23,1,1,Fiber optic,0,0,1,0,0,0,Month-to-month,1,Electronic check,1917.1,1,83.35217391,81
0723-DRCLG,0,1,1,0,1,1,1,Fiber optic,0,0,0,0,0,0,Month-to-month,1,Electronic check,74.45,1,74.45,74.45
5482-NUPNA,0,0,0,0,4,1,0,DSL,1,1,0,1,0,0,Month-to-month,1,Mailed check,272.15,1,68.0375,60.4
6691-CCIHA,0,0,1,0,62,1,1,DSL,1,1,0,1,1,1,Two year,1,Electronic check,5150.55,0,83.0733871,84.95
1685-BQULA,0,0,0,0,40,1,1,Fiber optic,0,1,1,0,1,0,Month-to-month,1,Bank transfer (automatic),3756.4,0,93.91,93.4
9053-EJUNL,1,0,0,0,41,1,1,Fiber optic,0,1,0,0,1,0,Month-to-month,1,Electronic check,3645.75,0,88.92073171,89.2
0666-UXTJO,1,1,1,0,34,1,0,Fiber optic,0,0,1,0,1,0,Month-to-month,1,Credit card (automatic),2874.45,0,84.54264706,85.2
1471-GIQKQ,0,0,0,0,1,1,0,DSL,0,1,0,0,0,0,Month-to-month,0,Electronic check,49.95,0,49.95,49.95
4807-IZYOZ,0,0,0,0,51,1,0,No,0,0,0,0,0,0,Two year,0,Bank transfer (automatic),1020.75,0,20.01470588,20.65
1122-JWTJW,1,0,1,1,1,1,0,Fiber optic,0,0,0,0,0,0,Month-to-month,1,Mailed check,70.65,1,70.65,70.65
9710-NJERN,0,0,0,0,39,1,0,No,0,0,0,0,0,0,Two year,0,Mailed check,826,0,21.17948718,20.15
9837-FWLCH,1,0,1,1,12,1,0,No,0,0,0,0,0,0,Month-to-month,1,Electronic check,239,0,19.91666667,19.2
1699-HPSBG,1,0,0,0,12,1,0,DSL,0,0,0,1,1,0,One year,1,Electronic check,727.8,1,60.65,59.8
7203-OYKCT,1,0,0,0,72,1,1,Fiber optic,0,1,1,0,1,1,One year,1,Electronic check,7544.3,0,104.7819444,104.95
1035-IPQPU,0,1,1,0,63,1,1,Fiber optic,0,1,1,0,1,1,Month-to-month,1,Electronic check,6479.4,0,102.847619,103.5
7398-LXGYX,1,0,1,0,44,1,1,Fiber optic,1,0,1,0,0,0,Month-to-month,1,Credit card (automatic),3626.35,0,82.41704545,84.8
2823-LKABH,0,0,0,0,18,1,1,Fiber optic,0,0,1,1,0,1,Month-to-month,1,Bank transfer (automatic),1679.4,0,93.3,95.05
8775-CEBBJ,0,0,0,0,9,1,0,DSL,0,0,0,0,0,0,Month-to-month,1,Bank transfer (automatic),403.35,1,44.81666667,44.2
0550-DCXLH,1,0,0,0,13,1,0,DSL,0,1,0,1,1,1,Month-to-month,0,Mailed check,931.55,0,71.65769231,73.35
9281-CEDRU,0,0,1,0,68,1,0,DSL,0,1,0,1,1,0,Two year,0,Bank transfer (automatic),4326.25,0,63.62132353,64.1
2235-DWLJU,0,1,0,0,6,0,0,DSL,0,0,0,0,1,1,Month-to-month,1,Electronic check,263.05,0,43.84166667,44.4
0871-OPBXW,0,0,0,0,2,1,0,No,0,0,0,0,0,0,Month-to-month,1,Mailed check,39.25,0,19.625,20.05
3605-JISKB,1,1,1,0,55,1,1,DSL,1,1,0,0,0,0,One year,0,Credit card (automatic),3316.1,0,60.29272727,60
6894-LFHLY,1,1,0,0,1,1,1,Fiber optic,0,0,0,0,0,0,Month-to-month,1,Electronic check,75.75,1,75.75,75.75
9767-FFLEM,1,0,0,0,38,1,0,Fiber optic,0,0,0,0,0,0,Month-to-month,1,Credit card (automatic),2625.25,0,69.08552632,69.5
0639-TSIQW,0,0,0,0,67,1,1,Fiber optic,1,1,1,0,1,0,Month-to-month,1,Credit card (automatic),6886.25,1,102.7798507,102.95
8456-QDAVC,1,0,0,0,19,1,0,Fiber optic,0,0,0,0,1,0,Month-to-month,1,Bank transfer (automatic),1495.1,0,78.68947368,78.7
7750-EYXWZ,0,0,0,0,12,0,0,DSL,0,1,1,1,1,1,One year,0,Electronic check,743.3,0,61.94166667,60.65
2569-WGERO,0,0,0,0,72,1,0,No,0,0,0,0,0,0,Two year,1,Bank transfer (automatic),1419.4,0,19.71388889,21.15
6840-RESVB,1,0,1,1,24,1,1,DSL,1,0,1,1,1,1,One year,1,Mailed check,1990.5,0,82.9375,84.8
2234-XADUH,0,0,1,1,72,1,1,Fiber optic,0,1,1,0,1,1,One year,1,Credit card (automatic),7362.9,0,102.2625,103.2
4801-JZAZL,0,0,1,1,11,0,0,DSL,1,0,0,0,0,0,Month-to-month,1,Electronic check,346.45,0,31.49545455,29.6
8361-LTMKD,1,1,1,0,4,1,1,Fiber optic,0,0,0,0,0,0,Month-to-month,1,Mailed check,306.6,1,76.65,74.4
3186-AJIEK,1,0,0,0,66,1,0,Fiber optic,1,0,1,1,1,1,Two year,1,Bank transfer (automatic),6844.5,0,103.7045455,105.65
